source,event_id,raw_header_event_id,record_id,waveform_detail_id,stream,raw_filename,network_code,station_id,location_code,component,sampling_interval_s,usable_duration_s,original_units,normalized_units,ndata,parsed_sample_count,raw_duration_derivation,pga_cm_s2,source_header_pga_cm_s2,pga_g,event_date,event_time_utc,latitude,longitude,partition,source_url_or_access_reference,preprocessing_status,source_processing_type,source_quality_class,raw_sha256,processed_sha256,data_license,data_citation,raw_redistribution_allowed,eligibility_status,eligibility_reason
ESM,IT-1980-0030,IT-1980-0030,IT.CNP..HNN.D.IT-1980-0030.ACC.MP.ASC,,HNN,IT.CNP..HNN.D.IT-1980-0030.ACC.MP.ASC,IT,CNP,,horizontal acceleration,0.005,29.83,cm/s^2,m/s^2,5966,5966,explicit:DURATION_S,164.396288,164.396288,0.1676375602269888290088868268,1980-12-01,1980-12-01T19:04:29Z,40.885,15.308,training,https://esm-db.eu/esmws/eventdata/1/query?eventid=IT-1980-0030&catalog=ESM&network=IT&station=CNP&location=&channel=HN%2A&format=ascii&processing-type=MP&data-type=ACC&quality-class=BAD,source_processed:MP;project_unit_normalized:cm/s^2->m/s^2,MP,BAD,d3cd9c638c8c1a57f77a0316115434a03211c74df19e822b631f5769cc67c933,f66df89da913a579e522ae282571b5cbd33f47e75f2d7d707b8ebd734b76fa47,CC-BY3_0-IT (http://creativecommons.org/licenses/by/3.0/deed.en),"Mascandola C., Felicetta C., Russo E., Luzi L., Lanzano G., Sgobba S., Brunelli G., Ramadan F., Pacor F., ORFEUS Strong-Motion SMC (2026). Engineering Strong Motion Database (ESM), version 3.0. Istituto Nazionale di Geofisica e Vulcanologia (INGV). https://doi.org/10.13127/esm.3",false,eligible,
ESM,IT-1980-0030,IT-1980-0030,IT.CR1..HNE.D.IT-1980-0030.ACC.MP.ASC,,HNE,IT.CR1..HNE.D.IT-1980-0030.ACC.MP.ASC,IT,CR1,,horizontal acceleration,0.005,26.025,cm/s^2,m/s^2,5205,5205,explicit:DURATION_S,209.325529,209.325529,0.213452635711481494700024983,1980-12-01,1980-12-01T19:04:29Z,40.885,15.308,training,https://esm-db.eu/esmws/eventdata/1/query?eventid=IT-1980-0030&catalog=ESM&network=IT&station=CR1&location=&channel=HN%2A&format=ascii&processing-type=MP&data-type=ACC&quality-class=BAD,source_processed:MP;project_unit_normalized:cm/s^2->m/s^2,MP,BAD,ad4885ab340d8021f8cbbf17b768a829d13c8ed9c6e1023f0a02e5963e0f25b2,c1029e8e5219082eb8868b707ca7efa2c52f4974eb03293641258cdce931735e,CC-BY3_0-IT (http://creativecommons.org/licenses/by/3.0/deed.en),"Mascandola C., Felicetta C., Russo E., Luzi L., Lanzano G., Sgobba S., Brunelli G., Ramadan F., Pacor F., ORFEUS Strong-Motion SMC (2026). Engineering Strong Motion Database (ESM), version 3.0. Istituto Nazionale di Geofisica e Vulcanologia (INGV). https://doi.org/10.13127/esm.3",false,eligible,
ESM,IT-1980-0030,IT-1980-0030,IT.CNP..HNE.D.IT-1980-0030.ACC.MP.ASC,,HNE,IT.CNP..HNE.D.IT-1980-0030.ACC.MP.ASC,IT,CNP,,horizontal acceleration,0.005,29.83,cm/s^2,m/s^2,5966,5966,explicit:DURATION_S,196.903886,196.903886,0.2007860849525577031912018885,1980-12-01,1980-12-01T19:04:29Z,40.885,15.308,training,https://esm-db.eu/esmws/eventdata/1/query?eventid=IT-1980-0030&catalog=ESM&network=IT&station=CNP&location=&channel=HN%2A&format=ascii&processing-type=MP&data-type=ACC&quality-class=BAD,source_processed:MP;project_unit_normalized:cm/s^2->m/s^2,MP,BAD,be99278e5766c273c433596a933b227c3044169d21047c90338bf8f84d2b5d0a,3e50b488a4d75d7343df032cbdd9e1c0635d6959426b8ebf558fd5061152a174,CC-BY3_0-IT (http://creativecommons.org/licenses/by/3.0/deed.en),"Mascandola C., Felicetta C., Russo E., Luzi L., Lanzano G., Sgobba S., Brunelli G., Ramadan F., Pacor F., ORFEUS Strong-Motion SMC (2026). Engineering Strong Motion Database (ESM), version 3.0. Istituto Nazionale di Geofisica e Vulcanologia (INGV). https://doi.org/10.13127/esm.3",false,eligible,
ESM,IT-1980-0030,IT-1980-0030,IT.CR1..HNN.D.IT-1980-0030.ACC.MP.ASC,,HNN,IT.CR1..HNN.D.IT-1980-0030.ACC.MP.ASC,IT,CR1,,horizontal acceleration,0.005,26.025,cm/s^2,m/s^2,5205,5205,explicit:DURATION_S,301.910318,301.910318,0.3078628461299220426955178374,1980-12-01,1980-12-01T19:04:29Z,40.885,15.308,training,https://esm-db.eu/esmws/eventdata/1/query?eventid=IT-1980-0030&catalog=ESM&network=IT&station=CR1&location=&channel=HN%2A&format=ascii&processing-type=MP&data-type=ACC&quality-class=BAD,source_processed:MP;project_unit_normalized:cm/s^2->m/s^2,MP,BAD,8eeaf222952c5f23ae00fbcbc3c9fd98dfda2d5d971c5b773704756735beab3a,423866685eb4f4c5e0e6442fe912ce5cc7cd3494ab9ac787765dc2010385111a,CC-BY3_0-IT (http://creativecommons.org/licenses/by/3.0/deed.en),"Mascandola C., Felicetta C., Russo E., Luzi L., Lanzano G., Sgobba S., Brunelli G., Ramadan F., Pacor F., ORFEUS Strong-Motion SMC (2026). Engineering Strong Motion Database (ESM), version 3.0. Istituto Nazionale di Geofisica e Vulcanologia (INGV). https://doi.org/10.13127/esm.3",false,eligible,
ESM,EMSC-20071129_0000090,EMSC-20071129_0000090,RA.MAMA.00.HNN.D.EMSC-20071129_0000090.ACC.MP.ASC,,HNN,RA.MAMA.00.HNN.D.EMSC-20071129_0000090.ACC.MP.ASC,RA,MAMA,00,horizontal acceleration,0.005,108.06,cm/s^2,m/s^2,21612,21612,explicit:DURATION_S,184.07273,184.07273,0.1877019471481086813539791876,2007-11-29,2007-11-29T19:00:20Z,14.944,-61.274,training,https://esm-db.eu/esmws/eventdata/1/query?eventid=EMSC-20071129_0000090&catalog=ESM&network=RA&station=MAMA&location=00&channel=HN%2A&format=ascii&processing-type=MP&data-type=ACC&quality-class=GOOD,source_processed:MP;project_unit_normalized:cm/s^2->m/s^2,MP,GOOD,f01bbede2f069a9c169a7e38b6e58e4c0018090bce7740aab0d1774780a3784c,93c0a9e68d0a0ab682a51cfd9d50153dedff07a2295f5ad0bb463e2cab493f1b,CC-BY4_0 (http://creativecommons.org/licenses/by/4.0/),"Mascandola C., Felicetta C., Russo E., Luzi L., Lanzano G., Sgobba S., Brunelli G., Ramadan F., Pacor F., ORFEUS Strong-Motion SMC (2026). Engineering Strong Motion Database (ESM), version 3.0. Istituto Nazionale di Geofisica e Vulcanologia (INGV). https://doi.org/10.13127/esm.3",false,eligible,
ESM,EMSC-20071129_0000090,EMSC-20071129_0000090,RA.MAMA.00.HNE.D.EMSC-20071129_0000090.ACC.MP.ASC,,HNE,RA.MAMA.00.HNE.D.EMSC-20071129_0000090.ACC.MP.ASC,RA,MAMA,00,horizontal acceleration,0.005,108.06,cm/s^2,m/s^2,21612,21612,explicit:DURATION_S,158.966212,158.966212,0.1621004236920864923291847879,2007-11-29,2007-11-29T19:00:20Z,14.944,-61.274,training,https://esm-db.eu/esmws/eventdata/1/query?eventid=EMSC-20071129_0000090&catalog=ESM&network=RA&station=MAMA&location=00&channel=HN%2A&format=ascii&processing-type=MP&data-type=ACC&quality-class=GOOD,source_processed:MP;project_unit_normalized:cm/s^2->m/s^2,MP,GOOD,6c3742382c58f6f5828742644cb9cf3fcb37da5ef30ab1b9a97c1e18277ed4ea,96e901f94b18645c4e3212e980760bb5e1fb83e4c1470d69ce6c18b418180c99,CC-BY4_0 (http://creativecommons.org/licenses/by/4.0/),"Mascandola C., Felicetta C., Russo E., Luzi L., Lanzano G., Sgobba S., Brunelli G., Ramadan F., Pacor F., ORFEUS Strong-Motion SMC (2026). Engineering Strong Motion Database (ESM), version 3.0. Istituto Nazionale di Geofisica e Vulcanologia (INGV). https://doi.org/10.13127/esm.3",false,eligible,
ESM,EMSC-20071129_0000090,EMSC-20071129_0000090,RA.MATR.00.HNE.D.EMSC-20071129_0000090.ACC.MP.ASC,,HNE,RA.MATR.00.HNE.D.EMSC-20071129_0000090.ACC.MP.ASC,RA,MATR,00,horizontal acceleration,0.005,108.06,cm/s^2,m/s^2,21612,21612,explicit:DURATION_S,164.915249,164.915249,0.1681667531725920676275792447,2007-11-29,2007-11-29T19:00:20Z,14.944,-61.274,training,https://esm-db.eu/esmws/eventdata/1/query?eventid=EMSC-20071129_0000090&catalog=ESM&network=RA&station=MATR&location=00&channel=HN%2A&format=ascii&processing-type=MP&data-type=ACC&quality-class=GOOD,source_processed:MP;project_unit_normalized:cm/s^2->m/s^2,MP,GOOD,f243c50edab2370303f5282aa991d60887c28d0acae943058f1ebe26541a0115,0ea6ff48a341498793eadb45de801ba237a786b677e7fb10492309926caac521,CC-BY4_0 (http://creativecommons.org/licenses/by/4.0/),"Mascandola C., Felicetta C., Russo E., Luzi L., Lanzano G., Sgobba S., Brunelli G., Ramadan F., Pacor F., ORFEUS Strong-Motion SMC (2026). Engineering Strong Motion Database (ESM), version 3.0. Istituto Nazionale di Geofisica e Vulcanologia (INGV). https://doi.org/10.13127/esm.3",false,eligible,
ESM,EMSC-20071129_0000090,EMSC-20071129_0000090,RA.MALA.00.HNE.D.EMSC-20071129_0000090.ACC.MP.ASC,,HNE,RA.MALA.00.HNE.D.EMSC-20071129_0000090.ACC.MP.ASC,RA,MALA,00,horizontal acceleration,0.005,108.06,cm/s^2,m/s^2,21612,21612,explicit:DURATION_S,153.117,153.117,0.1561358873825414387176048906,2007-11-29,2007-11-29T19:00:20Z,14.944,-61.274,training,https://esm-db.eu/esmws/eventdata/1/query?eventid=EMSC-20071129_0000090&catalog=ESM&network=RA&station=MALA&location=00&channel=HN%2A&format=ascii&processing-type=MP&data-type=ACC&quality-class=GOOD,source_processed:MP;project_unit_normalized:cm/s^2->m/s^2,MP,GOOD,dd02eadf67d00878657fa80365c27b240e94ae901f2b5bd705f76c93dd6494ac,f1f95b2ec850c40f5ae90b79e18362e92b7bcb65d262192d2a688abf077bce1a,CC-BY4_0 (http://creativecommons.org/licenses/by/4.0/),"Mascandola C., Felicetta C., Russo E., Luzi L., Lanzano G., Sgobba S., Brunelli G., Ramadan F., Pacor F., ORFEUS Strong-Motion SMC (2026). Engineering Strong Motion Database (ESM), version 3.0. Istituto Nazionale di Geofisica e Vulcanologia (INGV). https://doi.org/10.13127/esm.3",false,eligible,
ESM,EMSC-20170118_0000027,EMSC-20170118_0000027,IT.AMT..HGN.D.EMSC-20170118_0000027.ACC.MP.ASC,,HGN,IT.AMT..HGN.D.EMSC-20170118_0000027.ACC.MP.ASC,IT,AMT,,horizontal acceleration,0.005,50,cm/s^2,m/s^2,10000,10000,explicit:DURATION_S,354.433228,354.433228,0.3614213090097025997664849872,2017-01-18,2017-01-18T09:25:41Z,42.5652,13.298,training,https://esm-db.eu/esmws/eventdata/1/query?eventid=EMSC-20170118_0000027&catalog=ESM&network=IT&station=AMT&location=&channel=HG%2A&format=ascii&processing-type=MP&data-type=ACC&quality-class=BAD,source_processed:MP;project_unit_normalized:cm/s^2->m/s^2,MP,BAD,82576a88a142f30d34ec4fc111915aab78d8dc44cba10b11f19d107daef69086,ff7be3bac08bd89a1725825b172ed84c7e0ee932da04e18047c5d2ea89b101f5,CC-BY3_0-IT (http://creativecommons.org/licenses/by/3.0/deed.en),"Mascandola C., Felicetta C., Russo E., Luzi L., Lanzano G., Sgobba S., Brunelli G., Ramadan F., Pacor F., ORFEUS Strong-Motion SMC (2026). Engineering Strong Motion Database (ESM), version 3.0. Istituto Nazionale di Geofisica e Vulcanologia (INGV). https://doi.org/10.13127/esm.3",false,eligible,
ESM,EMSC-20170118_0000027,EMSC-20170118_0000027,8P.T1218..HNN.D.EMSC-20170118_0000027.ACC.MP.ASC,,HNN,8P.T1218..HNN.D.EMSC-20170118_0000027.ACC.MP.ASC,8P,T1218,,horizontal acceleration,0.005,56.7,cm/s^2,m/s^2,11340,11340,explicit:DURATION_S,161.007248,161.007248,0.1641817011925581110776870797,2017-01-18,2017-01-18T09:25:41Z,42.5652,13.298,training,https://esm-db.eu/esmws/eventdata/1/query?eventid=EMSC-20170118_0000027&catalog=ESM&network=8P&station=T1218&location=&channel=HN%2A&format=ascii&processing-type=MP&data-type=ACC&quality-class=GOOD,source_processed:MP;project_unit_normalized:cm/s^2->m/s^2,MP,GOOD,6febdfad0f892787cb5271d0beed9577d6a687572f63deadda8f592d01d1faa3,ec09a3364645d55676360d55342fc7034459c4d86fb40219e92b624439381a20,CC-BY4_0 (http://creativecommons.org/licenses/by/4.0/),"Mascandola C., Felicetta C., Russo E., Luzi L., Lanzano G., Sgobba S., Brunelli G., Ramadan F., Pacor F., ORFEUS Strong-Motion SMC (2026). Engineering Strong Motion Database (ESM), version 3.0. Istituto Nazionale di Geofisica e Vulcanologia (INGV). https://doi.org/10.13127/esm.3",false,eligible,
ESM,EMSC-20170118_0000027,EMSC-20170118_0000027,IT.PCB..HGN.D.EMSC-20170118_0000027.ACC.MP.ASC,,HGN,IT.PCB..HGN.D.EMSC-20170118_0000027.ACC.MP.ASC,IT,PCB,,horizontal acceleration,0.005,46.09,cm/s^2,m/s^2,9218,9218,explicit:DURATION_S,178.523026,178.523026,0.1820428240020802210744749736,2017-01-18,2017-01-18T09:25:41Z,42.5652,13.298,training,https://esm-db.eu/esmws/eventdata/1/query?eventid=EMSC-20170118_0000027&catalog=ESM&network=IT&station=PCB&location=&channel=HG%2A&format=ascii&processing-type=MP&data-type=ACC&quality-class=GOOD,source_processed:MP;project_unit_normalized:cm/s^2->m/s^2,MP,GOOD,79d45c1e4d17210e245a042bb411f093121c202abf417335e7e4076f5f4934ff,85d46bf334949128b45afbf9ec346542379d21e5ef31859309d721a1dcf27416,CC-BY3_0-IT (http://creativecommons.org/licenses/by/3.0/deed.en),"Mascandola C., Felicetta C., Russo E., Luzi L., Lanzano G., Sgobba S., Brunelli G., Ramadan F., Pacor F., ORFEUS Strong-Motion SMC (2026). Engineering Strong Motion Database (ESM), version 3.0. Istituto Nazionale di Geofisica e Vulcanologia (INGV). https://doi.org/10.13127/esm.3",false,eligible,
ESM,EMSC-20170118_0000027,EMSC-20170118_0000027,IT.MSCT..HGN.D.EMSC-20170118_0000027.ACC.MP.ASC,,HGN,IT.MSCT..HGN.D.EMSC-20170118_0000027.ACC.MP.ASC,IT,MSCT,,horizontal acceleration,0.005,48.4,cm/s^2,m/s^2,9680,9680,explicit:DURATION_S,152.228531,152.228531,0.1552299011385131517898568828,2017-01-18,2017-01-18T09:25:41Z,42.5652,13.298,training,https://esm-db.eu/esmws/eventdata/1/query?eventid=EMSC-20170118_0000027&catalog=ESM&network=IT&station=MSCT&location=&channel=HG%2A&format=ascii&processing-type=MP&data-type=ACC&quality-class=GOOD,source_processed:MP;project_unit_normalized:cm/s^2->m/s^2,MP,GOOD,f04a2e203e6f026414a1b584a8a91e1b217858173bfb8364541c76d1fb5f0f68,07ec2c3dc93f1d6a2b4458cc00d83660331d3bd1ac292ac567ecdcc67b4c2dd0,CC-BY3_0-IT (http://creativecommons.org/licenses/by/3.0/deed.en),"Mascandola C., Felicetta C., Russo E., Luzi L., Lanzano G., Sgobba S., Brunelli G., Ramadan F., Pacor F., ORFEUS Strong-Motion SMC (2026). Engineering Strong Motion Database (ESM), version 3.0. Istituto Nazionale di Geofisica e Vulcanologia (INGV). https://doi.org/10.13127/esm.3",false,eligible,
ESM,IT-1998-0054,IT-1998-0054,IT.NOCE..HNE.D.IT-1998-0054.ACC.MP.ASC,,HNE,IT.NOCE..HNE.D.IT-1998-0054.ACC.MP.ASC,IT,NOCE,,horizontal acceleration,0.005,47,cm/s^2,m/s^2,9400,9400,explicit:DURATION_S,276.38776,276.38776,0.2818370799406525164046845763,1998-04-03,1998-04-03T07:26:36Z,43.177,12.786,training,https://esm-db.eu/esmws/eventdata/1/query?eventid=IT-1998-0054&catalog=ESM&network=IT&station=NOCE&location=&channel=HN%2A&format=ascii&processing-type=MP&data-type=ACC&quality-class=GOOD,source_processed:MP;project_unit_normalized:cm/s^2->m/s^2,MP,GOOD,86c0de04fea3f780b32276ecf364b508a5e55a33cdfb3b48e28245dc0b77004a,438e64b1c247d1edb1b7d0e6aaa2304f6428bb5033a3dabfc14dd1ebbc7340c5,CC-BY3_0-IT (http://creativecommons.org/licenses/by/3.0/deed.en),"Mascandola C., Felicetta C., Russo E., Luzi L., Lanzano G., Sgobba S., Brunelli G., Ramadan F., Pacor F., ORFEUS Strong-Motion SMC (2026). Engineering Strong Motion Database (ESM), version 3.0. Istituto Nazionale di Geofisica e Vulcanologia (INGV). https://doi.org/10.13127/esm.3",false,eligible,
ESM,IT-1998-0054,IT-1998-0054,IT.NCR2..HNE.D.IT-1998-0054.ACC.MP.ASC,,HNE,IT.NCR2..HNE.D.IT-1998-0054.ACC.MP.ASC,IT,NCR2,,horizontal acceleration,0.005,31,cm/s^2,m/s^2,6200,6200,explicit:DURATION_S,282.275155,282.275155,0.2878405520743577062503505274,1998-04-03,1998-04-03T07:26:36Z,43.177,12.786,training,https://esm-db.eu/esmws/eventdata/1/query?eventid=IT-1998-0054&catalog=ESM&network=IT&station=NCR2&location=&channel=HN%2A&format=ascii&processing-type=MP&data-type=ACC&quality-class=GOOD,source_processed:MP;project_unit_normalized:cm/s^2->m/s^2,MP,GOOD,a284f3bb9f515718417c5258ef855b248f43f0ffad93b52c3dc86fdbadf51c7d,b125485338bbea6770b2c36a3edc249adf7255f9f0634e5a6f1e3262aca2d88f,CC-BY3_0-IT (http://creativecommons.org/licenses/by/3.0/deed.en),"Mascandola C., Felicetta C., Russo E., Luzi L., Lanzano G., Sgobba S., Brunelli G., Ramadan F., Pacor F., ORFEUS Strong-Motion SMC (2026). Engineering Strong Motion Database (ESM), version 3.0. Istituto Nazionale di Geofisica e Vulcanologia (INGV). https://doi.org/10.13127/esm.3",false,eligible,
ESM,IT-1998-0054,IT-1998-0054,IT.NCB..HNE.D.IT-1998-0054.ACC.MP.ASC,,HNE,IT.NCB..HNE.D.IT-1998-0054.ACC.MP.ASC,IT,NCB,,horizontal acceleration,0.005,23.025,cm/s^2,m/s^2,4605,4605,explicit:DURATION_S,307.741388,307.741388,0.3138088827479312507329210281,1998-04-03,1998-04-03T07:26:36Z,43.177,12.786,training,https://esm-db.eu/esmws/eventdata/1/query?eventid=IT-1998-0054&catalog=ESM&network=IT&station=NCB&location=&channel=HN%2A&format=ascii&processing-type=MP&data-type=ACC&quality-class=BAD,source_processed:MP;project_unit_normalized:cm/s^2->m/s^2,MP,BAD,6d59258f7a56cf971ba7efdd0da4414030e024a1032b2d743733925ae8f4c7ac,67e926360b94b0ec5780122cc0c12203c8d87e485ec9fd75d6c82e4f97322ef8,CC-BY3_0-IT (http://creativecommons.org/licenses/by/3.0/deed.en),"Mascandola C., Felicetta C., Russo E., Luzi L., Lanzano G., Sgobba S., Brunelli G., Ramadan F., Pacor F., ORFEUS Strong-Motion SMC (2026). Engineering Strong Motion Database (ESM), version 3.0. Istituto Nazionale di Geofisica e Vulcanologia (INGV). https://doi.org/10.13127/esm.3",false,eligible,
ESM,IT-1998-0054,IT-1998-0054,IT.NOCE..HNN.D.IT-1998-0054.ACC.MP.ASC,,HNN,IT.NOCE..HNN.D.IT-1998-0054.ACC.MP.ASC,IT,NOCE,,horizontal acceleration,0.005,47,cm/s^2,m/s^2,9400,9400,explicit:DURATION_S,566.769445,566.769445,0.5779439920870021872912768377,1998-04-03,1998-04-03T07:26:36Z,43.177,12.786,training,https://esm-db.eu/esmws/eventdata/1/query?eventid=IT-1998-0054&catalog=ESM&network=IT&station=NOCE&location=&channel=HN%2A&format=ascii&processing-type=MP&data-type=ACC&quality-class=GOOD,source_processed:MP;project_unit_normalized:cm/s^2->m/s^2,MP,GOOD,caf76aa41995fb6b01acb576e2219ac3cfb1cfa717254319cd0e8feaf311e9a9,d0938e36ea2f78dae2a31a59b18f25f15af9105b96cdd46c3df6a7930183e7cd,CC-BY3_0-IT (http://creativecommons.org/licenses/by/3.0/deed.en),"Mascandola C., Felicetta C., Russo E., Luzi L., Lanzano G., Sgobba S., Brunelli G., Ramadan F., Pacor F., ORFEUS Strong-Motion SMC (2026). Engineering Strong Motion Database (ESM), version 3.0. Istituto Nazionale di Geofisica e Vulcanologia (INGV). https://doi.org/10.13127/esm.3",false,eligible,
ESM,EMSC-20160824_0000013,EMSC-20160824_0000013,IT.FOC..HGN.D.EMSC-20160824_0000013.ACC.MP.ASC,,HGN,IT.FOC..HGN.D.EMSC-20160824_0000013.ACC.MP.ASC,IT,FOC,,horizontal acceleration,0.005,40,cm/s^2,m/s^2,8000,8000,explicit:DURATION_S,157.538834,157.538834,0.160644903203438483070161574,2016-08-24,2016-08-24T02:33:29Z,42.798,13.1611,training,https://esm-db.eu/esmws/eventdata/1/query?eventid=EMSC-20160824_0000013&catalog=ESM&network=IT&station=FOC&location=&channel=HG%2A&format=ascii&processing-type=MP&data-type=ACC&quality-class=BAD,source_processed:MP;project_unit_normalized:cm/s^2->m/s^2,MP,BAD,79a8fbc566be6d993d5950a2a54a4f490fe368b39490f67e98ad8c9ce2ae7f6f,cd32ba589bf14b620d1db400b55467481513070533110e6ed99e086e473410ab,CC-BY3_0-IT (http://creativecommons.org/licenses/by/3.0/deed.en),"Mascandola C., Felicetta C., Russo E., Luzi L., Lanzano G., Sgobba S., Brunelli G., Ramadan F., Pacor F., ORFEUS Strong-Motion SMC (2026). Engineering Strong Motion Database (ESM), version 3.0. Istituto Nazionale di Geofisica e Vulcanologia (INGV). https://doi.org/10.13127/esm.3",false,eligible,
ESM,EMSC-20160824_0000013,EMSC-20160824_0000013,IT.FOC..HGE.D.EMSC-20160824_0000013.ACC.MP.ASC,,HGE,IT.FOC..HGE.D.EMSC-20160824_0000013.ACC.MP.ASC,IT,FOC,,horizontal acceleration,0.005,40,cm/s^2,m/s^2,8000,8000,explicit:DURATION_S,174.533325,174.533325,0.177974461207445967787164832,2016-08-24,2016-08-24T02:33:29Z,42.798,13.1611,training,https://esm-db.eu/esmws/eventdata/1/query?eventid=EMSC-20160824_0000013&catalog=ESM&network=IT&station=FOC&location=&channel=HG%2A&format=ascii&processing-type=MP&data-type=ACC&quality-class=BAD,source_processed:MP;project_unit_normalized:cm/s^2->m/s^2,MP,BAD,6998c72f6af885186252f8e0e9a0e1b7b62ff156b3726fd59b49dad55920653d,9d8a0918f1b3779fd5fde9a99c01a2bbd81249d7629a366e94ecc0bbec477789,CC-BY3_0-IT (http://creativecommons.org/licenses/by/3.0/deed.en),"Mascandola C., Felicetta C., Russo E., Luzi L., Lanzano G., Sgobba S., Brunelli G., Ramadan F., Pacor F., ORFEUS Strong-Motion SMC (2026). Engineering Strong Motion Database (ESM), version 3.0. Istituto Nazionale di Geofisica e Vulcanologia (INGV). https://doi.org/10.13127/esm.3",false,eligible,
ESM,EMSC-20160824_0000013,EMSC-20160824_0000013,IT.NRC..HGN.D.EMSC-20160824_0000013.ACC.MP.ASC,,HGN,IT.NRC..HGN.D.EMSC-20160824_0000013.ACC.MP.ASC,IT,NRC,,horizontal acceleration,0.005,47.145,cm/s^2,m/s^2,9429,9429,explicit:DURATION_S,190.801727,190.801727,0.194563614486088521564448614,2016-08-24,2016-08-24T02:33:29Z,42.798,13.1611,training,https://esm-db.eu/esmws/eventdata/1/query?eventid=EMSC-20160824_0000013&catalog=ESM&network=IT&station=NRC&location=&channel=HG%2A&format=ascii&processing-type=MP&data-type=ACC&quality-class=GOOD,source_processed:MP;project_unit_normalized:cm/s^2->m/s^2,MP,GOOD,6770b56f4c43e5a9b8e49e10f7a942a308634f1f983967a77ecd33b906fb46be,1f8fa591ca71638690e2283f091379a5fe1685cedad9e672b5a4c2de543376e2,CC-BY3_0-IT (http://creativecommons.org/licenses/by/3.0/deed.en),"Mascandola C., Felicetta C., Russo E., Luzi L., Lanzano G., Sgobba S., Brunelli G., Ramadan F., Pacor F., ORFEUS Strong-Motion SMC (2026). Engineering Strong Motion Database (ESM), version 3.0. Istituto Nazionale di Geofisica e Vulcanologia (INGV). https://doi.org/10.13127/esm.3",false,eligible,
ESM,EMSC-20160824_0000013,EMSC-20160824_0000013,IT.NRC..HGE.D.EMSC-20160824_0000013.ACC.MP.ASC,,HGE,IT.NRC..HGE.D.EMSC-20160824_0000013.ACC.MP.ASC,IT,NRC,,horizontal acceleration,0.005,47.145,cm/s^2,m/s^2,9429,9429,explicit:DURATION_S,167.009262,167.009262,0.1703020521788786180805881723,2016-08-24,2016-08-24T02:33:29Z,42.798,13.1611,training,https://esm-db.eu/esmws/eventdata/1/query?eventid=EMSC-20160824_0000013&catalog=ESM&network=IT&station=NRC&location=&channel=HG%2A&format=ascii&processing-type=MP&data-type=ACC&quality-class=GOOD,source_processed:MP;project_unit_normalized:cm/s^2->m/s^2,MP,GOOD,60dcb3db2b5a73f86074f51dff63f49c7d11f7b2cf74d5ecb93d4163ea251287,e97e82e03654ccb48568e32b96a223be811557ee8285df07c429b1f43642d89b,CC-BY3_0-IT (http://creativecommons.org/licenses/by/3.0/deed.en),"Mascandola C., Felicetta C., Russo E., Luzi L., Lanzano G., Sgobba S., Brunelli G., Ramadan F., Pacor F., ORFEUS Strong-Motion SMC (2026). Engineering Strong Motion Database (ESM), version 3.0. Istituto Nazionale di Geofisica e Vulcanologia (INGV). https://doi.org/10.13127/esm.3",false,eligible,
ESM,IT-2009-0121,IT-2009-0121,IT.GSA..HNE.D.IT-2009-0121.ACC.MP.ASC,,HNE,IT.GSA..HNE.D.IT-2009-0121.ACC.MP.ASC,IT,GSA,,horizontal acceleration,0.005,94,cm/s^2,m/s^2,18800,18800,explicit:DURATION_S,164.349167,164.349167,0.1675895101793170960521686815,2009-04-09,2009-04-09T00:52:59Z,42.489,13.351,training,https://esm-db.eu/esmws/eventdata/1/query?eventid=IT-2009-0121&catalog=ESM&network=IT&station=GSA&location=&channel=HN%2A&format=ascii&processing-type=MP&data-type=ACC&quality-class=GOOD,source_processed:MP;project_unit_normalized:cm/s^2->m/s^2,MP,GOOD,ccd52ab78a09f786b2f07eb83cb2a8a4a4205acaebaf0461b99ef6e6dd2f632e,e46a926191511a71864ec6f677d1e776c2a64aea3237a6a9f7c0ea6f5b4167be,CC-BY3_0-IT (http://creativecommons.org/licenses/by/3.0/deed.en),"Mascandola C., Felicetta C., Russo E., Luzi L., Lanzano G., Sgobba S., Brunelli G., Ramadan F., Pacor F., ORFEUS Strong-Motion SMC (2026). Engineering Strong Motion Database (ESM), version 3.0. Istituto Nazionale di Geofisica e Vulcanologia (INGV). https://doi.org/10.13127/esm.3",false,eligible,
ESM,IT-2009-0121,IT-2009-0121,IT.PCB..HNN.D.IT-2009-0121.ACC.MP.ASC,,HNN,IT.PCB..HNN.D.IT-2009-0121.ACC.MP.ASC,IT,PCB,,horizontal acceleration,0.005,50.005,cm/s^2,m/s^2,10001,10001,explicit:DURATION_S,294.206818,294.206818,0.3000074622832465724788791279,2009-04-09,2009-04-09T00:52:59Z,42.489,13.351,training,https://esm-db.eu/esmws/eventdata/1/query?eventid=IT-2009-0121&catalog=ESM&network=IT&station=PCB&location=&channel=HN%2A&format=ascii&processing-type=MP&data-type=ACC&quality-class=GOOD,source_processed:MP;project_unit_normalized:cm/s^2->m/s^2,MP,GOOD,bfaae6f4723bff335d8336e5ff8444ba10cd77f577bd111c188842602733319a,8c8ee8358055651db05672344b8fdbe883900042b6d1273dbb9d9037f640128d,CC-BY3_0-IT (http://creativecommons.org/licenses/by/3.0/deed.en),"Mascandola C., Felicetta C., Russo E., Luzi L., Lanzano G., Sgobba S., Brunelli G., Ramadan F., Pacor F., ORFEUS Strong-Motion SMC (2026). Engineering Strong Motion Database (ESM), version 3.0. Istituto Nazionale di Geofisica e Vulcanologia (INGV). https://doi.org/10.13127/esm.3",false,eligible,
ESM,IT-2009-0121,IT-2009-0121,IT.AQV..HNE.D.IT-2009-0121.ACC.MP.ASC,,HNE,IT.AQV..HNE.D.IT-2009-0121.ACC.MP.ASC,IT,AQV,,horizontal acceleration,0.005,83,cm/s^2,m/s^2,16600,16600,explicit:DURATION_S,152.464783,152.464783,0.1554708111332616132930205524,2009-04-09,2009-04-09T00:52:59Z,42.489,13.351,training,https://esm-db.eu/esmws/eventdata/1/query?eventid=IT-2009-0121&catalog=ESM&network=IT&station=AQV&location=&channel=HN%2A&format=ascii&processing-type=MP&data-type=ACC&quality-class=GOOD,source_processed:MP;project_unit_normalized:cm/s^2->m/s^2,MP,GOOD,c9c113f26ad7a428feb9b0050c4effe79b775f2293b46dd6409cba065d7f2db4,fae9fea868482b652c74b951f67404f3bf14c5036982237ab0cd57b526d643bb,CC-BY3_0-IT (http://creativecommons.org/licenses/by/3.0/deed.en),"Mascandola C., Felicetta C., Russo E., Luzi L., Lanzano G., Sgobba S., Brunelli G., Ramadan F., Pacor F., ORFEUS Strong-Motion SMC (2026). Engineering Strong Motion Database (ESM), version 3.0. Istituto Nazionale di Geofisica e Vulcanologia (INGV). https://doi.org/10.13127/esm.3",false,eligible,
ESM,IT-2009-0121,IT-2009-0121,IT.PCB..HNE.D.IT-2009-0121.ACC.MP.ASC,,HNE,IT.PCB..HNE.D.IT-2009-0121.ACC.MP.ASC,IT,PCB,,horizontal acceleration,0.005,50.005,cm/s^2,m/s^2,10001,10001,explicit:DURATION_S,202.21109,202.21109,0.206197926916939015871882855,2009-04-09,2009-04-09T00:52:59Z,42.489,13.351,training,https://esm-db.eu/esmws/eventdata/1/query?eventid=IT-2009-0121&catalog=ESM&network=IT&station=PCB&location=&channel=HN%2A&format=ascii&processing-type=MP&data-type=ACC&quality-class=GOOD,source_processed:MP;project_unit_normalized:cm/s^2->m/s^2,MP,GOOD,4f0fda1d41c34b00de215799f4f41adc4ad9c8b17c1d7dfb1cc8f81f27a47701,04290723c4361a3ef1d437c646aad2c199cdab5c99fbe7c69b0d83e45120e20f,CC-BY3_0-IT (http://creativecommons.org/licenses/by/3.0/deed.en),"Mascandola C., Felicetta C., Russo E., Luzi L., Lanzano G., Sgobba S., Brunelli G., Ramadan F., Pacor F., ORFEUS Strong-Motion SMC (2026). Engineering Strong Motion Database (ESM), version 3.0. Istituto Nazionale di Geofisica e Vulcanologia (INGV). https://doi.org/10.13127/esm.3",false,eligible,
ESM,IT-2012-0010,IT-2012-0010,5G.T0819..HNN.D.IT-2012-0010.ACC.MP.ASC,,HNN,5G.T0819..HNN.D.IT-2012-0010.ACC.MP.ASC,5G,T0819,,horizontal acceleration,0.005,60.005,cm/s^2,m/s^2,12001,12001,explicit:DURATION_S,245.38266,245.38266,0.2502206767856505534509745938,2012-05-29,2012-05-29T10:55:56Z,44.8652,10.9795,training,https://esm-db.eu/esmws/eventdata/1/query?eventid=IT-2012-0010&catalog=ESM&network=5G&station=T0819&location=&channel=HN%2A&format=ascii&processing-type=MP&data-type=ACC&quality-class=BEST,source_processed:MP;project_unit_normalized:cm/s^2->m/s^2,MP,BEST,46bf471ee4f010ca6c141f5b00d2de9e4b0b2022641556d911cb118095c593cc,5952983c1a5d0eba39a744fd4ba004e742a8958b62ddbf4e4be717b5033dc90b,CC-BY4_0 (http://creativecommons.org/licenses/by/4.0/),"Mascandola C., Felicetta C., Russo E., Luzi L., Lanzano G., Sgobba S., Brunelli G., Ramadan F., Pacor F., ORFEUS Strong-Motion SMC (2026). Engineering Strong Motion Database (ESM), version 3.0. Istituto Nazionale di Geofisica e Vulcanologia (INGV). https://doi.org/10.13127/esm.3",false,eligible,
ESM,IT-2012-0010,IT-2012-0010,IT.MRN..HNN.D.IT-2012-0010.ACC.MP.ASC,,HNN,IT.MRN..HNN.D.IT-2012-0010.ACC.MP.ASC,IT,MRN,,horizontal acceleration,0.005,119.85,cm/s^2,m/s^2,23970,23970,explicit:DURATION_S,197.841721,197.841721,0.2017424105071558585245726114,2012-05-29,2012-05-29T10:55:56Z,44.8652,10.9795,training,https://esm-db.eu/esmws/eventdata/1/query?eventid=IT-2012-0010&catalog=ESM&network=IT&station=MRN&location=&channel=HN%2A&format=ascii&processing-type=MP&data-type=ACC&quality-class=GOOD,source_processed:MP;project_unit_normalized:cm/s^2->m/s^2,MP,GOOD,d48d939f5239df39cad4499051a93a6e3d739cd0bccf20c1c5f2985e4f2dfb23,1f2b279a6da5b2229603bced07d88c144d0b9b90a8f649c7c9ac62d5987ebdd4,CC-BY3_0-IT (http://creativecommons.org/licenses/by/3.0/deed.en),"Mascandola C., Felicetta C., Russo E., Luzi L., Lanzano G., Sgobba S., Brunelli G., Ramadan F., Pacor F., ORFEUS Strong-Motion SMC (2026). Engineering Strong Motion Database (ESM), version 3.0. Istituto Nazionale di Geofisica e Vulcanologia (INGV). https://doi.org/10.13127/esm.3",false,eligible,
ESM,IT-2012-0010,IT-2012-0010,TV.MIR01..HNN.D.IT-2012-0010.ACC.MP.ASC,,HNN,TV.MIR01..HNN.D.IT-2012-0010.ACC.MP.ASC,TV,MIR01,,horizontal acceleration,0.005,100.005,cm/s^2,m/s^2,20001,20001,explicit:DURATION_S,254.333796,254.333796,0.2593482952894209541484604834,2012-05-29,2012-05-29T10:55:56Z,44.8652,10.9795,training,https://esm-db.eu/esmws/eventdata/1/query?eventid=IT-2012-0010&catalog=ESM&network=TV&station=MIR01&location=&channel=HN%2A&format=ascii&processing-type=MP&data-type=ACC&quality-class=GOOD,source_processed:MP;project_unit_normalized:cm/s^2->m/s^2,MP,GOOD,0d09a93d0284c522b21cfa58bf77a3734488adf15b9e4cf22d58ac4357739eff,52c9493766ad55ef034b6586f38297e86ae19dc9c6eb45ce7a1d5a80055f2532,CC-BY4_0 (http://creativecommons.org/licenses/by/4.0/),"Mascandola C., Felicetta C., Russo E., Luzi L., Lanzano G., Sgobba S., Brunelli G., Ramadan F., Pacor F., ORFEUS Strong-Motion SMC (2026). Engineering Strong Motion Database (ESM), version 3.0. Istituto Nazionale di Geofisica e Vulcanologia (INGV). https://doi.org/10.13127/esm.3",false,eligible,
ESM,IT-2012-0010,IT-2012-0010,5G.T0814..HNE.D.IT-2012-0010.ACC.MP.ASC,,HNE,5G.T0814..HNE.D.IT-2012-0010.ACC.MP.ASC,5G,T0814,,horizontal acceleration,0.005,100.005,cm/s^2,m/s^2,20001,20001,explicit:DURATION_S,237.931763,237.931763,0.2426228763135219468421938175,2012-05-29,2012-05-29T10:55:56Z,44.8652,10.9795,training,https://esm-db.eu/esmws/eventdata/1/query?eventid=IT-2012-0010&catalog=ESM&network=5G&station=T0814&location=&channel=HN%2A&format=ascii&processing-type=MP&data-type=ACC&quality-class=GOOD,source_processed:MP;project_unit_normalized:cm/s^2->m/s^2,MP,GOOD,95e3451697b79d18e03b5dddc62342501e818dece0e6d83fc69833f1ccac5360,1f4525bba0dc00eb22ce2f196bd65f80240f2a2a1dda854055b5995186784d96,CC-BY4_0 (http://creativecommons.org/licenses/by/4.0/),"Mascandola C., Felicetta C., Russo E., Luzi L., Lanzano G., Sgobba S., Brunelli G., Ramadan F., Pacor F., ORFEUS Strong-Motion SMC (2026). Engineering Strong Motion Database (ESM), version 3.0. Istituto Nazionale di Geofisica e Vulcanologia (INGV). https://doi.org/10.13127/esm.3",false,eligible,
ESM,EMSC-20161026_0000133,EMSC-20161026_0000133,IT.CMI..HGN.D.EMSC-20161026_0000133.ACC.MP.ASC,,HGN,IT.CMI..HGN.D.EMSC-20161026_0000133.ACC.MP.ASC,IT,CMI,,horizontal acceleration,0.005,43.44,cm/s^2,m/s^2,8688,8688,explicit:DURATION_S,202.937576,202.937576,0.2069387364696404990491146314,2016-10-26,2016-10-26T21:42:02Z,42.8701,13.1272,training,https://esm-db.eu/esmws/eventdata/1/query?eventid=EMSC-20161026_0000133&catalog=ESM&network=IT&station=CMI&location=&channel=HG%2A&format=ascii&processing-type=MP&data-type=ACC&quality-class=GOOD,source_processed:MP;project_unit_normalized:cm/s^2->m/s^2,MP,GOOD,80b3862585916a87de1876b5c9458c47446c91cfe34e67733972cf0df1a9d37c,164ffa4dd71515dfc916b1839bb8c98593290c8b493cfbed7d49ffdde8c6efda,CC-BY3_0-IT (http://creativecommons.org/licenses/by/3.0/deed.en),"Mascandola C., Felicetta C., Russo E., Luzi L., Lanzano G., Sgobba S., Brunelli G., Ramadan F., Pacor F., ORFEUS Strong-Motion SMC (2026). Engineering Strong Motion Database (ESM), version 3.0. Istituto Nazionale di Geofisica e Vulcanologia (INGV). https://doi.org/10.13127/esm.3",false,eligible,
ESM,EMSC-20161026_0000133,EMSC-20161026_0000133,IT.CMI..HGE.D.EMSC-20161026_0000133.ACC.MP.ASC,,HGE,IT.CMI..HGE.D.EMSC-20161026_0000133.ACC.MP.ASC,IT,CMI,,horizontal acceleration,0.005,43.44,cm/s^2,m/s^2,8688,8688,explicit:DURATION_S,208.109955,208.109955,0.2122130951956070625544910851,2016-10-26,2016-10-26T21:42:02Z,42.8701,13.1272,training,https://esm-db.eu/esmws/eventdata/1/query?eventid=EMSC-20161026_0000133&catalog=ESM&network=IT&station=CMI&location=&channel=HG%2A&format=ascii&processing-type=MP&data-type=ACC&quality-class=GOOD,source_processed:MP;project_unit_normalized:cm/s^2->m/s^2,MP,GOOD,0d7f2114b67cdb1d34064a8903d364393d6c976d17ed0cdcdcf2526906170d9d,ac6a3457913375a3b9d8f5cc3e21ea155099a05f9525f5f264b15655a9d1061e,CC-BY3_0-IT (http://creativecommons.org/licenses/by/3.0/deed.en),"Mascandola C., Felicetta C., Russo E., Luzi L., Lanzano G., Sgobba S., Brunelli G., Ramadan F., Pacor F., ORFEUS Strong-Motion SMC (2026). Engineering Strong Motion Database (ESM), version 3.0. Istituto Nazionale di Geofisica e Vulcanologia (INGV). https://doi.org/10.13127/esm.3",false,eligible,
ESM,EMSC-20161026_0000133,EMSC-20161026_0000133,8P.T1245..HNE.D.EMSC-20161026_0000133.ACC.MP.ASC,,HNE,8P.T1245..HNE.D.EMSC-20161026_0000133.ACC.MP.ASC,8P,T1245,,horizontal acceleration,0.005,63.2,cm/s^2,m/s^2,12640,12640,explicit:DURATION_S,229.573364,229.573364,0.2340996813386834443974241968,2016-10-26,2016-10-26T21:42:02Z,42.8701,13.1272,training,https://esm-db.eu/esmws/eventdata/1/query?eventid=EMSC-20161026_0000133&catalog=ESM&network=8P&station=T1245&location=&channel=HN%2A&format=ascii&processing-type=MP&data-type=ACC&quality-class=GOOD,source_processed:MP;project_unit_normalized:cm/s^2->m/s^2,MP,GOOD,8368fe98412547fc96112fbe8b305cb425d1d9ff32fa9f5f2eb7dec661866ace,ee967e0ab8309c137700b3d3a236175fb12e5d8a2c90d69cc73d64dd672fa3ac,CC-BY4_0 (http://creativecommons.org/licenses/by/4.0/),"Mascandola C., Felicetta C., Russo E., Luzi L., Lanzano G., Sgobba S., Brunelli G., Ramadan F., Pacor F., ORFEUS Strong-Motion SMC (2026). Engineering Strong Motion Database (ESM), version 3.0. Istituto Nazionale di Geofisica e Vulcanologia (INGV). https://doi.org/10.13127/esm.3",false,eligible,
ESM,EMSC-20161026_0000133,EMSC-20161026_0000133,IT.CNE..HGN.D.EMSC-20161026_0000133.ACC.MP.ASC,,HGN,IT.CNE..HGN.D.EMSC-20161026_0000133.ACC.MP.ASC,IT,CNE,,horizontal acceleration,0.005,43.345,cm/s^2,m/s^2,8669,8669,explicit:DURATION_S,166.012741,166.012741,0.1692858835586056400503739809,2016-10-26,2016-10-26T21:42:02Z,42.8701,13.1272,training,https://esm-db.eu/esmws/eventdata/1/query?eventid=EMSC-20161026_0000133&catalog=ESM&network=IT&station=CNE&location=&channel=HG%2A&format=ascii&processing-type=MP&data-type=ACC&quality-class=GOOD,source_processed:MP;project_unit_normalized:cm/s^2->m/s^2,MP,GOOD,21169f64d7087bd4d915afe0241da7458c17c9932c034fe74e648ab265bbc00d,bd7c7d13bb6bd5eff836a390f228556054266bea72f19898f00502b16eb0916d,CC-BY3_0-IT (http://creativecommons.org/licenses/by/3.0/deed.en),"Mascandola C., Felicetta C., Russo E., Luzi L., Lanzano G., Sgobba S., Brunelli G., Ramadan F., Pacor F., ORFEUS Strong-Motion SMC (2026). Engineering Strong Motion Database (ESM), version 3.0. Istituto Nazionale di Geofisica e Vulcanologia (INGV). https://doi.org/10.13127/esm.3",false,eligible,
ESM,EMSC-20161026_0000077,EMSC-20161026_0000077,8P.T1212..HNE.D.EMSC-20161026_0000077.ACC.MP.ASC,,HNE,8P.T1212..HNE.D.EMSC-20161026_0000077.ACC.MP.ASC,8P,T1212,,horizontal acceleration,0.005,35.555,cm/s^2,m/s^2,7111,7111,explicit:DURATION_S,176.708481,176.708481,0.1801925030464021862715606247,2016-10-26,2016-10-26T17:10:37Z,42.8883,13.1397,training,https://esm-db.eu/esmws/eventdata/1/query?eventid=EMSC-20161026_0000077&catalog=ESM&network=8P&station=T1212&location=&channel=HN%2A&format=ascii&processing-type=MP&data-type=ACC&quality-class=GOOD,source_processed:MP;project_unit_normalized:cm/s^2->m/s^2,MP,GOOD,720da5d3c62eb02a57424423d7bf5affd892bed66a81d7b43dd350e4034722ef,213717ef1a17df832098fb7d7e4ada9ee54c4222eccb84c79e9cece96ed38af0,CC-BY4_0 (http://creativecommons.org/licenses/by/4.0/),"Mascandola C., Felicetta C., Russo E., Luzi L., Lanzano G., Sgobba S., Brunelli G., Ramadan F., Pacor F., ORFEUS Strong-Motion SMC (2026). Engineering Strong Motion Database (ESM), version 3.0. Istituto Nazionale di Geofisica e Vulcanologia (INGV). https://doi.org/10.13127/esm.3",false,eligible,
ESM,EMSC-20161026_0000077,EMSC-20161026_0000077,IT.MCV..HGE.D.EMSC-20161026_0000077.ACC.MP.ASC,,HGE,IT.MCV..HGE.D.EMSC-20161026_0000077.ACC.MP.ASC,IT,MCV,,horizontal acceleration,0.005,32.105,cm/s^2,m/s^2,6421,6421,explicit:DURATION_S,201.225037,201.225037,0.2051924326859834907945118873,2016-10-26,2016-10-26T17:10:37Z,42.8883,13.1397,training,https://esm-db.eu/esmws/eventdata/1/query?eventid=EMSC-20161026_0000077&catalog=ESM&network=IT&station=MCV&location=&channel=HG%2A&format=ascii&processing-type=MP&data-type=ACC&quality-class=GOOD,source_processed:MP;project_unit_normalized:cm/s^2->m/s^2,MP,GOOD,3045e3c208a44f156bd6e5dbc1289e2e2997ea46d45e0df08a9344d713ed834a,f776978f67c15107a6edc05574eaf4ce27df04ac7160881d69cd2aa3a33abaf6,CC-BY3_0-IT (http://creativecommons.org/licenses/by/3.0/deed.en),"Mascandola C., Felicetta C., Russo E., Luzi L., Lanzano G., Sgobba S., Brunelli G., Ramadan F., Pacor F., ORFEUS Strong-Motion SMC (2026). Engineering Strong Motion Database (ESM), version 3.0. Istituto Nazionale di Geofisica e Vulcanologia (INGV). https://doi.org/10.13127/esm.3",false,eligible,
ESM,EMSC-20161026_0000077,EMSC-20161026_0000077,IT.PRE..HGE.D.EMSC-20161026_0000077.ACC.MP.ASC,,HGE,IT.PRE..HGE.D.EMSC-20161026_0000077.ACC.MP.ASC,IT,PRE,,horizontal acceleration,0.005,38.42,cm/s^2,m/s^2,7684,7684,explicit:DURATION_S,170.653723,170.653723,0.1740183681481443714214334151,2016-10-26,2016-10-26T17:10:37Z,42.8883,13.1397,training,https://esm-db.eu/esmws/eventdata/1/query?eventid=EMSC-20161026_0000077&catalog=ESM&network=IT&station=PRE&location=&channel=HG%2A&format=ascii&processing-type=MP&data-type=ACC&quality-class=GOOD,source_processed:MP;project_unit_normalized:cm/s^2->m/s^2,MP,GOOD,c0aef1ef7e4743b1039458a118f44d08421f14da022633916b778b613514408c,c40d16b3f6c1d07f6764fe2c7550086f2a0b3712e3f3eb3a87b049c75f64a90d,CC-BY3_0-IT (http://creativecommons.org/licenses/by/3.0/deed.en),"Mascandola C., Felicetta C., Russo E., Luzi L., Lanzano G., Sgobba S., Brunelli G., Ramadan F., Pacor F., ORFEUS Strong-Motion SMC (2026). Engineering Strong Motion Database (ESM), version 3.0. Istituto Nazionale di Geofisica e Vulcanologia (INGV). https://doi.org/10.13127/esm.3",false,eligible,
ESM,EMSC-20161026_0000077,EMSC-20161026_0000077,IT.NOR..HGE.D.EMSC-20161026_0000077.ACC.MP.ASC,,HGE,IT.NOR..HGE.D.EMSC-20161026_0000077.ACC.MP.ASC,IT,NOR,,horizontal acceleration,0.005,52.165,cm/s^2,m/s^2,10433,10433,explicit:DURATION_S,157.406235,157.406235,0.1605096898533138227631250223,2016-10-26,2016-10-26T17:10:37Z,42.8883,13.1397,training,https://esm-db.eu/esmws/eventdata/1/query?eventid=EMSC-20161026_0000077&catalog=ESM&network=IT&station=NOR&location=&channel=HG%2A&format=ascii&processing-type=MP&data-type=ACC&quality-class=GOOD,source_processed:MP;project_unit_normalized:cm/s^2->m/s^2,MP,GOOD,00a9c99f70e25819fdfa2bcca41df182c7938862f3c669349abdde9364787bfd,1adbf906cf7086617a909902db25313f47822dea14d858e7c2678a125bc0a834,CC-BY3_0-IT (http://creativecommons.org/licenses/by/3.0/deed.en),"Mascandola C., Felicetta C., Russo E., Luzi L., Lanzano G., Sgobba S., Brunelli G., Ramadan F., Pacor F., ORFEUS Strong-Motion SMC (2026). Engineering Strong Motion Database (ESM), version 3.0. Istituto Nazionale di Geofisica e Vulcanologia (INGV). https://doi.org/10.13127/esm.3",false,eligible,
ESM,IT-2012-0028,IT-2012-0028,5G.T0813..HNE.D.IT-2012-0028.ACC.MP.ASC,,HNE,5G.T0813..HNE.D.IT-2012-0028.ACC.MP.ASC,5G,T0813,,horizontal acceleration,0.005,100.005,cm/s^2,m/s^2,20001,20001,explicit:DURATION_S,188.421234,188.421234,0.1921361871791080542285082062,2012-05-27,2012-05-27T18:18:45Z,44.8707,11.1642,training,https://esm-db.eu/esmws/eventdata/1/query?eventid=IT-2012-0028&catalog=ESM&network=5G&station=T0813&location=&channel=HN%2A&format=ascii&processing-type=MP&data-type=ACC&quality-class=GOOD,source_processed:MP;project_unit_normalized:cm/s^2->m/s^2,MP,GOOD,3f7423ba8bd4e6c90b07293cddec0bfa6dd8bd6c2aacda2576c428e1897e184f,26d7c07917532b223fbd824457ad36091aabbd3dc7130b194ca8db083f6b2d00,CC-BY4_0 (http://creativecommons.org/licenses/by/4.0/),"Mascandola C., Felicetta C., Russo E., Luzi L., Lanzano G., Sgobba S., Brunelli G., Ramadan F., Pacor F., ORFEUS Strong-Motion SMC (2026). Engineering Strong Motion Database (ESM), version 3.0. Istituto Nazionale di Geofisica e Vulcanologia (INGV). https://doi.org/10.13127/esm.3",false,eligible,
ESM,IT-2012-0028,IT-2012-0028,TV.MIR04..HNN.D.IT-2012-0028.ACC.MP.ASC,,HNN,TV.MIR04..HNN.D.IT-2012-0028.ACC.MP.ASC,TV,MIR04,,horizontal acceleration,0.005,100.005,cm/s^2,m/s^2,20001,20001,explicit:DURATION_S,175.93931,175.93931,0.1794081669071497402272947439,2012-05-27,2012-05-27T18:18:45Z,44.8707,11.1642,training,https://esm-db.eu/esmws/eventdata/1/query?eventid=IT-2012-0028&catalog=ESM&network=TV&station=MIR04&location=&channel=HN%2A&format=ascii&processing-type=MP&data-type=ACC&quality-class=GOOD,source_processed:MP;project_unit_normalized:cm/s^2->m/s^2,MP,GOOD,99a98a577b4be0a4472581a4927569ae08f6fcc1adf92f438081115770887457,975ff69be9f30cfb7cd5e9ff726a65cdd4feb751e409d51d43ae6706635fb1d8,CC-BY4_0 (http://creativecommons.org/licenses/by/4.0/),"Mascandola C., Felicetta C., Russo E., Luzi L., Lanzano G., Sgobba S., Brunelli G., Ramadan F., Pacor F., ORFEUS Strong-Motion SMC (2026). Engineering Strong Motion Database (ESM), version 3.0. Istituto Nazionale di Geofisica e Vulcanologia (INGV). https://doi.org/10.13127/esm.3",false,eligible,
ESM,IT-2012-0028,IT-2012-0028,5G.T0800..HNE.D.IT-2012-0028.ACC.MP.ASC,,HNE,5G.T0800..HNE.D.IT-2012-0028.ACC.MP.ASC,5G,T0800,,horizontal acceleration,0.005,30.005,cm/s^2,m/s^2,6001,6001,explicit:DURATION_S,183.233353,183.233353,0.1868460208124079068795154309,2012-05-27,2012-05-27T18:18:45Z,44.8707,11.1642,training,https://esm-db.eu/esmws/eventdata/1/query?eventid=IT-2012-0028&catalog=ESM&network=5G&station=T0800&location=&channel=HN%2A&format=ascii&processing-type=MP&data-type=ACC&quality-class=GOOD,source_processed:MP;project_unit_normalized:cm/s^2->m/s^2,MP,GOOD,1fe17e12a068b8e848a369011eba247f57be24e8aa21d9c76ecbe48386439f76,2a1a0aa20bd74f15ea37871675dc819e371fad97183514dd83594d3c6c81d324,CC-BY4_0 (http://creativecommons.org/licenses/by/4.0/),"Mascandola C., Felicetta C., Russo E., Luzi L., Lanzano G., Sgobba S., Brunelli G., Ramadan F., Pacor F., ORFEUS Strong-Motion SMC (2026). Engineering Strong Motion Database (ESM), version 3.0. Istituto Nazionale di Geofisica e Vulcanologia (INGV). https://doi.org/10.13127/esm.3",false,eligible,
ESM,IT-2012-0028,IT-2012-0028,5G.T0813..HNN.D.IT-2012-0028.ACC.MP.ASC,,HNN,5G.T0813..HNN.D.IT-2012-0028.ACC.MP.ASC,5G,T0813,,horizontal acceleration,0.005,100.005,cm/s^2,m/s^2,20001,20001,explicit:DURATION_S,197.734009,197.734009,0.2016325748344235799177089016,2012-05-27,2012-05-27T18:18:45Z,44.8707,11.1642,training,https://esm-db.eu/esmws/eventdata/1/query?eventid=IT-2012-0028&catalog=ESM&network=5G&station=T0813&location=&channel=HN%2A&format=ascii&processing-type=MP&data-type=ACC&quality-class=GOOD,source_processed:MP;project_unit_normalized:cm/s^2->m/s^2,MP,GOOD,5c1ff6148c376bafaaf3b4d21fbb45b415f7fd624f1f6dbf59dab2fafe348ffd,7c959abde225c47a0019f06fc89cf315a604ca6cd41ae4a9e34ac4f3258f6284,CC-BY4_0 (http://creativecommons.org/licenses/by/4.0/),"Mascandola C., Felicetta C., Russo E., Luzi L., Lanzano G., Sgobba S., Brunelli G., Ramadan F., Pacor F., ORFEUS Strong-Motion SMC (2026). Engineering Strong Motion Database (ESM), version 3.0. Istituto Nazionale di Geofisica e Vulcanologia (INGV). https://doi.org/10.13127/esm.3",false,eligible,
ESM,IT-2009-0105,IT-2009-0105,IT.AQP..HNN.D.IT-2009-0105.ACC.MP.ASC,,HNN,IT.AQP..HNN.D.IT-2009-0105.ACC.MP.ASC,IT,AQP,,horizontal acceleration,0.005,78,cm/s^2,m/s^2,15600,15600,explicit:DURATION_S,152.688416,152.688416,0.1556988533291185063196912299,2009-04-07,2009-04-07T21:34:29Z,42.372,13.374,training,https://esm-db.eu/esmws/eventdata/1/query?eventid=IT-2009-0105&catalog=ESM&network=IT&station=AQP&location=&channel=HN%2A&format=ascii&processing-type=MP&data-type=ACC&quality-class=GOOD,source_processed:MP;project_unit_normalized:cm/s^2->m/s^2,MP,GOOD,bb2122c44a7a76de7250c468441a9cf64d6ca130832c1736d7479952759aa7d8,e86310da3b4fdbeee8a801f8ccccd6ef360ac4183515760d8879683652e07d8e,CC-BY3_0-IT (http://creativecommons.org/licenses/by/3.0/deed.en),"Mascandola C., Felicetta C., Russo E., Luzi L., Lanzano G., Sgobba S., Brunelli G., Ramadan F., Pacor F., ORFEUS Strong-Motion SMC (2026). Engineering Strong Motion Database (ESM), version 3.0. Istituto Nazionale di Geofisica e Vulcanologia (INGV). https://doi.org/10.13127/esm.3",false,eligible,
ESM,IT-2009-0105,IT-2009-0105,IT.AQP..HNE.D.IT-2009-0105.ACC.MP.ASC,,HNE,IT.AQP..HNE.D.IT-2009-0105.ACC.MP.ASC,IT,AQP,,horizontal acceleration,0.005,78,cm/s^2,m/s^2,15600,15600,explicit:DURATION_S,166.358734,166.358734,0.169638698230282512376805535,2009-04-07,2009-04-07T21:34:29Z,42.372,13.374,training,https://esm-db.eu/esmws/eventdata/1/query?eventid=IT-2009-0105&catalog=ESM&network=IT&station=AQP&location=&channel=HN%2A&format=ascii&processing-type=MP&data-type=ACC&quality-class=GOOD,source_processed:MP;project_unit_normalized:cm/s^2->m/s^2,MP,GOOD,b540177fa0026e14ed416ff77a23fdef189ce56c25c2624bf8f29a8c888572ef,893175af9d12bd91b771fc51ad8f800a8010d0881ad7c22587cdca4f34795602,CC-BY3_0-IT (http://creativecommons.org/licenses/by/3.0/deed.en),"Mascandola C., Felicetta C., Russo E., Luzi L., Lanzano G., Sgobba S., Brunelli G., Ramadan F., Pacor F., ORFEUS Strong-Motion SMC (2026). Engineering Strong Motion Database (ESM), version 3.0. Istituto Nazionale di Geofisica e Vulcanologia (INGV). https://doi.org/10.13127/esm.3",false,eligible,
ESM,IT-2009-0105,IT-2009-0105,IT.AQK..HNN.D.IT-2009-0105.ACC.MP.ASC,,HNN,IT.AQK..HNN.D.IT-2009-0105.ACC.MP.ASC,IT,AQK,,horizontal acceleration,0.005,80,cm/s^2,m/s^2,16000,16000,explicit:DURATION_S,150.052856,150.052856,0.1530113300668423977607031963,2009-04-07,2009-04-07T21:34:29Z,42.372,13.374,training,https://esm-db.eu/esmws/eventdata/1/query?eventid=IT-2009-0105&catalog=ESM&network=IT&station=AQK&location=&channel=HN%2A&format=ascii&processing-type=MP&data-type=ACC&quality-class=GOOD,source_processed:MP;project_unit_normalized:cm/s^2->m/s^2,MP,GOOD,161050426d0f94ffff71b565993c0a4f6c02669449bcf7bd54c59da7033bbd2c,80edde08516686244979468b902eab33b1a8265091ed652a5b8360223e422f37,CC-BY3_0-IT (http://creativecommons.org/licenses/by/3.0/deed.en),"Mascandola C., Felicetta C., Russo E., Luzi L., Lanzano G., Sgobba S., Brunelli G., Ramadan F., Pacor F., ORFEUS Strong-Motion SMC (2026). Engineering Strong Motion Database (ESM), version 3.0. Istituto Nazionale di Geofisica e Vulcanologia (INGV). https://doi.org/10.13127/esm.3",false,eligible,
ESM,IT-2009-0105,IT-2009-0105,8H.RM07..HNE.D.IT-2009-0105.ACC.MP.ASC,,HNE,8H.RM07..HNE.D.IT-2009-0105.ACC.MP.ASC,8H,RM07,,horizontal acceleration,0.005,34.995,cm/s^2,m/s^2,6999,6999,explicit:DURATION_S,171.644775,171.644775,0.1750289599404485731620889906,2009-04-07,2009-04-07T21:34:29Z,42.372,13.374,training,https://esm-db.eu/esmws/eventdata/1/query?eventid=IT-2009-0105&catalog=ESM&network=8H&station=RM07&location=&channel=HN%2A&format=ascii&processing-type=MP&data-type=ACC&quality-class=GOOD,source_processed:MP;project_unit_normalized:cm/s^2->m/s^2,MP,GOOD,e906479225a44dbdda4066f0bec056c2f9b9085169087c2196d977db31de29f3,fdee8a2910cbd9cbfa6e9d4bf929bbc655575a2f3dcf8edbc034a93d282efaf6,CC-BY4_0 (http://creativecommons.org/licenses/by/4.0/),"Mascandola C., Felicetta C., Russo E., Luzi L., Lanzano G., Sgobba S., Brunelli G., Ramadan F., Pacor F., ORFEUS Strong-Motion SMC (2026). Engineering Strong Motion Database (ESM), version 3.0. Istituto Nazionale di Geofisica e Vulcanologia (INGV). https://doi.org/10.13127/esm.3",false,eligible,
ESM,IT-1997-0011,IT-1997-0011,IT.NCR..HNN.D.IT-1997-0011.ACC.MP.ASC,,HNN,IT.NCR..HNN.D.IT-1997-0011.ACC.MP.ASC,IT,NCR,,horizontal acceleration,0.005,32.025,cm/s^2,m/s^2,6405,6405,explicit:DURATION_S,315.053411,315.053411,0.3212650711506987605349431253,1997-09-27,1997-09-27T08:08:06Z,43.091,12.824,training,https://esm-db.eu/esmws/eventdata/1/query?eventid=IT-1997-0011&catalog=ESM&network=IT&station=NCR&location=&channel=HN%2A&format=ascii&processing-type=MP&data-type=ACC&quality-class=UNDEF,source_processed:MP;project_unit_normalized:cm/s^2->m/s^2,MP,UNDEF,dc8b241f2030c91a89b8ff8c3c3774bda992469f2e49f15411fbcce79979187a,22634fcbb3d3352acaa7ca80a7914c743d6df04d403336e20097b027e8a15449,CC-BY3_0-IT (http://creativecommons.org/licenses/by/3.0/deed.en),"Mascandola C., Felicetta C., Russo E., Luzi L., Lanzano G., Sgobba S., Brunelli G., Ramadan F., Pacor F., ORFEUS Strong-Motion SMC (2026). Engineering Strong Motion Database (ESM), version 3.0. Istituto Nazionale di Geofisica e Vulcanologia (INGV). https://doi.org/10.13127/esm.3",false,eligible,
ESM,IT-1997-0011,IT-1997-0011,IT.NCB..HNN.D.IT-1997-0011.ACC.MP.ASC,,HNN,IT.NCB..HNN.D.IT-1997-0011.ACC.MP.ASC,IT,NCB,,horizontal acceleration,0.005,43.5,cm/s^2,m/s^2,8700,8700,explicit:DURATION_S,256.047889,256.047889,0.2610961837120729301035521814,1997-09-27,1997-09-27T08:08:06Z,43.091,12.824,training,https://esm-db.eu/esmws/eventdata/1/query?eventid=IT-1997-0011&catalog=ESM&network=IT&station=NCB&location=&channel=HN%2A&format=ascii&processing-type=MP&data-type=ACC&quality-class=GOOD,source_processed:MP;project_unit_normalized:cm/s^2->m/s^2,MP,GOOD,e6a1f7d427f5a89a437bb236f221f01a918aaea63140cb1da83c6c565871a8d7,e87990aa6a279c8abd73b85c954893c3806b934dc05e90d7d75f47c452268d6e,CC-BY3_0-IT (http://creativecommons.org/licenses/by/3.0/deed.en),"Mascandola C., Felicetta C., Russo E., Luzi L., Lanzano G., Sgobba S., Brunelli G., Ramadan F., Pacor F., ORFEUS Strong-Motion SMC (2026). Engineering Strong Motion Database (ESM), version 3.0. Istituto Nazionale di Geofisica e Vulcanologia (INGV). https://doi.org/10.13127/esm.3",false,eligible,
ESM,IT-1997-0011,IT-1997-0011,IT.NCB..HNE.D.IT-1997-0011.ACC.MP.ASC,,HNE,IT.NCB..HNE.D.IT-1997-0011.ACC.MP.ASC,IT,NCB,,horizontal acceleration,0.005,43.5,cm/s^2,m/s^2,8700,8700,explicit:DURATION_S,227.393783,227.393783,0.2318771272554847985805550315,1997-09-27,1997-09-27T08:08:06Z,43.091,12.824,training,https://esm-db.eu/esmws/eventdata/1/query?eventid=IT-1997-0011&catalog=ESM&network=IT&station=NCB&location=&channel=HN%2A&format=ascii&processing-type=MP&data-type=ACC&quality-class=GOOD,source_processed:MP;project_unit_normalized:cm/s^2->m/s^2,MP,GOOD,e6e2cd2d20f0d4db0634db778ffd4ff6e7ad78372f1dc3e728c086ae399e385c,3ea1b9e6c9f723620a62e75a6ceb0dc7874c9ed8d575fc1a6e908ef19008bb9f,CC-BY3_0-IT (http://creativecommons.org/licenses/by/3.0/deed.en),"Mascandola C., Felicetta C., Russo E., Luzi L., Lanzano G., Sgobba S., Brunelli G., Ramadan F., Pacor F., ORFEUS Strong-Motion SMC (2026). Engineering Strong Motion Database (ESM), version 3.0. Istituto Nazionale di Geofisica e Vulcanologia (INGV). https://doi.org/10.13127/esm.3",false,eligible,
ESM,IT-1997-0011,IT-1997-0011,IT.NCR..HNE.D.IT-1997-0011.ACC.MP.ASC,,HNE,IT.NCR..HNE.D.IT-1997-0011.ACC.MP.ASC,IT,NCR,,horizontal acceleration,0.005,32.025,cm/s^2,m/s^2,6405,6405,explicit:DURATION_S,264.612739,264.612739,0.2698299001187969388119286403,1997-09-27,1997-09-27T08:08:06Z,43.091,12.824,training,https://esm-db.eu/esmws/eventdata/1/query?eventid=IT-1997-0011&catalog=ESM&network=IT&station=NCR&location=&channel=HN%2A&format=ascii&processing-type=MP&data-type=ACC&quality-class=UNDEF,source_processed:MP;project_unit_normalized:cm/s^2->m/s^2,MP,UNDEF,eca8c7703d1f8d8bd22a78085aeccecc03d68b0dbf1baf69ef2bff171d71c3dc,c52c729a2424bb43f691c71822281d4e7925cd71a01392c173baeb6b72c8cafa,CC-BY3_0-IT (http://creativecommons.org/licenses/by/3.0/deed.en),"Mascandola C., Felicetta C., Russo E., Luzi L., Lanzano G., Sgobba S., Brunelli G., Ramadan F., Pacor F., ORFEUS Strong-Motion SMC (2026). Engineering Strong Motion Database (ESM), version 3.0. Istituto Nazionale di Geofisica e Vulcanologia (INGV). https://doi.org/10.13127/esm.3",false,eligible,
ESM,EMSC-20161030_0000029,EMSC-20161030_0000029,IT.CNE..HGE.D.EMSC-20161030_0000029.ACC.MB.ASC,,HGE,IT.CNE..HGE.D.EMSC-20161030_0000029.ACC.MB.ASC,IT,CNE,,horizontal acceleration,0.005,35.645,cm/s^2,m/s^2,7129,7129,explicit:DURATION_S,463.564366,463.564366,0.4727040997690342777604992531,2016-10-30,2016-10-30T06:40:18Z,42.8379,13.1232,training,https://esm-db.eu/esmws/eventdata/1/query?eventid=EMSC-20161030_0000029&catalog=ESM&network=IT&station=CNE&location=&channel=HG%2A&format=ascii&processing-type=MB&data-type=ACC&quality-class=BAD,source_processed:MB;project_unit_normalized:cm/s^2->m/s^2,MB,BAD,5ed1161d1a020e54c5de34bc96c12e814ad5b69494b7fcc3751667fbc5ad9f10,732c8c9a0c0007888660c0206840e90e30f96593a277f1f9760c36ad69690364,CC-BY3_0-IT (http://creativecommons.org/licenses/by/3.0/deed.en),"Mascandola C., Felicetta C., Russo E., Luzi L., Lanzano G., Sgobba S., Brunelli G., Ramadan F., Pacor F., ORFEUS Strong-Motion SMC (2026). Engineering Strong Motion Database (ESM), version 3.0. Istituto Nazionale di Geofisica e Vulcanologia (INGV). https://doi.org/10.13127/esm.3",false,eligible,
ESM,EMSC-20161030_0000029,EMSC-20161030_0000029,IT.NCR..HGN.D.EMSC-20161030_0000029.ACC.MP.ASC,,HGN,IT.NCR..HGN.D.EMSC-20161030_0000029.ACC.MP.ASC,IT,NCR,,horizontal acceleration,0.005,70,cm/s^2,m/s^2,14000,14000,explicit:DURATION_S,190.004547,190.004547,0.1937507171154267767280365874,2016-10-30,2016-10-30T06:40:18Z,42.8379,13.1232,training,https://esm-db.eu/esmws/eventdata/1/query?eventid=EMSC-20161030_0000029&catalog=ESM&network=IT&station=NCR&location=&channel=HG%2A&format=ascii&processing-type=MP&data-type=ACC&quality-class=GOOD,source_processed:MP;project_unit_normalized:cm/s^2->m/s^2,MP,GOOD,d5054d89d386ceecccabd921fab18543bd6196bb8de3cc3ac9e92f6ba11576e6,f4c269ca787a6a3e9e20f3f4d7f94dd21553847ef17ab85deff2680961526c97,CC-BY3_0-IT (http://creativecommons.org/licenses/by/3.0/deed.en),"Mascandola C., Felicetta C., Russo E., Luzi L., Lanzano G., Sgobba S., Brunelli G., Ramadan F., Pacor F., ORFEUS Strong-Motion SMC (2026). Engineering Strong Motion Database (ESM), version 3.0. Istituto Nazionale di Geofisica e Vulcanologia (INGV). https://doi.org/10.13127/esm.3",false,eligible,
ESM,EMSC-20161030_0000029,EMSC-20161030_0000029,IT.AMT..HGE.D.EMSC-20161030_0000029.ACC.MP.ASC,,HGE,IT.AMT..HGE.D.EMSC-20161030_0000029.ACC.MP.ASC,IT,AMT,,horizontal acceleration,0.005,40.195,cm/s^2,m/s^2,8039,8039,explicit:DURATION_S,521.617615,521.617615,0.531901938990378977530553247,2016-10-30,2016-10-30T06:40:18Z,42.8379,13.1232,training,https://esm-db.eu/esmws/eventdata/1/query?eventid=EMSC-20161030_0000029&catalog=ESM&network=IT&station=AMT&location=&channel=HG%2A&format=ascii&processing-type=MP&data-type=ACC&quality-class=GOOD,source_processed:MP;project_unit_normalized:cm/s^2->m/s^2,MP,GOOD,be221b4537364e5c6da3ddc91a418c9c232cd8360a8a86740cb7070b80b86ca4,fb79dc3f4f0732f6bde868790a1b1f0c51bc00385dccc0d62dca26b11a918e99,CC-BY3_0-IT (http://creativecommons.org/licenses/by/3.0/deed.en),"Mascandola C., Felicetta C., Russo E., Luzi L., Lanzano G., Sgobba S., Brunelli G., Ramadan F., Pacor F., ORFEUS Strong-Motion SMC (2026). Engineering Strong Motion Database (ESM), version 3.0. Istituto Nazionale di Geofisica e Vulcanologia (INGV). https://doi.org/10.13127/esm.3",false,eligible,
ESM,EMSC-20161030_0000029,EMSC-20161030_0000029,IT.PRE..HGE.D.EMSC-20161030_0000029.ACC.MB.ASC,,HGE,IT.PRE..HGE.D.EMSC-20161030_0000029.ACC.MB.ASC,IT,PRE,,horizontal acceleration,0.005,42.645,cm/s^2,m/s^2,8529,8529,explicit:DURATION_S,241.409843,241.409843,0.2461695308795562195041120056,2016-10-30,2016-10-30T06:40:18Z,42.8379,13.1232,training,https://esm-db.eu/esmws/eventdata/1/query?eventid=EMSC-20161030_0000029&catalog=ESM&network=IT&station=PRE&location=&channel=HG%2A&format=ascii&processing-type=MB&data-type=ACC&quality-class=GOOD,source_processed:MB;project_unit_normalized:cm/s^2->m/s^2,MB,GOOD,4bb705c95b29e28cfbd2a16e032a88f7edb73aa255a5bd379f898874325f1c3c,a39c4dfa57021ca2dcd6c2d41adeeff01beff70b0e92ed6ec26133ce97002d1d,CC-BY3_0-IT (http://creativecommons.org/licenses/by/3.0/deed.en),"Mascandola C., Felicetta C., Russo E., Luzi L., Lanzano G., Sgobba S., Brunelli G., Ramadan F., Pacor F., ORFEUS Strong-Motion SMC (2026). Engineering Strong Motion Database (ESM), version 3.0. Istituto Nazionale di Geofisica e Vulcanologia (INGV). https://doi.org/10.13127/esm.3",false,eligible,
ESM,IT-1997-0124,IT-1997-0124,IT.NCR2..HNN.D.IT-1997-0124.ACC.MP.ASC,,HNN,IT.NCR2..HNN.D.IT-1997-0124.ACC.MP.ASC,IT,NCR2,,horizontal acceleration,0.005,18,cm/s^2,m/s^2,3600,3600,explicit:DURATION_S,426.201147,426.201147,0.434604219585689302667067755,1997-10-11,1997-10-11T03:20:56Z,43.1,12.798,validation,https://esm-db.eu/esmws/eventdata/1/query?eventid=IT-1997-0124&catalog=ESM&network=IT&station=NCR2&location=&channel=HN%2A&format=ascii&processing-type=MP&data-type=ACC&quality-class=BAD,source_processed:MP;project_unit_normalized:cm/s^2->m/s^2,MP,BAD,698e05b8a1d446a7907647faf6b9a947f266cb74cc94d0fb2cef20776fef32fa,be657f0958c6373d6da0cedb7752ebd6879851dd172a675c08d8079f48749e3f,CC-BY3_0-IT (http://creativecommons.org/licenses/by/3.0/deed.en),"Mascandola C., Felicetta C., Russo E., Luzi L., Lanzano G., Sgobba S., Brunelli G., Ramadan F., Pacor F., ORFEUS Strong-Motion SMC (2026). Engineering Strong Motion Database (ESM), version 3.0. Istituto Nazionale di Geofisica e Vulcanologia (INGV). https://doi.org/10.13127/esm.3",false,eligible,
ESM,IT-1997-0124,IT-1997-0124,IT.NCR..HNE.D.IT-1997-0124.ACC.MP.ASC,,HNE,IT.NCR..HNE.D.IT-1997-0124.ACC.MP.ASC,IT,NCR,,horizontal acceleration,0.005,11.79,cm/s^2,m/s^2,2358,2358,explicit:DURATION_S,247.658216,247.658216,0.2525410981323897559309244237,1997-10-11,1997-10-11T03:20:56Z,43.1,12.798,validation,https://esm-db.eu/esmws/eventdata/1/query?eventid=IT-1997-0124&catalog=ESM&network=IT&station=NCR&location=&channel=HN%2A&format=ascii&processing-type=MP&data-type=ACC&quality-class=BAD,source_processed:MP;project_unit_normalized:cm/s^2->m/s^2,MP,BAD,b09c99ec1e1184508ec3b49307fc80af9a7749549b72c8f032a4f92baabefa91,27e30114a21c7a3506782813bc96607de695eeb2db7c273ff6f42882d10e6f18,CC-BY3_0-IT (http://creativecommons.org/licenses/by/3.0/deed.en),"Mascandola C., Felicetta C., Russo E., Luzi L., Lanzano G., Sgobba S., Brunelli G., Ramadan F., Pacor F., ORFEUS Strong-Motion SMC (2026). Engineering Strong Motion Database (ESM), version 3.0. Istituto Nazionale di Geofisica e Vulcanologia (INGV). https://doi.org/10.13127/esm.3",false,eligible,
ESM,IT-1997-0124,IT-1997-0124,IT.NCR..HNN.D.IT-1997-0124.ACC.MP.ASC,,HNN,IT.NCR..HNN.D.IT-1997-0124.ACC.MP.ASC,IT,NCR,,horizontal acceleration,0.005,11.79,cm/s^2,m/s^2,2358,2358,explicit:DURATION_S,426.093829,426.093829,0.4344947856811449373639316178,1997-10-11,1997-10-11T03:20:56Z,43.1,12.798,validation,https://esm-db.eu/esmws/eventdata/1/query?eventid=IT-1997-0124&catalog=ESM&network=IT&station=NCR&location=&channel=HN%2A&format=ascii&processing-type=MP&data-type=ACC&quality-class=BAD,source_processed:MP;project_unit_normalized:cm/s^2->m/s^2,MP,BAD,21d41388c29183f08303d33fa337329a5f2d7df6bf97e5d8a932b06be7f0822a,df65e40837bf4c6700b136b3f0c7146f8d8bdf0ccbab14462448ef45c11f6309,CC-BY3_0-IT (http://creativecommons.org/licenses/by/3.0/deed.en),"Mascandola C., Felicetta C., Russo E., Luzi L., Lanzano G., Sgobba S., Brunelli G., Ramadan F., Pacor F., ORFEUS Strong-Motion SMC (2026). Engineering Strong Motion Database (ESM), version 3.0. Istituto Nazionale di Geofisica e Vulcanologia (INGV). https://doi.org/10.13127/esm.3",false,eligible,
ESM,IT-1997-0124,IT-1997-0124,IT.NCR2..HNE.D.IT-1997-0124.ACC.MP.ASC,,HNE,IT.NCR2..HNE.D.IT-1997-0124.ACC.MP.ASC,IT,NCR2,,horizontal acceleration,0.005,18,cm/s^2,m/s^2,3600,3600,explicit:DURATION_S,274.625605,274.625605,0.2800401819173723952623984745,1997-10-11,1997-10-11T03:20:56Z,43.1,12.798,validation,https://esm-db.eu/esmws/eventdata/1/query?eventid=IT-1997-0124&catalog=ESM&network=IT&station=NCR2&location=&channel=HN%2A&format=ascii&processing-type=MP&data-type=ACC&quality-class=BAD,source_processed:MP;project_unit_normalized:cm/s^2->m/s^2,MP,BAD,473a2ac88be34753198ec41844cc0bc7da37c70bef14f2f79c04851ae652cd93,aca3d0eaf4e9cecd719d85269ec394147ae6293efda30cc23142fcc467091e94,CC-BY3_0-IT (http://creativecommons.org/licenses/by/3.0/deed.en),"Mascandola C., Felicetta C., Russo E., Luzi L., Lanzano G., Sgobba S., Brunelli G., Ramadan F., Pacor F., ORFEUS Strong-Motion SMC (2026). Engineering Strong Motion Database (ESM), version 3.0. Istituto Nazionale di Geofisica e Vulcanologia (INGV). https://doi.org/10.13127/esm.3",false,eligible,
ESM,IT-2012-0032,IT-2012-0032,5G.T0814..HNE.D.IT-2012-0032.ACC.MP.ASC,,HNE,5G.T0814..HNE.D.IT-2012-0032.ACC.MP.ASC,5G,T0814,,horizontal acceleration,0.005,70.005,cm/s^2,m/s^2,14001,14001,explicit:DURATION_S,192.931,192.931,0.196734868686044673767290563,2012-05-29,2012-05-29T11:00:22Z,44.866,10.9763,validation,https://esm-db.eu/esmws/eventdata/1/query?eventid=IT-2012-0032&catalog=ESM&network=5G&station=T0814&location=&channel=HN%2A&format=ascii&processing-type=MP&data-type=ACC&quality-class=BAD,source_processed:MP;project_unit_normalized:cm/s^2->m/s^2,MP,BAD,d766275e9d515dd95a68acc732bdca074aa972f60628e7cb8359ec0020d251ec,904aa20036c364ec83be19575c87e30b8a3681af8762152111a91f128962aa9d,CC-BY4_0 (http://creativecommons.org/licenses/by/4.0/),"Mascandola C., Felicetta C., Russo E., Luzi L., Lanzano G., Sgobba S., Brunelli G., Ramadan F., Pacor F., ORFEUS Strong-Motion SMC (2026). Engineering Strong Motion Database (ESM), version 3.0. Istituto Nazionale di Geofisica e Vulcanologia (INGV). https://doi.org/10.13127/esm.3",false,eligible,
ESM,IT-2012-0032,IT-2012-0032,TV.MIR01..HNE.D.IT-2012-0032.ACC.MP.ASC,,HNE,TV.MIR01..HNE.D.IT-2012-0032.ACC.MP.ASC,TV,MIR01,,horizontal acceleration,0.005,70.005,cm/s^2,m/s^2,14001,14001,explicit:DURATION_S,221.082907,221.082907,0.2254418246801915027047972549,2012-05-29,2012-05-29T11:00:22Z,44.866,10.9763,validation,https://esm-db.eu/esmws/eventdata/1/query?eventid=IT-2012-0032&catalog=ESM&network=TV&station=MIR01&location=&channel=HN%2A&format=ascii&processing-type=MP&data-type=ACC&quality-class=BAD,source_processed:MP;project_unit_normalized:cm/s^2->m/s^2,MP,BAD,2d9e81774f538da61b1e1fd8a641c40bf6248e3c6796342d399da7f0c36098bb,d4167fd7a02cf552abcefdfc589f5d56f8ebc89ae02829b1e550e6f36ddce67e,CC-BY4_0 (http://creativecommons.org/licenses/by/4.0/),"Mascandola C., Felicetta C., Russo E., Luzi L., Lanzano G., Sgobba S., Brunelli G., Ramadan F., Pacor F., ORFEUS Strong-Motion SMC (2026). Engineering Strong Motion Database (ESM), version 3.0. Istituto Nazionale di Geofisica e Vulcanologia (INGV). https://doi.org/10.13127/esm.3",false,eligible,
ESM,IT-2012-0032,IT-2012-0032,TV.MIR01..HNN.D.IT-2012-0032.ACC.MP.ASC,,HNN,TV.MIR01..HNN.D.IT-2012-0032.ACC.MP.ASC,TV,MIR01,,horizontal acceleration,0.005,70.005,cm/s^2,m/s^2,14001,14001,explicit:DURATION_S,178.944079,178.944079,0.1824721785727032166947938389,2012-05-29,2012-05-29T11:00:22Z,44.866,10.9763,validation,https://esm-db.eu/esmws/eventdata/1/query?eventid=IT-2012-0032&catalog=ESM&network=TV&station=MIR01&location=&channel=HN%2A&format=ascii&processing-type=MP&data-type=ACC&quality-class=BAD,source_processed:MP;project_unit_normalized:cm/s^2->m/s^2,MP,BAD,1c3244866c3a97a3db2333c177eca1f545c967a58dbf3ac1639453ff11ca6df2,343a94d544870bc549e32aa0fb04d94c4911bf473d06be78c5eb7ff1ed3e7463,CC-BY4_0 (http://creativecommons.org/licenses/by/4.0/),"Mascandola C., Felicetta C., Russo E., Luzi L., Lanzano G., Sgobba S., Brunelli G., Ramadan F., Pacor F., ORFEUS Strong-Motion SMC (2026). Engineering Strong Motion Database (ESM), version 3.0. Istituto Nazionale di Geofisica e Vulcanologia (INGV). https://doi.org/10.13127/esm.3",false,eligible,
ESM,IT-2012-0032,IT-2012-0032,IT.MRN..HNN.D.IT-2012-0032.ACC.MP.ASC,,HNN,IT.MRN..HNN.D.IT-2012-0032.ACC.MP.ASC,IT,MRN,,horizontal acceleration,0.005,82.85,cm/s^2,m/s^2,16570,16570,explicit:DURATION_S,214.125519,214.125519,0.2183472633366134204850790025,2012-05-29,2012-05-29T11:00:22Z,44.866,10.9763,validation,https://esm-db.eu/esmws/eventdata/1/query?eventid=IT-2012-0032&catalog=ESM&network=IT&station=MRN&location=&channel=HN%2A&format=ascii&processing-type=MP&data-type=ACC&quality-class=GOOD,source_processed:MP;project_unit_normalized:cm/s^2->m/s^2,MP,GOOD,a241171967acb39843aeb3d86e5c6c86f233e5d3688cf60208cc9c2aae2b5298,99e2fd29ddb3dd871e6892be51b84367412d9a10952c43b65684c0e72c21d0a4,CC-BY3_0-IT (http://creativecommons.org/licenses/by/3.0/deed.en),"Mascandola C., Felicetta C., Russo E., Luzi L., Lanzano G., Sgobba S., Brunelli G., Ramadan F., Pacor F., ORFEUS Strong-Motion SMC (2026). Engineering Strong Motion Database (ESM), version 3.0. Istituto Nazionale di Geofisica e Vulcanologia (INGV). https://doi.org/10.13127/esm.3",false,eligible,
ESM,IT-2012-0012,IT-2012-0012,5G.T0819..HNE.D.IT-2012-0012.ACC.MP.ASC,,HNE,5G.T0819..HNE.D.IT-2012-0012.ACC.MP.ASC,5G,T0819,,horizontal acceleration,0.005,60.005,cm/s^2,m/s^2,12001,12001,explicit:DURATION_S,259.873871,259.873871,0.26499759958803464995691699,2012-06-03,2012-06-03T19:20:43Z,44.886,10.9502,validation,https://esm-db.eu/esmws/eventdata/1/query?eventid=IT-2012-0012&catalog=ESM&network=5G&station=T0819&location=&channel=HN%2A&format=ascii&processing-type=MP&data-type=ACC&quality-class=GOOD,source_processed:MP;project_unit_normalized:cm/s^2->m/s^2,MP,GOOD,c5af85c21f6d2d73450654b68a6a5259f192c9268a1d1efaf48081c14eeb8d2d,4506f1be876f8ab492a91c322e7dd58df3aa5e8f0c419e452c3b1d44cade99f7,CC-BY4_0 (http://creativecommons.org/licenses/by/4.0/),"Mascandola C., Felicetta C., Russo E., Luzi L., Lanzano G., Sgobba S., Brunelli G., Ramadan F., Pacor F., ORFEUS Strong-Motion SMC (2026). Engineering Strong Motion Database (ESM), version 3.0. Istituto Nazionale di Geofisica e Vulcanologia (INGV). https://doi.org/10.13127/esm.3",false,eligible,
ESM,IT-2012-0012,IT-2012-0012,5G.T0826..HNE.D.IT-2012-0012.ACC.MP.ASC,,HNE,5G.T0826..HNE.D.IT-2012-0012.ACC.MP.ASC,5G,T0826,,horizontal acceleration,0.005,100.005,cm/s^2,m/s^2,20001,20001,explicit:DURATION_S,172.919708,172.919708,0.1763290297910091621501736067,2012-06-03,2012-06-03T19:20:43Z,44.886,10.9502,validation,https://esm-db.eu/esmws/eventdata/1/query?eventid=IT-2012-0012&catalog=ESM&network=5G&station=T0826&location=&channel=HN%2A&format=ascii&processing-type=MP&data-type=ACC&quality-class=GOOD,source_processed:MP;project_unit_normalized:cm/s^2->m/s^2,MP,GOOD,3ecbe0a67e749ab137f686ab590a261c2151e112183e2d2e8acf7843c440d7f1,e3e1d93180d92c2686caecff7a9d8c8c5d277e8a27f12938c95a8ac9df3db02e,CC-BY4_0 (http://creativecommons.org/licenses/by/4.0/),"Mascandola C., Felicetta C., Russo E., Luzi L., Lanzano G., Sgobba S., Brunelli G., Ramadan F., Pacor F., ORFEUS Strong-Motion SMC (2026). Engineering Strong Motion Database (ESM), version 3.0. Istituto Nazionale di Geofisica e Vulcanologia (INGV). https://doi.org/10.13127/esm.3",false,eligible,
ESM,IT-2012-0012,IT-2012-0012,5G.T0819..HNN.D.IT-2012-0012.ACC.MP.ASC,,HNN,5G.T0819..HNN.D.IT-2012-0012.ACC.MP.ASC,5G,T0819,,horizontal acceleration,0.005,60.005,cm/s^2,m/s^2,12001,12001,explicit:DURATION_S,216.860596,216.860596,0.2211362656972564535289828841,2012-06-03,2012-06-03T19:20:43Z,44.886,10.9502,validation,https://esm-db.eu/esmws/eventdata/1/query?eventid=IT-2012-0012&catalog=ESM&network=5G&station=T0819&location=&channel=HN%2A&format=ascii&processing-type=MP&data-type=ACC&quality-class=GOOD,source_processed:MP;project_unit_normalized:cm/s^2->m/s^2,MP,GOOD,e7fdbcfdaee17033a843b24a936adfb6bdbcbff89ef15380dda7055957a04215,351bb32e50ba6053a2e17c5e2bc1bf6dba7371e530ee29474bc313217426115e,CC-BY4_0 (http://creativecommons.org/licenses/by/4.0/),"Mascandola C., Felicetta C., Russo E., Luzi L., Lanzano G., Sgobba S., Brunelli G., Ramadan F., Pacor F., ORFEUS Strong-Motion SMC (2026). Engineering Strong Motion Database (ESM), version 3.0. Istituto Nazionale di Geofisica e Vulcanologia (INGV). https://doi.org/10.13127/esm.3",false,eligible,
ESM,IT-2012-0012,IT-2012-0012,IT.MRN0..HNE.D.IT-2012-0012.ACC.MP.ASC,,HNE,IT.MRN0..HNE.D.IT-2012-0012.ACC.MP.ASC,IT,MRN0,,horizontal acceleration,0.005,50,cm/s^2,m/s^2,10000,10000,explicit:DURATION_S,202.077957,202.077957,0.2060621690383566253511647708,2012-06-03,2012-06-03T19:20:43Z,44.886,10.9502,validation,https://esm-db.eu/esmws/eventdata/1/query?eventid=IT-2012-0012&catalog=ESM&network=IT&station=MRN0&location=&channel=HN%2A&format=ascii&processing-type=MP&data-type=ACC&quality-class=GOOD,source_processed:MP;project_unit_normalized:cm/s^2->m/s^2,MP,GOOD,2cbc0ac999c663dc2ce423ff5dcc5381b474cf9ef47224ea70bca06fa2e11328,e15bb6cbde3557273b941bdb2c2e26b1f2687c3da27a7a594b2fd5b93b68d170,CC-BY3_0-IT (http://creativecommons.org/licenses/by/3.0/deed.en),"Mascandola C., Felicetta C., Russo E., Luzi L., Lanzano G., Sgobba S., Brunelli G., Ramadan F., Pacor F., ORFEUS Strong-Motion SMC (2026). Engineering Strong Motion Database (ESM), version 3.0. Istituto Nazionale di Geofisica e Vulcanologia (INGV). https://doi.org/10.13127/esm.3",false,eligible,
ESM,EMSC-20170118_0000037,EMSC-20170118_0000037,IT.MSC..HGE.D.EMSC-20170118_0000037.ACC.MP.ASC,,HGE,IT.MSC..HGE.D.EMSC-20170118_0000037.ACC.MP.ASC,IT,MSC,,horizontal acceleration,0.005,49.485,cm/s^2,m/s^2,9897,9897,explicit:DURATION_S,208.571335,208.571335,0.2126835718619508190870480745,2017-01-18,2017-01-18T10:25:24Z,42.5311,13.2927,validation,https://esm-db.eu/esmws/eventdata/1/query?eventid=EMSC-20170118_0000037&catalog=ESM&network=IT&station=MSC&location=&channel=HG%2A&format=ascii&processing-type=MP&data-type=ACC&quality-class=GOOD,source_processed:MP;project_unit_normalized:cm/s^2->m/s^2,MP,GOOD,b0eca8faddb215f75a5392ce4c1509c0c98d9935887e2bd14983d52773dd70eb,7706c5feb392191387b9996bc60500a65588abfccebe1a9c306461ddf31eb843,CC-BY3_0-IT (http://creativecommons.org/licenses/by/3.0/deed.en),"Mascandola C., Felicetta C., Russo E., Luzi L., Lanzano G., Sgobba S., Brunelli G., Ramadan F., Pacor F., ORFEUS Strong-Motion SMC (2026). Engineering Strong Motion Database (ESM), version 3.0. Istituto Nazionale di Geofisica e Vulcanologia (INGV). https://doi.org/10.13127/esm.3",false,eligible,
ESM,EMSC-20170118_0000037,EMSC-20170118_0000037,IT.MSCT..HGN.D.EMSC-20170118_0000037.ACC.MP.ASC,,HGN,IT.MSCT..HGN.D.EMSC-20170118_0000037.ACC.MP.ASC,IT,MSCT,,horizontal acceleration,0.005,40,cm/s^2,m/s^2,8000,8000,explicit:DURATION_S,279.880432,279.880432,0.2853986142056665629955183472,2017-01-18,2017-01-18T10:25:24Z,42.5311,13.2927,validation,https://esm-db.eu/esmws/eventdata/1/query?eventid=EMSC-20170118_0000037&catalog=ESM&network=IT&station=MSCT&location=&channel=HG%2A&format=ascii&processing-type=MP&data-type=ACC&quality-class=BAD,source_processed:MP;project_unit_normalized:cm/s^2->m/s^2,MP,BAD,aa1e70f82fae6dd6fd8918c264a4c7b80b758c144dea3920767bb8104348e713,38786b8b28104336b504e58c634c9ab37230b4ffc08e20e664c344f561842dd6,CC-BY3_0-IT (http://creativecommons.org/licenses/by/3.0/deed.en),"Mascandola C., Felicetta C., Russo E., Luzi L., Lanzano G., Sgobba S., Brunelli G., Ramadan F., Pacor F., ORFEUS Strong-Motion SMC (2026). Engineering Strong Motion Database (ESM), version 3.0. Istituto Nazionale di Geofisica e Vulcanologia (INGV). https://doi.org/10.13127/esm.3",false,eligible,
ESM,EMSC-20170118_0000037,EMSC-20170118_0000037,IT.MSCT..HGE.D.EMSC-20170118_0000037.ACC.MP.ASC,,HGE,IT.MSCT..HGE.D.EMSC-20170118_0000037.ACC.MP.ASC,IT,MSCT,,horizontal acceleration,0.005,40,cm/s^2,m/s^2,8000,8000,explicit:DURATION_S,221.24202,221.24202,0.2256040747859870598012573101,2017-01-18,2017-01-18T10:25:24Z,42.5311,13.2927,validation,https://esm-db.eu/esmws/eventdata/1/query?eventid=EMSC-20170118_0000037&catalog=ESM&network=IT&station=MSCT&location=&channel=HG%2A&format=ascii&processing-type=MP&data-type=ACC&quality-class=BAD,source_processed:MP;project_unit_normalized:cm/s^2->m/s^2,MP,BAD,4b7e669df2ba0a39478b4c5c169afb71c30b9aac3257b8c0cb521b582b150303,092fd62f4e2ff8d429295f353f9ecf13d1dee81e4cfc62c3c575399adf54e481,CC-BY3_0-IT (http://creativecommons.org/licenses/by/3.0/deed.en),"Mascandola C., Felicetta C., Russo E., Luzi L., Lanzano G., Sgobba S., Brunelli G., Ramadan F., Pacor F., ORFEUS Strong-Motion SMC (2026). Engineering Strong Motion Database (ESM), version 3.0. Istituto Nazionale di Geofisica e Vulcanologia (INGV). https://doi.org/10.13127/esm.3",false,eligible,
ESM,EMSC-20170118_0000037,EMSC-20170118_0000037,IT.PCB..HGN.D.EMSC-20170118_0000037.ACC.MP.ASC,,HGN,IT.PCB..HGN.D.EMSC-20170118_0000037.ACC.MP.ASC,IT,PCB,,horizontal acceleration,0.005,43.83,cm/s^2,m/s^2,8766,8766,explicit:DURATION_S,550.443481,550.443481,0.5612961419037081980084942361,2017-01-18,2017-01-18T10:25:24Z,42.5311,13.2927,validation,https://esm-db.eu/esmws/eventdata/1/query?eventid=EMSC-20170118_0000037&catalog=ESM&network=IT&station=PCB&location=&channel=HG%2A&format=ascii&processing-type=MP&data-type=ACC&quality-class=GOOD,source_processed:MP;project_unit_normalized:cm/s^2->m/s^2,MP,GOOD,c34c3469a24f227d6cc78d37bfd74a39a584294c58ce65bfc31a91c5822cab11,7b1c752b4ade5bff22c3682f3f98844e8ec58ea39dc2c74aaa235378f2700b3b,CC-BY3_0-IT (http://creativecommons.org/licenses/by/3.0/deed.en),"Mascandola C., Felicetta C., Russo E., Luzi L., Lanzano G., Sgobba S., Brunelli G., Ramadan F., Pacor F., ORFEUS Strong-Motion SMC (2026). Engineering Strong Motion Database (ESM), version 3.0. Istituto Nazionale di Geofisica e Vulcanologia (INGV). https://doi.org/10.13127/esm.3",false,eligible,
ESM,IT-1997-0004,IT-1997-0004,IT.NCR..HNE.D.IT-1997-0004.ACC.MP.ASC,,HNE,IT.NCR..HNE.D.IT-1997-0004.ACC.MP.ASC,IT,NCR,,horizontal acceleration,0.005,28.875,cm/s^2,m/s^2,5775,5775,explicit:DURATION_S,251.514057,251.514057,0.2564729617147547837436841327,1997-09-26,1997-09-26T00:33:11Z,43.023,12.892,validation,https://esm-db.eu/esmws/eventdata/1/query?eventid=IT-1997-0004&catalog=ESM&network=IT&station=NCR&location=&channel=HN%2A&format=ascii&processing-type=MP&data-type=ACC&quality-class=BAD,source_processed:MP;project_unit_normalized:cm/s^2->m/s^2,MP,BAD,8f9c02f1bac8b30eaf16d063697a2327b3b74f7ffa23666af152ac57487db4d6,88fb6958229ebb7c646bd3f8a3f7f7c78bb105dbfd6c9c0159367848f79d52fa,CC-BY3_0-IT (http://creativecommons.org/licenses/by/3.0/deed.en),"Mascandola C., Felicetta C., Russo E., Luzi L., Lanzano G., Sgobba S., Brunelli G., Ramadan F., Pacor F., ORFEUS Strong-Motion SMC (2026). Engineering Strong Motion Database (ESM), version 3.0. Istituto Nazionale di Geofisica e Vulcanologia (INGV). https://doi.org/10.13127/esm.3",false,eligible,
ESM,IT-1997-0004,IT-1997-0004,IT.NCR..HNN.D.IT-1997-0004.ACC.MP.ASC,,HNN,IT.NCR..HNN.D.IT-1997-0004.ACC.MP.ASC,IT,NCR,,horizontal acceleration,0.005,28.875,cm/s^2,m/s^2,5775,5775,explicit:DURATION_S,387.402534,387.402534,0.3950406448685330872418206013,1997-09-26,1997-09-26T00:33:11Z,43.023,12.892,validation,https://esm-db.eu/esmws/eventdata/1/query?eventid=IT-1997-0004&catalog=ESM&network=IT&station=NCR&location=&channel=HN%2A&format=ascii&processing-type=MP&data-type=ACC&quality-class=BAD,source_processed:MP;project_unit_normalized:cm/s^2->m/s^2,MP,BAD,e09fb8d3bf66a997f02429fbf447f31edf9dcd177a2884436cfad46e7547dc1e,559136846c0eb6b704f64dfaf8b784cd7b004318cee6b696f4234009de3d1827,CC-BY3_0-IT (http://creativecommons.org/licenses/by/3.0/deed.en),"Mascandola C., Felicetta C., Russo E., Luzi L., Lanzano G., Sgobba S., Brunelli G., Ramadan F., Pacor F., ORFEUS Strong-Motion SMC (2026). Engineering Strong Motion Database (ESM), version 3.0. Istituto Nazionale di Geofisica e Vulcanologia (INGV). https://doi.org/10.13127/esm.3",false,eligible,
ESM,IT-1997-0004,IT-1997-0004,IT.ASS..HNN.D.IT-1997-0004.ACC.MP.ASC,,HNN,IT.ASS..HNN.D.IT-1997-0004.ACC.MP.ASC,IT,ASS,,horizontal acceleration,0.005,25.6,cm/s^2,m/s^2,5120,5120,explicit:DURATION_S,151.793668,151.793668,0.1547864642869889309805081246,1997-09-26,1997-09-26T00:33:11Z,43.023,12.892,validation,https://esm-db.eu/esmws/eventdata/1/query?eventid=IT-1997-0004&catalog=ESM&network=IT&station=ASS&location=&channel=HN%2A&format=ascii&processing-type=MP&data-type=ACC&quality-class=BAD,source_processed:MP;project_unit_normalized:cm/s^2->m/s^2,MP,BAD,bdd7fb2d9077ec113430e9f14bc007800debccdd5d188dc0fdb06132d61a1f87,0603519d8ddfdcc418ab85d565b5b815ba9c172649336be3d7315a2209beea5e,CC-BY3_0-IT (http://creativecommons.org/licenses/by/3.0/deed.en),"Mascandola C., Felicetta C., Russo E., Luzi L., Lanzano G., Sgobba S., Brunelli G., Ramadan F., Pacor F., ORFEUS Strong-Motion SMC (2026). Engineering Strong Motion Database (ESM), version 3.0. Istituto Nazionale di Geofisica e Vulcanologia (INGV). https://doi.org/10.13127/esm.3",false,eligible,
ESM,IT-1997-0004,IT-1997-0004,IT.CLF..HNN.D.IT-1997-0004.ACC.MP.ASC,,HNN,IT.CLF..HNN.D.IT-1997-0004.ACC.MP.ASC,IT,CLF,,horizontal acceleration,0.005,44.45,cm/s^2,m/s^2,8890,8890,explicit:DURATION_S,271.424901,271.424901,0.2767763721556290884246914084,1997-09-26,1997-09-26T00:33:11Z,43.023,12.892,validation,https://esm-db.eu/esmws/eventdata/1/query?eventid=IT-1997-0004&catalog=ESM&network=IT&station=CLF&location=&channel=HN%2A&format=ascii&processing-type=MP&data-type=ACC&quality-class=BAD,source_processed:MP;project_unit_normalized:cm/s^2->m/s^2,MP,BAD,dbc918ff94f4431069bc3a3be8f19db7a3ae19b8c25d603d4b8d31ffb2634d15,8666d875a1120d2de71bec85a45dc4f9dc58ed316ded7edd4319a0f203005844,CC-BY3_0-IT (http://creativecommons.org/licenses/by/3.0/deed.en),"Mascandola C., Felicetta C., Russo E., Luzi L., Lanzano G., Sgobba S., Brunelli G., Ramadan F., Pacor F., ORFEUS Strong-Motion SMC (2026). Engineering Strong Motion Database (ESM), version 3.0. Istituto Nazionale di Geofisica e Vulcanologia (INGV). https://doi.org/10.13127/esm.3",false,eligible,
ESM,IT-1997-0091,IT-1997-0091,IT.NCR..HNE.D.IT-1997-0091.ACC.MP.ASC,,HNE,IT.NCR..HNE.D.IT-1997-0091.ACC.MP.ASC,IT,NCR,,horizontal acceleration,0.005,37.2,cm/s^2,m/s^2,7440,7440,explicit:DURATION_S,295.943862,295.943862,0.3017787542127026048650660521,1997-10-06,1997-10-06T23:24:51Z,43.023,12.849,pilot,https://esm-db.eu/esmws/eventdata/1/query?eventid=IT-1997-0091&catalog=ESM&network=IT&station=NCR&location=&channel=HN%2A&format=ascii&processing-type=MP&data-type=ACC&quality-class=BAD,source_processed:MP;project_unit_normalized:cm/s^2->m/s^2,MP,BAD,e136624ee21c6a992cbb528deced8555ee9e0bd196cd5d64ea7c2e6ca93ef6c0,9ee3f250f34eb1a5fe4d4b96d37825032a4bc141e254380000ad407ab0aa04c5,CC-BY3_0-IT (http://creativecommons.org/licenses/by/3.0/deed.en),"Mascandola C., Felicetta C., Russo E., Luzi L., Lanzano G., Sgobba S., Brunelli G., Ramadan F., Pacor F., ORFEUS Strong-Motion SMC (2026). Engineering Strong Motion Database (ESM), version 3.0. Istituto Nazionale di Geofisica e Vulcanologia (INGV). https://doi.org/10.13127/esm.3",false,eligible,
ESM,IT-1997-0091,IT-1997-0091,IT.NCR2..HNN.D.IT-1997-0091.ACC.MP.ASC,,HNN,IT.NCR2..HNN.D.IT-1997-0091.ACC.MP.ASC,IT,NCR2,,horizontal acceleration,0.005,29,cm/s^2,m/s^2,5800,5800,explicit:DURATION_S,520.700385,520.700385,0.5309666246883492324086206809,1997-10-06,1997-10-06T23:24:51Z,43.023,12.849,pilot,https://esm-db.eu/esmws/eventdata/1/query?eventid=IT-1997-0091&catalog=ESM&network=IT&station=NCR2&location=&channel=HN%2A&format=ascii&processing-type=MP&data-type=ACC&quality-class=BAD,source_processed:MP;project_unit_normalized:cm/s^2->m/s^2,MP,BAD,31cf3b022f06be0ae4c160d30cc95d28314bdf5e6ece7bd0f10f82d523827b7c,083f1109a14dd8bad26bd3158b48aedbe5c583fee6360c653ae3d4b7e54da3f3,CC-BY3_0-IT (http://creativecommons.org/licenses/by/3.0/deed.en),"Mascandola C., Felicetta C., Russo E., Luzi L., Lanzano G., Sgobba S., Brunelli G., Ramadan F., Pacor F., ORFEUS Strong-Motion SMC (2026). Engineering Strong Motion Database (ESM), version 3.0. Istituto Nazionale di Geofisica e Vulcanologia (INGV). https://doi.org/10.13127/esm.3",false,eligible,
ESM,IT-1997-0091,IT-1997-0091,IT.NCB..HNE.D.IT-1997-0091.ACC.MP.ASC,,HNE,IT.NCB..HNE.D.IT-1997-0091.ACC.MP.ASC,IT,NCB,,horizontal acceleration,0.005,25.6,cm/s^2,m/s^2,5120,5120,explicit:DURATION_S,361.904642,361.904642,0.3690400309993728745290185741,1997-10-06,1997-10-06T23:24:51Z,43.023,12.849,pilot,https://esm-db.eu/esmws/eventdata/1/query?eventid=IT-1997-0091&catalog=ESM&network=IT&station=NCB&location=&channel=HN%2A&format=ascii&processing-type=MP&data-type=ACC&quality-class=BAD,source_processed:MP;project_unit_normalized:cm/s^2->m/s^2,MP,BAD,0b8d7fc78a5b33ff180d9ce7d580e1abc032e6ab1e43257137cb8171dbb4870f,bf6ffa2707e368993bacc0c9c144bb62a1789faac51219078903c8089e1df66a,CC-BY3_0-IT (http://creativecommons.org/licenses/by/3.0/deed.en),"Mascandola C., Felicetta C., Russo E., Luzi L., Lanzano G., Sgobba S., Brunelli G., Ramadan F., Pacor F., ORFEUS Strong-Motion SMC (2026). Engineering Strong Motion Database (ESM), version 3.0. Istituto Nazionale di Geofisica e Vulcanologia (INGV). https://doi.org/10.13127/esm.3",false,eligible,
ESM,IT-1997-0091,IT-1997-0091,IT.NCM..HNE.D.IT-1997-0091.ACC.MP.ASC,,HNE,IT.NCM..HNE.D.IT-1997-0091.ACC.MP.ASC,IT,NCM,,horizontal acceleration,0.005,37.35,cm/s^2,m/s^2,7470,7470,explicit:DURATION_S,168.982039,168.982039,0.1723137248703685764251808722,1997-10-06,1997-10-06T23:24:51Z,43.023,12.849,pilot,https://esm-db.eu/esmws/eventdata/1/query?eventid=IT-1997-0091&catalog=ESM&network=IT&station=NCM&location=&channel=HN%2A&format=ascii&processing-type=MP&data-type=ACC&quality-class=BAD,source_processed:MP;project_unit_normalized:cm/s^2->m/s^2,MP,BAD,0546c50afed4f3205a5f646bfae06e4847869bc1f04a88ddf6d21691ac2c54de,2c03e82add3ffac1baed607e12f7c955491573e1f493acf737937e7f02ad0e9c,CC-BY3_0-IT (http://creativecommons.org/licenses/by/3.0/deed.en),"Mascandola C., Felicetta C., Russo E., Luzi L., Lanzano G., Sgobba S., Brunelli G., Ramadan F., Pacor F., ORFEUS Strong-Motion SMC (2026). Engineering Strong Motion Database (ESM), version 3.0. Istituto Nazionale di Geofisica e Vulcanologia (INGV). https://doi.org/10.13127/esm.3",false,eligible,
ESM,EMSC-20161026_0000095,EMSC-20161026_0000095,IT.PRE..HGE.D.EMSC-20161026_0000095.ACC.MP.ASC,,HGE,IT.PRE..HGE.D.EMSC-20161026_0000095.ACC.MP.ASC,IT,PRE,,horizontal acceleration,0.005,83.68,cm/s^2,m/s^2,16736,16736,explicit:DURATION_S,253.5513,253.5513,0.2585503714316305772103623562,2016-10-26,2016-10-26T19:18:06Z,42.9101,13.1406,pilot,https://esm-db.eu/esmws/eventdata/1/query?eventid=EMSC-20161026_0000095&catalog=ESM&network=IT&station=PRE&location=&channel=HG%2A&format=ascii&processing-type=MP&data-type=ACC&quality-class=GOOD,source_processed:MP;project_unit_normalized:cm/s^2->m/s^2,MP,GOOD,901e647e43e8a10865871f691dd83b5aa428e627d01f4937c44b1ab88ae5ceb8,98a1df996eaadf6620e6d2ff6d0edfb1e37f95949cf7491510acb151a4a85b1c,CC-BY3_0-IT (http://creativecommons.org/licenses/by/3.0/deed.en),"Mascandola C., Felicetta C., Russo E., Luzi L., Lanzano G., Sgobba S., Brunelli G., Ramadan F., Pacor F., ORFEUS Strong-Motion SMC (2026). Engineering Strong Motion Database (ESM), version 3.0. Istituto Nazionale di Geofisica e Vulcanologia (INGV). https://doi.org/10.13127/esm.3",false,eligible,
ESM,EMSC-20161026_0000095,EMSC-20161026_0000095,8P.T1216..HNE.D.EMSC-20161026_0000095.ACC.MP.ASC,,HNE,8P.T1216..HNE.D.EMSC-20161026_0000095.ACC.MP.ASC,8P,T1216,,horizontal acceleration,0.005,87.3,cm/s^2,m/s^2,17460,17460,explicit:DURATION_S,197.911758,197.911758,0.201813828371564193684897493,2016-10-26,2016-10-26T19:18:06Z,42.9101,13.1406,pilot,https://esm-db.eu/esmws/eventdata/1/query?eventid=EMSC-20161026_0000095&catalog=ESM&network=8P&station=T1216&location=&channel=HN%2A&format=ascii&processing-type=MP&data-type=ACC&quality-class=BEST,source_processed:MP;project_unit_normalized:cm/s^2->m/s^2,MP,BEST,2398147cce65bea09b198d7d6320331acd6f4cefcb52098c13d6bb5a81926f95,70305d64ea0ccc506a01cf4046fc7cf7126dba9be0ab80c179ff64c41c073b71,CC-BY4_0 (http://creativecommons.org/licenses/by/4.0/),"Mascandola C., Felicetta C., Russo E., Luzi L., Lanzano G., Sgobba S., Brunelli G., Ramadan F., Pacor F., ORFEUS Strong-Motion SMC (2026). Engineering Strong Motion Database (ESM), version 3.0. Istituto Nazionale di Geofisica e Vulcanologia (INGV). https://doi.org/10.13127/esm.3",false,eligible,
ESM,EMSC-20161026_0000095,EMSC-20161026_0000095,IT.FOC..HGE.D.EMSC-20161026_0000095.ACC.MP.ASC,,HGE,IT.FOC..HGE.D.EMSC-20161026_0000095.ACC.MP.ASC,IT,FOC,,horizontal acceleration,0.005,80,cm/s^2,m/s^2,16000,16000,explicit:DURATION_S,611.833923,611.833923,0.6238969709329893490641554455,2016-10-26,2016-10-26T19:18:06Z,42.9101,13.1406,pilot,https://esm-db.eu/esmws/eventdata/1/query?eventid=EMSC-20161026_0000095&catalog=ESM&network=IT&station=FOC&location=&channel=HG%2A&format=ascii&processing-type=MP&data-type=ACC&quality-class=BAD,source_processed:MP;project_unit_normalized:cm/s^2->m/s^2,MP,BAD,b622607fe42c8ec36fddb92df9ad8f1048650ee2b921ed897569e150307c9e09,cae06f627f2ac99b104fa11daa00068fa9be78e13a3c20e6e9727dcf9b82daae,CC-BY3_0-IT (http://creativecommons.org/licenses/by/3.0/deed.en),"Mascandola C., Felicetta C., Russo E., Luzi L., Lanzano G., Sgobba S., Brunelli G., Ramadan F., Pacor F., ORFEUS Strong-Motion SMC (2026). Engineering Strong Motion Database (ESM), version 3.0. Istituto Nazionale di Geofisica e Vulcanologia (INGV). https://doi.org/10.13127/esm.3",false,eligible,
ESM,EMSC-20161026_0000095,EMSC-20161026_0000095,IT.MMO..HGE.D.EMSC-20161026_0000095.ACC.MP.ASC,,HGE,IT.MMO..HGE.D.EMSC-20161026_0000095.ACC.MP.ASC,IT,MMO,,horizontal acceleration,0.005,43.455,cm/s^2,m/s^2,8691,8691,explicit:DURATION_S,166.928251,166.928251,0.1702194439487490631357293265,2016-10-26,2016-10-26T19:18:06Z,42.9101,13.1406,pilot,https://esm-db.eu/esmws/eventdata/1/query?eventid=EMSC-20161026_0000095&catalog=ESM&network=IT&station=MMO&location=&channel=HG%2A&format=ascii&processing-type=MP&data-type=ACC&quality-class=GOOD,source_processed:MP;project_unit_normalized:cm/s^2->m/s^2,MP,GOOD,7e6e2391d56affbbc3d0563378f6cad22ed874e80dbe30061db7b19b0b36b51b,926bf24796263bd695f6a0ecdcecd09598628f1e408c0b8c5697d4e8ee20aa56,CC-BY3_0-IT (http://creativecommons.org/licenses/by/3.0/deed.en),"Mascandola C., Felicetta C., Russo E., Luzi L., Lanzano G., Sgobba S., Brunelli G., Ramadan F., Pacor F., ORFEUS Strong-Motion SMC (2026). Engineering Strong Motion Database (ESM), version 3.0. Istituto Nazionale di Geofisica e Vulcanologia (INGV). https://doi.org/10.13127/esm.3",false,eligible,
ESM,IT-1980-0012,IT-1980-0012,IT.CLT..HNN.D.IT-1980-0012.ACC.MP.ASC,,HNN,IT.CLT..HNN.D.IT-1980-0012.ACC.MP.ASC,IT,CLT,,horizontal acceleration,0.005,130.205,cm/s^2,m/s^2,26041,26041,explicit:DURATION_S,155.076475,155.076475,0.158133995808966364660714923,1980-11-23,1980-11-23T18:34:53Z,40.76,15.31,pilot,https://esm-db.eu/esmws/eventdata/1/query?eventid=IT-1980-0012&catalog=ESM&network=IT&station=CLT&location=&channel=HN%2A&format=ascii&processing-type=MP&data-type=ACC&quality-class=UNDEF,source_processed:MP;project_unit_normalized:cm/s^2->m/s^2,MP,UNDEF,e079b30402a1ec130036e8785e01e7235dfc3691ddf1fbfcd859baaf6a61cc2f,0e2b512ab75b2d1582e77644ec5f156745a6f2c98579f03dd2eea2b1b4b71ee6,CC-BY3_0-IT (http://creativecommons.org/licenses/by/3.0/deed.en),"Mascandola C., Felicetta C., Russo E., Luzi L., Lanzano G., Sgobba S., Brunelli G., Ramadan F., Pacor F., ORFEUS Strong-Motion SMC (2026). Engineering Strong Motion Database (ESM), version 3.0. Istituto Nazionale di Geofisica e Vulcanologia (INGV). https://doi.org/10.13127/esm.3",false,eligible,
ESM,IT-1980-0012,IT-1980-0012,IT.STR..HNN.D.IT-1980-0012.ACC.MP.ASC,,HNN,IT.STR..HNN.D.IT-1980-0012.ACC.MP.ASC,IT,STR,,horizontal acceleration,0.005,130.165,cm/s^2,m/s^2,26033,26033,explicit:DURATION_S,220.988576,220.988576,0.2253456338301050817557473755,1980-11-23,1980-11-23T18:34:53Z,40.76,15.31,pilot,https://esm-db.eu/esmws/eventdata/1/query?eventid=IT-1980-0012&catalog=ESM&network=IT&station=STR&location=&channel=HN%2A&format=ascii&processing-type=MP&data-type=ACC&quality-class=UNDEF,source_processed:MP;project_unit_normalized:cm/s^2->m/s^2,MP,UNDEF,26a00a87a4c165711fde48a78e6c960bc2dba36f83163ae65512cd3af46dc633,c8361e907eca618103db85e849c75e1436ec3cb78238bc2b9f36fa150a567697,CC-BY3_0-IT (http://creativecommons.org/licenses/by/3.0/deed.en),"Mascandola C., Felicetta C., Russo E., Luzi L., Lanzano G., Sgobba S., Brunelli G., Ramadan F., Pacor F., ORFEUS Strong-Motion SMC (2026). Engineering Strong Motion Database (ESM), version 3.0. Istituto Nazionale di Geofisica e Vulcanologia (INGV). https://doi.org/10.13127/esm.3",false,eligible,
ESM,IT-1980-0012,IT-1980-0012,IT.BRN..HNE.D.IT-1980-0012.ACC.MP.ASC,,HNE,IT.BRN..HNE.D.IT-1980-0012.ACC.MP.ASC,IT,BRN,,horizontal acceleration,0.005,78.84,cm/s^2,m/s^2,15768,15768,explicit:DURATION_S,171.415842,171.415842,0.1747955132486628971157326916,1980-11-23,1980-11-23T18:34:53Z,40.76,15.31,pilot,https://esm-db.eu/esmws/eventdata/1/query?eventid=IT-1980-0012&catalog=ESM&network=IT&station=BRN&location=&channel=HN%2A&format=ascii&processing-type=MP&data-type=ACC&quality-class=GOOD,source_processed:MP;project_unit_normalized:cm/s^2->m/s^2,MP,GOOD,a4d2017c3711c6a8cfde6bb5f1344c6c33a8c9b7f103e521a6be825cfb207464,84269306f92fed63576fd1bc9fea0db5010e18d663526abb5a4ce2c89d8ed971,CC-BY3_0-IT (http://creativecommons.org/licenses/by/3.0/deed.en),"Mascandola C., Felicetta C., Russo E., Luzi L., Lanzano G., Sgobba S., Brunelli G., Ramadan F., Pacor F., ORFEUS Strong-Motion SMC (2026). Engineering Strong Motion Database (ESM), version 3.0. Istituto Nazionale di Geofisica e Vulcanologia (INGV). https://doi.org/10.13127/esm.3",false,eligible,
ESM,IT-1980-0012,IT-1980-0012,IT.CLT..HNE.D.IT-1980-0012.ACC.MP.ASC,,HNE,IT.CLT..HNE.D.IT-1980-0012.ACC.MP.ASC,IT,CLT,,horizontal acceleration,0.005,130.205,cm/s^2,m/s^2,26041,26041,explicit:DURATION_S,171.778518,171.778518,0.1751653398459208802190350425,1980-11-23,1980-11-23T18:34:53Z,40.76,15.31,pilot,https://esm-db.eu/esmws/eventdata/1/query?eventid=IT-1980-0012&catalog=ESM&network=IT&station=CLT&location=&channel=HN%2A&format=ascii&processing-type=MP&data-type=ACC&quality-class=UNDEF,source_processed:MP;project_unit_normalized:cm/s^2->m/s^2,MP,UNDEF,ad41748f85ceb271a73fa1bff74e0fba3c8bc90805cf255132b108c6fdae493c,aa606d7618c213e257976387a7d277c1452b1b19fbee6703ef649f90dd507cb7,CC-BY3_0-IT (http://creativecommons.org/licenses/by/3.0/deed.en),"Mascandola C., Felicetta C., Russo E., Luzi L., Lanzano G., Sgobba S., Brunelli G., Ramadan F., Pacor F., ORFEUS Strong-Motion SMC (2026). Engineering Strong Motion Database (ESM), version 3.0. Istituto Nazionale di Geofisica e Vulcanologia (INGV). https://doi.org/10.13127/esm.3",false,eligible,
ESM,IT-1997-0105,IT-1997-0105,IT.NCR..HNE.D.IT-1997-0105.ACC.MP.ASC,,HNE,IT.NCR..HNE.D.IT-1997-0105.ACC.MP.ASC,IT,NCR,,horizontal acceleration,0.005,29.25,cm/s^2,m/s^2,5850,5850,explicit:DURATION_S,156.029393,156.029393,0.1591057017432048660857683307,1997-10-07,1997-10-07T05:09:55Z,43.031,12.862,pilot,https://esm-db.eu/esmws/eventdata/1/query?eventid=IT-1997-0105&catalog=ESM&network=IT&station=NCR&location=&channel=HN%2A&format=ascii&processing-type=MP&data-type=ACC&quality-class=UNDEF,source_processed:MP;project_unit_normalized:cm/s^2->m/s^2,MP,UNDEF,1c4df1a10e9cccc0facc8e1cb61c9acd17dba854231c1753f2d5b0c7fa674798,a0aa2bcf6d005d69686476449ab2825f4c870950b6ef4e1e9270673d7f59c5ff,CC-BY3_0-IT (http://creativecommons.org/licenses/by/3.0/deed.en),"Mascandola C., Felicetta C., Russo E., Luzi L., Lanzano G., Sgobba S., Brunelli G., Ramadan F., Pacor F., ORFEUS Strong-Motion SMC (2026). Engineering Strong Motion Database (ESM), version 3.0. Istituto Nazionale di Geofisica e Vulcanologia (INGV). https://doi.org/10.13127/esm.3",false,eligible,
ESM,IT-1997-0105,IT-1997-0105,IT.NCR2..HNN.D.IT-1997-0105.ACC.MP.ASC,,HNN,IT.NCR2..HNN.D.IT-1997-0105.ACC.MP.ASC,IT,NCR2,,horizontal acceleration,0.005,22,cm/s^2,m/s^2,4400,4400,explicit:DURATION_S,284.942652,284.942652,0.2905606420133276909036215221,1997-10-07,1997-10-07T05:09:55Z,43.031,12.862,pilot,https://esm-db.eu/esmws/eventdata/1/query?eventid=IT-1997-0105&catalog=ESM&network=IT&station=NCR2&location=&channel=HN%2A&format=ascii&processing-type=MP&data-type=ACC&quality-class=BAD,source_processed:MP;project_unit_normalized:cm/s^2->m/s^2,MP,BAD,c617b4d833b2e8e3bcce70092bd328568b6f2dc9db3ea6da1c35ff6a848d8b2f,c9b67a8790194f4ebdeb4f7c743c4238b037d6e799b7520ad9e2aba70aa147c0,CC-BY3_0-IT (http://creativecommons.org/licenses/by/3.0/deed.en),"Mascandola C., Felicetta C., Russo E., Luzi L., Lanzano G., Sgobba S., Brunelli G., Ramadan F., Pacor F., ORFEUS Strong-Motion SMC (2026). Engineering Strong Motion Database (ESM), version 3.0. Istituto Nazionale di Geofisica e Vulcanologia (INGV). https://doi.org/10.13127/esm.3",false,eligible,
ESM,IT-1997-0105,IT-1997-0105,IT.NCR2..HNE.D.IT-1997-0105.ACC.MP.ASC,,HNE,IT.NCR2..HNE.D.IT-1997-0105.ACC.MP.ASC,IT,NCR2,,horizontal acceleration,0.005,22,cm/s^2,m/s^2,4400,4400,explicit:DURATION_S,167.060073,167.060073,0.1703538649793762395925214013,1997-10-07,1997-10-07T05:09:55Z,43.031,12.862,pilot,https://esm-db.eu/esmws/eventdata/1/query?eventid=IT-1997-0105&catalog=ESM&network=IT&station=NCR2&location=&channel=HN%2A&format=ascii&processing-type=MP&data-type=ACC&quality-class=BAD,source_processed:MP;project_unit_normalized:cm/s^2->m/s^2,MP,BAD,91639dcf291a2d1e57d16727cc8c9eafbb10e37500c6a5d60fd89db5ae33f1ea,3a09c02c798cbeb6baf4173990bad2ca4d5c2d2f0eb3ac53c315090c0fb716d2,CC-BY3_0-IT (http://creativecommons.org/licenses/by/3.0/deed.en),"Mascandola C., Felicetta C., Russo E., Luzi L., Lanzano G., Sgobba S., Brunelli G., Ramadan F., Pacor F., ORFEUS Strong-Motion SMC (2026). Engineering Strong Motion Database (ESM), version 3.0. Istituto Nazionale di Geofisica e Vulcanologia (INGV). https://doi.org/10.13127/esm.3",false,eligible,
ESM,IT-1997-0105,IT-1997-0105,IT.NCR..HNN.D.IT-1997-0105.ACC.MP.ASC,,HNN,IT.NCR..HNN.D.IT-1997-0105.ACC.MP.ASC,IT,NCR,,horizontal acceleration,0.005,29.25,cm/s^2,m/s^2,5850,5850,explicit:DURATION_S,270.734209,270.734209,0.2760720623250549372109741859,1997-10-07,1997-10-07T05:09:55Z,43.031,12.862,pilot,https://esm-db.eu/esmws/eventdata/1/query?eventid=IT-1997-0105&catalog=ESM&network=IT&station=NCR&location=&channel=HN%2A&format=ascii&processing-type=MP&data-type=ACC&quality-class=UNDEF,source_processed:MP;project_unit_normalized:cm/s^2->m/s^2,MP,UNDEF,251d32cadda9061edc5ebbac4056ef003636d0466396435ee8af34a9dbce3857,568b80d92c2d12f29996280470c97ddb42593bbadc18d6bad2dd588b8b7eb684,CC-BY3_0-IT (http://creativecommons.org/licenses/by/3.0/deed.en),"Mascandola C., Felicetta C., Russo E., Luzi L., Lanzano G., Sgobba S., Brunelli G., Ramadan F., Pacor F., ORFEUS Strong-Motion SMC (2026). Engineering Strong Motion Database (ESM), version 3.0. Istituto Nazionale di Geofisica e Vulcanologia (INGV). https://doi.org/10.13127/esm.3",false,eligible,
ESM,EMSC-20181226_0000014,EMSC-20181226_0000014,IT.SVN..HGN.D.EMSC-20181226_0000014.ACC.MP.ASC,,HGN,IT.SVN..HGN.D.EMSC-20181226_0000014.ACC.MP.ASC,IT,SVN,,horizontal acceleration,0.005,29.98,cm/s^2,m/s^2,5996,5996,explicit:DURATION_S,277.595123,277.595123,0.2830682475667021867814187312,2018-12-26,2018-12-26T02:19:14Z,37.644,15.116,confirmatory,https://esm-db.eu/esmws/eventdata/1/query?eventid=EMSC-20181226_0000014&catalog=ESM&network=IT&station=SVN&location=&channel=HG%2A&format=ascii&processing-type=MP&data-type=ACC&quality-class=BAD,source_processed:MP;project_unit_normalized:cm/s^2->m/s^2,MP,BAD,847c92233b929659abc541fcb14e02e22e304694d93c23d541ae12c876fda654,0781342e8e503a4c96c815fec8aaa6b3226a96fbc72e3432c92c67a82de4ee98,CC-BY3_0-IT (http://creativecommons.org/licenses/by/3.0/deed.en),"Mascandola C., Felicetta C., Russo E., Luzi L., Lanzano G., Sgobba S., Brunelli G., Ramadan F., Pacor F., ORFEUS Strong-Motion SMC (2026). Engineering Strong Motion Database (ESM), version 3.0. Istituto Nazionale di Geofisica e Vulcanologia (INGV). https://doi.org/10.13127/esm.3",false,eligible,
ESM,EMSC-20181226_0000014,EMSC-20181226_0000014,IV.EVRN..HNE.D.EMSC-20181226_0000014.ACC.MP.ASC,,HNE,IV.EVRN..HNE.D.EMSC-20181226_0000014.ACC.MP.ASC,IV,EVRN,,horizontal acceleration,0.005,57.905,cm/s^2,m/s^2,11581,11581,explicit:DURATION_S,294.762763,294.762763,0.3005743684132705867956947581,2018-12-26,2018-12-26T02:19:14Z,37.644,15.116,confirmatory,https://esm-db.eu/esmws/eventdata/1/query?eventid=EMSC-20181226_0000014&catalog=ESM&network=IV&station=EVRN&location=&channel=HN%2A&format=ascii&processing-type=MP&data-type=ACC&quality-class=BAD,source_processed:MP;project_unit_normalized:cm/s^2->m/s^2,MP,BAD,cdb528557a2f8eea0551a52439c247046111123e04e544c760b95ff7b8feaa9c,8416ae9530f9edf9aad2cc2a5550d5199b9b314f35b0cf16abf9ea4e5e7a8279,CC-BY4_0 (http://creativecommons.org/licenses/by/4.0/),"Mascandola C., Felicetta C., Russo E., Luzi L., Lanzano G., Sgobba S., Brunelli G., Ramadan F., Pacor F., ORFEUS Strong-Motion SMC (2026). Engineering Strong Motion Database (ESM), version 3.0. Istituto Nazionale di Geofisica e Vulcanologia (INGV). https://doi.org/10.13127/esm.3",false,eligible,
ESM,EMSC-20181226_0000014,EMSC-20181226_0000014,IT.SVN..HGE.D.EMSC-20181226_0000014.ACC.MP.ASC,,HGE,IT.SVN..HGE.D.EMSC-20181226_0000014.ACC.MP.ASC,IT,SVN,,horizontal acceleration,0.005,29.98,cm/s^2,m/s^2,5996,5996,explicit:DURATION_S,547.932251,547.932251,0.5587353999581916352679049421,2018-12-26,2018-12-26T02:19:14Z,37.644,15.116,confirmatory,https://esm-db.eu/esmws/eventdata/1/query?eventid=EMSC-20181226_0000014&catalog=ESM&network=IT&station=SVN&location=&channel=HG%2A&format=ascii&processing-type=MP&data-type=ACC&quality-class=BAD,source_processed:MP;project_unit_normalized:cm/s^2->m/s^2,MP,BAD,cb8468fa95bec6b0a56c95162ae18c88dd0be5820e82c735d56aa6cac9a7a192,4b6ad1ebde7464e855b7d004f069846aa9eb39c42c2a313371130fcc833c482b,CC-BY3_0-IT (http://creativecommons.org/licenses/by/3.0/deed.en),"Mascandola C., Felicetta C., Russo E., Luzi L., Lanzano G., Sgobba S., Brunelli G., Ramadan F., Pacor F., ORFEUS Strong-Motion SMC (2026). Engineering Strong Motion Database (ESM), version 3.0. Istituto Nazionale di Geofisica e Vulcanologia (INGV). https://doi.org/10.13127/esm.3",false,eligible,
ESM,EMSC-20181226_0000014,EMSC-20181226_0000014,IV.EVRN..HNN.D.EMSC-20181226_0000014.ACC.MP.ASC,,HNN,IV.EVRN..HNN.D.EMSC-20181226_0000014.ACC.MP.ASC,IV,EVRN,,horizontal acceleration,0.005,57.905,cm/s^2,m/s^2,11581,11581,explicit:DURATION_S,163.75385,163.75385,0.1669824557825557147445865816,2018-12-26,2018-12-26T02:19:14Z,37.644,15.116,confirmatory,https://esm-db.eu/esmws/eventdata/1/query?eventid=EMSC-20181226_0000014&catalog=ESM&network=IV&station=EVRN&location=&channel=HN%2A&format=ascii&processing-type=MP&data-type=ACC&quality-class=BAD,source_processed:MP;project_unit_normalized:cm/s^2->m/s^2,MP,BAD,694cee63bcbcfc82a6ccfcd8d84fbe641e8a6c4790b7c99ffd45a02ac23e71fa,45ef98cdb7780ddf8fefcab456dab2806e0e420764c06fcc19141f45b75f9e40,CC-BY4_0 (http://creativecommons.org/licenses/by/4.0/),"Mascandola C., Felicetta C., Russo E., Luzi L., Lanzano G., Sgobba S., Brunelli G., Ramadan F., Pacor F., ORFEUS Strong-Motion SMC (2026). Engineering Strong Motion Database (ESM), version 3.0. Istituto Nazionale di Geofisica e Vulcanologia (INGV). https://doi.org/10.13127/esm.3",false,eligible,
ESM,EMSC-20170118_0000119,EMSC-20170118_0000119,IT.PCB..HGE.D.EMSC-20170118_0000119.ACC.MP.ASC,,HGE,IT.PCB..HGE.D.EMSC-20170118_0000119.ACC.MP.ASC,IT,PCB,,horizontal acceleration,0.005,51.84,cm/s^2,m/s^2,10368,10368,explicit:DURATION_S,260.78067,260.78067,0.2659222772302468223093513075,2017-01-18,2017-01-18T13:33:37Z,42.4935,13.2747,confirmatory,https://esm-db.eu/esmws/eventdata/1/query?eventid=EMSC-20170118_0000119&catalog=ESM&network=IT&station=PCB&location=&channel=HG%2A&format=ascii&processing-type=MP&data-type=ACC&quality-class=GOOD,source_processed:MP;project_unit_normalized:cm/s^2->m/s^2,MP,GOOD,062c48a0137ff6d71c6c57c1a67bb819c76b7164e0b7e3881557a6060aee39fe,e264c8fad3f0e25876835b1ae453bf326ea6a8f6b5d961b15597d2b453d6bc83,CC-BY3_0-IT (http://creativecommons.org/licenses/by/3.0/deed.en),"Mascandola C., Felicetta C., Russo E., Luzi L., Lanzano G., Sgobba S., Brunelli G., Ramadan F., Pacor F., ORFEUS Strong-Motion SMC (2026). Engineering Strong Motion Database (ESM), version 3.0. Istituto Nazionale di Geofisica e Vulcanologia (INGV). https://doi.org/10.13127/esm.3",false,eligible,
ESM,EMSC-20170118_0000119,EMSC-20170118_0000119,IT.MSC..HGN.D.EMSC-20170118_0000119.ACC.MP.ASC,,HGN,IT.MSC..HGN.D.EMSC-20170118_0000119.ACC.MP.ASC,IT,MSC,,horizontal acceleration,0.005,43.17,cm/s^2,m/s^2,8634,8634,explicit:DURATION_S,153.854156,153.854156,0.1568875773072353963891848898,2017-01-18,2017-01-18T13:33:37Z,42.4935,13.2747,confirmatory,https://esm-db.eu/esmws/eventdata/1/query?eventid=EMSC-20170118_0000119&catalog=ESM&network=IT&station=MSC&location=&channel=HG%2A&format=ascii&processing-type=MP&data-type=ACC&quality-class=GOOD,source_processed:MP;project_unit_normalized:cm/s^2->m/s^2,MP,GOOD,a7734a8a5096aee74834f84c3df207867a63f5d84686fb9afddb0448c08bb0c5,53fd15decc02cf1dfd6f58a1bfa98c349874e94eab1be6edc55dc31661668ece,CC-BY3_0-IT (http://creativecommons.org/licenses/by/3.0/deed.en),"Mascandola C., Felicetta C., Russo E., Luzi L., Lanzano G., Sgobba S., Brunelli G., Ramadan F., Pacor F., ORFEUS Strong-Motion SMC (2026). Engineering Strong Motion Database (ESM), version 3.0. Istituto Nazionale di Geofisica e Vulcanologia (INGV). https://doi.org/10.13127/esm.3",false,eligible,
ESM,EMSC-20170118_0000119,EMSC-20170118_0000119,IT.MSCT..HGN.D.EMSC-20170118_0000119.ACC.MP.ASC,,HGN,IT.MSCT..HGN.D.EMSC-20170118_0000119.ACC.MP.ASC,IT,MSCT,,horizontal acceleration,0.005,47.02,cm/s^2,m/s^2,9404,9404,explicit:DURATION_S,160.549118,160.549118,0.1637145386039065328119184431,2017-01-18,2017-01-18T13:33:37Z,42.4935,13.2747,confirmatory,https://esm-db.eu/esmws/eventdata/1/query?eventid=EMSC-20170118_0000119&catalog=ESM&network=IT&station=MSCT&location=&channel=HG%2A&format=ascii&processing-type=MP&data-type=ACC&quality-class=BAD,source_processed:MP;project_unit_normalized:cm/s^2->m/s^2,MP,BAD,c98ed21df7a3de01d9a8f3ec4b3911f261032870ceed38fc025bf3e42f6d8290,3150f4b0195537d4a4d16129e33d795a62f921bb2963d48cce94ae75ebd78fc3,CC-BY3_0-IT (http://creativecommons.org/licenses/by/3.0/deed.en),"Mascandola C., Felicetta C., Russo E., Luzi L., Lanzano G., Sgobba S., Brunelli G., Ramadan F., Pacor F., ORFEUS Strong-Motion SMC (2026). Engineering Strong Motion Database (ESM), version 3.0. Istituto Nazionale di Geofisica e Vulcanologia (INGV). https://doi.org/10.13127/esm.3",false,eligible,
ESM,EMSC-20170118_0000119,EMSC-20170118_0000119,IT.PCB..HGN.D.EMSC-20170118_0000119.ACC.MP.ASC,,HGN,IT.PCB..HGN.D.EMSC-20170118_0000119.ACC.MP.ASC,IT,PCB,,horizontal acceleration,0.005,51.84,cm/s^2,m/s^2,10368,10368,explicit:DURATION_S,288.831635,288.831635,0.2945263010304232332141964891,2017-01-18,2017-01-18T13:33:37Z,42.4935,13.2747,confirmatory,https://esm-db.eu/esmws/eventdata/1/query?eventid=EMSC-20170118_0000119&catalog=ESM&network=IT&station=PCB&location=&channel=HG%2A&format=ascii&processing-type=MP&data-type=ACC&quality-class=GOOD,source_processed:MP;project_unit_normalized:cm/s^2->m/s^2,MP,GOOD,158f265bf738885480571dbdb4fbb6694c80beb21f09aa1e1f917236aad03f77,f15b4a4d3512c774090b1968d27c7e1fb753c87984c89d37ca5a6ff570d16e99,CC-BY3_0-IT (http://creativecommons.org/licenses/by/3.0/deed.en),"Mascandola C., Felicetta C., Russo E., Luzi L., Lanzano G., Sgobba S., Brunelli G., Ramadan F., Pacor F., ORFEUS Strong-Motion SMC (2026). Engineering Strong Motion Database (ESM), version 3.0. Istituto Nazionale di Geofisica e Vulcanologia (INGV). https://doi.org/10.13127/esm.3",false,eligible,
ESM,EMSC-20170118_0000034,EMSC-20170118_0000034,IT.MSC..HGE.D.EMSC-20170118_0000034.ACC.MP.ASC,,HGE,IT.MSC..HGE.D.EMSC-20170118_0000034.ACC.MP.ASC,IT,MSC,,horizontal acceleration,0.005,35.045,cm/s^2,m/s^2,7009,7009,explicit:DURATION_S,203.92363,203.92363,0.2079442317203122371044138416,2017-01-18,2017-01-18T10:14:10Z,42.5594,13.2911,confirmatory,https://esm-db.eu/esmws/eventdata/1/query?eventid=EMSC-20170118_0000034&catalog=ESM&network=IT&station=MSC&location=&channel=HG%2A&format=ascii&processing-type=MP&data-type=ACC&quality-class=GOOD,source_processed:MP;project_unit_normalized:cm/s^2->m/s^2,MP,GOOD,d30e92f0c293f4afe9e60460c5f756f01ae17bd2c340cec02c30495c5d846880,d174b7057b53242fc95b1c8213bb1b2010873fe62fc8c72d023a11a07a8da39f,CC-BY3_0-IT (http://creativecommons.org/licenses/by/3.0/deed.en),"Mascandola C., Felicetta C., Russo E., Luzi L., Lanzano G., Sgobba S., Brunelli G., Ramadan F., Pacor F., ORFEUS Strong-Motion SMC (2026). Engineering Strong Motion Database (ESM), version 3.0. Istituto Nazionale di Geofisica e Vulcanologia (INGV). https://doi.org/10.13127/esm.3",false,eligible,
ESM,EMSC-20170118_0000034,EMSC-20170118_0000034,IT.AMT..HGE.D.EMSC-20170118_0000034.ACC.MP.ASC,,HGE,IT.AMT..HGE.D.EMSC-20170118_0000034.ACC.MP.ASC,IT,AMT,,horizontal acceleration,0.005,40,cm/s^2,m/s^2,8000,8000,explicit:DURATION_S,305.031433,305.031433,0.3110454976979906492023269924,2017-01-18,2017-01-18T10:14:10Z,42.5594,13.2911,confirmatory,https://esm-db.eu/esmws/eventdata/1/query?eventid=EMSC-20170118_0000034&catalog=ESM&network=IT&station=AMT&location=&channel=HG%2A&format=ascii&processing-type=MP&data-type=ACC&quality-class=BAD,source_processed:MP;project_unit_normalized:cm/s^2->m/s^2,MP,BAD,70a23dddc37ffbf8ef0624bd83c3cbe81cb50cd441f02d42c520c2f0d75b3d9b,f306f79936cfdffa2470c65f23d7898fbd00af7aa932be03413074a6a9e933fe,CC-BY3_0-IT (http://creativecommons.org/licenses/by/3.0/deed.en),"Mascandola C., Felicetta C., Russo E., Luzi L., Lanzano G., Sgobba S., Brunelli G., Ramadan F., Pacor F., ORFEUS Strong-Motion SMC (2026). Engineering Strong Motion Database (ESM), version 3.0. Istituto Nazionale di Geofisica e Vulcanologia (INGV). https://doi.org/10.13127/esm.3",false,eligible,
ESM,EMSC-20170118_0000034,EMSC-20170118_0000034,IT.MSC..HGN.D.EMSC-20170118_0000034.ACC.MP.ASC,,HGN,IT.MSC..HGN.D.EMSC-20170118_0000034.ACC.MP.ASC,IT,MSC,,horizontal acceleration,0.005,35.045,cm/s^2,m/s^2,7009,7009,explicit:DURATION_S,247.211487,247.211487,0.2520855613282823390250493288,2017-01-18,2017-01-18T10:14:10Z,42.5594,13.2911,confirmatory,https://esm-db.eu/esmws/eventdata/1/query?eventid=EMSC-20170118_0000034&catalog=ESM&network=IT&station=MSC&location=&channel=HG%2A&format=ascii&processing-type=MP&data-type=ACC&quality-class=GOOD,source_processed:MP;project_unit_normalized:cm/s^2->m/s^2,MP,GOOD,bb0b687e68a1ec30a22c15cbf45bc988aa58112d12122bbe47961b900d87c669,9f26288b5fceaa6886d7d76290f71794b37c6be2a9d747c4640e7b768ed34861,CC-BY3_0-IT (http://creativecommons.org/licenses/by/3.0/deed.en),"Mascandola C., Felicetta C., Russo E., Luzi L., Lanzano G., Sgobba S., Brunelli G., Ramadan F., Pacor F., ORFEUS Strong-Motion SMC (2026). Engineering Strong Motion Database (ESM), version 3.0. Istituto Nazionale di Geofisica e Vulcanologia (INGV). https://doi.org/10.13127/esm.3",false,eligible,
ESM,EMSC-20170118_0000034,EMSC-20170118_0000034,IT.AMT..HGN.D.EMSC-20170118_0000034.ACC.MP.ASC,,HGN,IT.AMT..HGN.D.EMSC-20170118_0000034.ACC.MP.ASC,IT,AMT,,horizontal acceleration,0.005,40,cm/s^2,m/s^2,8000,8000,explicit:DURATION_S,319.21933,319.21933,0.3255131262969515583813024835,2017-01-18,2017-01-18T10:14:10Z,42.5594,13.2911,confirmatory,https://esm-db.eu/esmws/eventdata/1/query?eventid=EMSC-20170118_0000034&catalog=ESM&network=IT&station=AMT&location=&channel=HG%2A&format=ascii&processing-type=MP&data-type=ACC&quality-class=BAD,source_processed:MP;project_unit_normalized:cm/s^2->m/s^2,MP,BAD,a65b1a69b93507aaa5c6314e44c9569e2e588fc95a7019638f45a5e7e2e0aabd,689c5868956b6aa64c347e5e0d942c694c801428072c0463ce9647fb370825a7,CC-BY3_0-IT (http://creativecommons.org/licenses/by/3.0/deed.en),"Mascandola C., Felicetta C., Russo E., Luzi L., Lanzano G., Sgobba S., Brunelli G., Ramadan F., Pacor F., ORFEUS Strong-Motion SMC (2026). Engineering Strong Motion Database (ESM), version 3.0. Istituto Nazionale di Geofisica e Vulcanologia (INGV). https://doi.org/10.13127/esm.3",false,eligible,
ESM,EMSC-20161103_0000003,EMSC-20161103_0000003,IT.PBN..HGE.D.EMSC-20161103_0000003.ACC.MP.ASC,,HGE,IT.PBN..HGE.D.EMSC-20161103_0000003.ACC.MP.ASC,IT,PBN,,horizontal acceleration,0.005,33.985,cm/s^2,m/s^2,6797,6797,explicit:DURATION_S,233.78212,233.78212,0.2383914180683515777559105301,2016-11-03,2016-11-03T00:35:02Z,43.0358,13.0635,confirmatory,https://esm-db.eu/esmws/eventdata/1/query?eventid=EMSC-20161103_0000003&catalog=ESM&network=IT&station=PBN&location=&channel=HG%2A&format=ascii&processing-type=MP&data-type=ACC&quality-class=GOOD,source_processed:MP;project_unit_normalized:cm/s^2->m/s^2,MP,GOOD,6c5d76c5e2085f6bf7ce0b6f93492d30ed294b76f331182faa53cc07cd4e792b,cb29269812af91371154d3b2f9f4b0787d48aada7b79025222f5784afabb1756,CC-BY3_0-IT (http://creativecommons.org/licenses/by/3.0/deed.en),"Mascandola C., Felicetta C., Russo E., Luzi L., Lanzano G., Sgobba S., Brunelli G., Ramadan F., Pacor F., ORFEUS Strong-Motion SMC (2026). Engineering Strong Motion Database (ESM), version 3.0. Istituto Nazionale di Geofisica e Vulcanologia (INGV). https://doi.org/10.13127/esm.3",false,eligible,
ESM,EMSC-20161103_0000003,EMSC-20161103_0000003,IT.MCV..HGN.D.EMSC-20161103_0000003.ACC.MP.ASC,,HGN,IT.MCV..HGN.D.EMSC-20161103_0000003.ACC.MP.ASC,IT,MCV,,horizontal acceleration,0.005,29.825,cm/s^2,m/s^2,5965,5965,explicit:DURATION_S,148.463989,148.463989,0.1513911366266767958477155808,2016-11-03,2016-11-03T00:35:02Z,43.0358,13.0635,confirmatory,https://esm-db.eu/esmws/eventdata/1/query?eventid=EMSC-20161103_0000003&catalog=ESM&network=IT&station=MCV&location=&channel=HG%2A&format=ascii&processing-type=MP&data-type=ACC&quality-class=GOOD,source_processed:MP;project_unit_normalized:cm/s^2->m/s^2,MP,GOOD,54c61398e5ba19b167922c1415e2ae34e245ad7df8dec2795dc09bb1abf1e7d9,e5182a40c9440a32d331069e20c8a33c6c25bc447f599b06b14f1a69599a1d4c,CC-BY3_0-IT (http://creativecommons.org/licenses/by/3.0/deed.en),"Mascandola C., Felicetta C., Russo E., Luzi L., Lanzano G., Sgobba S., Brunelli G., Ramadan F., Pacor F., ORFEUS Strong-Motion SMC (2026). Engineering Strong Motion Database (ESM), version 3.0. Istituto Nazionale di Geofisica e Vulcanologia (INGV). https://doi.org/10.13127/esm.3",false,eligible,
ESM,EMSC-20161103_0000003,EMSC-20161103_0000003,8P.T1219..HNE.D.EMSC-20161103_0000003.ACC.MP.ASC,,HNE,8P.T1219..HNE.D.EMSC-20161103_0000003.ACC.MP.ASC,8P,T1219,,horizontal acceleration,0.005,65.555,cm/s^2,m/s^2,13111,13111,explicit:DURATION_S,336.87384,336.87384,0.3435157163761325223190386116,2016-11-03,2016-11-03T00:35:02Z,43.0358,13.0635,confirmatory,https://esm-db.eu/esmws/eventdata/1/query?eventid=EMSC-20161103_0000003&catalog=ESM&network=8P&station=T1219&location=&channel=HN%2A&format=ascii&processing-type=MP&data-type=ACC&quality-class=GOOD,source_processed:MP;project_unit_normalized:cm/s^2->m/s^2,MP,GOOD,19f60f7b71b4f05c042330a59c07f2f74fa876a677cdee602e38b66c71575eec,503a1490aa788ac6fe3ae2bcad938926ed8256c94fc76837753a3091f71dea81,CC-BY4_0 (http://creativecommons.org/licenses/by/4.0/),"Mascandola C., Felicetta C., Russo E., Luzi L., Lanzano G., Sgobba S., Brunelli G., Ramadan F., Pacor F., ORFEUS Strong-Motion SMC (2026). Engineering Strong Motion Database (ESM), version 3.0. Istituto Nazionale di Geofisica e Vulcanologia (INGV). https://doi.org/10.13127/esm.3",false,eligible,
ESM,EMSC-20161103_0000003,EMSC-20161103_0000003,8P.T1219..HNN.D.EMSC-20161103_0000003.ACC.MP.ASC,,HNN,8P.T1219..HNN.D.EMSC-20161103_0000003.ACC.MP.ASC,8P,T1219,,horizontal acceleration,0.005,65.555,cm/s^2,m/s^2,13111,13111,explicit:DURATION_S,253.743668,253.743668,0.2587465322000887153105290798,2016-11-03,2016-11-03T00:35:02Z,43.0358,13.0635,confirmatory,https://esm-db.eu/esmws/eventdata/1/query?eventid=EMSC-20161103_0000003&catalog=ESM&network=8P&station=T1219&location=&channel=HN%2A&format=ascii&processing-type=MP&data-type=ACC&quality-class=GOOD,source_processed:MP;project_unit_normalized:cm/s^2->m/s^2,MP,GOOD,d9df3b3a003386347f05a33b1d42320c20978b8d58098ce693b80a504ff201e4,ba958c743d071d9d8962e5a20305633c043236a5f4327cadecff1ef6f8d0be5c,CC-BY4_0 (http://creativecommons.org/licenses/by/4.0/),"Mascandola C., Felicetta C., Russo E., Luzi L., Lanzano G., Sgobba S., Brunelli G., Ramadan F., Pacor F., ORFEUS Strong-Motion SMC (2026). Engineering Strong Motion Database (ESM), version 3.0. Istituto Nazionale di Geofisica e Vulcanologia (INGV). https://doi.org/10.13127/esm.3",false,eligible,
ESM,IT-1997-0006,IT-1997-0006,IT.CLF..HNN.D.IT-1997-0006.ACC.MP.ASC,,HNN,IT.CLF..HNN.D.IT-1997-0006.ACC.MP.ASC,IT,CLF,,horizontal acceleration,0.005,48.525,cm/s^2,m/s^2,9705,9705,explicit:DURATION_S,193.777926,193.777926,0.1975984928594372186220574814,1997-09-26,1997-09-26T09:40:24Z,43.031,12.862,confirmatory,https://esm-db.eu/esmws/eventdata/1/query?eventid=IT-1997-0006&catalog=ESM&network=IT&station=CLF&location=&channel=HN%2A&format=ascii&processing-type=MP&data-type=ACC&quality-class=BAD,source_processed:MP;project_unit_normalized:cm/s^2->m/s^2,MP,BAD,649e5d46d7a9e45b95458f0f9c4e85caf9528bdfbd3146ba3090c0d7a171f49c,914f38ea460a213cd3ed56a7345c0b69341ef7c3611f2fe47cf08686f57835bf,CC-BY3_0-IT (http://creativecommons.org/licenses/by/3.0/deed.en),"Mascandola C., Felicetta C., Russo E., Luzi L., Lanzano G., Sgobba S., Brunelli G., Ramadan F., Pacor F., ORFEUS Strong-Motion SMC (2026). Engineering Strong Motion Database (ESM), version 3.0. Istituto Nazionale di Geofisica e Vulcanologia (INGV). https://doi.org/10.13127/esm.3",false,eligible,
ESM,IT-1997-0006,IT-1997-0006,IT.ASS..HNE.D.IT-1997-0006.ACC.MP.ASC,,HNE,IT.ASS..HNE.D.IT-1997-0006.ACC.MP.ASC,IT,ASS,,horizontal acceleration,0.005,29.425,cm/s^2,m/s^2,5885,5885,explicit:DURATION_S,184.351487,184.351487,0.1879862001804897696970932989,1997-09-26,1997-09-26T09:40:24Z,43.031,12.862,confirmatory,https://esm-db.eu/esmws/eventdata/1/query?eventid=IT-1997-0006&catalog=ESM&network=IT&station=ASS&location=&channel=HN%2A&format=ascii&processing-type=MP&data-type=ACC&quality-class=GOOD,source_processed:MP;project_unit_normalized:cm/s^2->m/s^2,MP,GOOD,5b20dd62ffaabf54e86fc32ca9aeb97bb1e0bcea53bae262870045247d02a583,f44c32d347e107e2ff717dd369bd507065019a62a5a31c38f6b6eee21d328e1a,CC-BY3_0-IT (http://creativecommons.org/licenses/by/3.0/deed.en),"Mascandola C., Felicetta C., Russo E., Luzi L., Lanzano G., Sgobba S., Brunelli G., Ramadan F., Pacor F., ORFEUS Strong-Motion SMC (2026). Engineering Strong Motion Database (ESM), version 3.0. Istituto Nazionale di Geofisica e Vulcanologia (INGV). https://doi.org/10.13127/esm.3",false,eligible,
ESM,IT-1997-0006,IT-1997-0006,IT.CLF..HNE.D.IT-1997-0006.ACC.MP.ASC,,HNE,IT.CLF..HNE.D.IT-1997-0006.ACC.MP.ASC,IT,CLF,,horizontal acceleration,0.005,48.525,cm/s^2,m/s^2,9705,9705,explicit:DURATION_S,223.383876,223.383876,0.2277881600750511132751755187,1997-09-26,1997-09-26T09:40:24Z,43.031,12.862,confirmatory,https://esm-db.eu/esmws/eventdata/1/query?eventid=IT-1997-0006&catalog=ESM&network=IT&station=CLF&location=&channel=HN%2A&format=ascii&processing-type=MP&data-type=ACC&quality-class=BAD,source_processed:MP;project_unit_normalized:cm/s^2->m/s^2,MP,BAD,0e7ff4ab125ebebc9231b3d7415c480765d2f45bf3823b7ecb2304d5aa155b4f,e5a0dae6ee48df1e04cf5aa2d93c7b554c0da1ccaf89b997fe8ea7446b81f4da,CC-BY3_0-IT (http://creativecommons.org/licenses/by/3.0/deed.en),"Mascandola C., Felicetta C., Russo E., Luzi L., Lanzano G., Sgobba S., Brunelli G., Ramadan F., Pacor F., ORFEUS Strong-Motion SMC (2026). Engineering Strong Motion Database (ESM), version 3.0. Istituto Nazionale di Geofisica e Vulcanologia (INGV). https://doi.org/10.13127/esm.3",false,eligible,
ESM,IT-1997-0006,IT-1997-0006,IT.NCR..HNN.D.IT-1997-0006.ACC.MP.ASC,,HNN,IT.NCR..HNN.D.IT-1997-0006.ACC.MP.ASC,IT,NCR,,horizontal acceleration,0.005,13.625,cm/s^2,m/s^2,2725,2725,explicit:DURATION_S,493.806788,493.806788,0.5035427878021546603580223624,1997-09-26,1997-09-26T09:40:24Z,43.031,12.862,confirmatory,https://esm-db.eu/esmws/eventdata/1/query?eventid=IT-1997-0006&catalog=ESM&network=IT&station=NCR&location=&channel=HN%2A&format=ascii&processing-type=MP&data-type=ACC&quality-class=BAD,source_processed:MP;project_unit_normalized:cm/s^2->m/s^2,MP,BAD,8fe44d577ade18d397f5bdc45cc97b85cd6aa700d9b5e3e58351a83bc8d9efcd,a45cc268cdf26f4b96df0f765fcd73def3790ecdbdd3562ef246f6f76661bb6b,CC-BY3_0-IT (http://creativecommons.org/licenses/by/3.0/deed.en),"Mascandola C., Felicetta C., Russo E., Luzi L., Lanzano G., Sgobba S., Brunelli G., Ramadan F., Pacor F., ORFEUS Strong-Motion SMC (2026). Engineering Strong Motion Database (ESM), version 3.0. Istituto Nazionale di Geofisica e Vulcanologia (INGV). https://doi.org/10.13127/esm.3",false,eligible,
ESM,IT-2012-0011,IT-2012-0011,TV.MIR08..HNE.D.IT-2012-0011.ACC.MP.ASC,,HNE,TV.MIR08..HNE.D.IT-2012-0011.ACC.MP.ASC,TV,MIR08,,horizontal acceleration,0.005,170.005,cm/s^2,m/s^2,34001,34001,explicit:DURATION_S,218.970374,218.970374,0.2232876405296406010207359292,2012-05-29,2012-05-29T07:00:02Z,44.8417,11.0657,confirmatory,https://esm-db.eu/esmws/eventdata/1/query?eventid=IT-2012-0011&catalog=ESM&network=TV&station=MIR08&location=&channel=HN%2A&format=ascii&processing-type=MP&data-type=ACC&quality-class=BEST,source_processed:MP;project_unit_normalized:cm/s^2->m/s^2,MP,BEST,c0215d08eda343cc4a567d72404b19c01c68cb23ee3dcb0018451265702cd66d,4a0821abf2d8c182c42d24648d802d699b5613c19da2daaa4c580d9a3f47def6,CC-BY4_0 (http://creativecommons.org/licenses/by/4.0/),"Mascandola C., Felicetta C., Russo E., Luzi L., Lanzano G., Sgobba S., Brunelli G., Ramadan F., Pacor F., ORFEUS Strong-Motion SMC (2026). Engineering Strong Motion Database (ESM), version 3.0. Istituto Nazionale di Geofisica e Vulcanologia (INGV). https://doi.org/10.13127/esm.3",false,eligible,
ESM,IT-2012-0011,IT-2012-0011,TV.MIR05..HNN.D.IT-2012-0011.ACC.MP.ASC,,HNN,TV.MIR05..HNN.D.IT-2012-0011.ACC.MP.ASC,TV,MIR05,,horizontal acceleration,0.005,150.005,cm/s^2,m/s^2,30001,30001,explicit:DURATION_S,269.313157,269.313157,0.2746229925611702263260134705,2012-05-29,2012-05-29T07:00:02Z,44.8417,11.0657,confirmatory,https://esm-db.eu/esmws/eventdata/1/query?eventid=IT-2012-0011&catalog=ESM&network=TV&station=MIR05&location=&channel=HN%2A&format=ascii&processing-type=MP&data-type=ACC&quality-class=BEST,source_processed:MP;project_unit_normalized:cm/s^2->m/s^2,MP,BEST,c196451210a84963f93fc7cfe109ab9cae33ef66e7aeeb2b125904bbdb041dae,895dcf6d1c94bd282d9bfbed5adbb801b15aa901e472db73649111f3a30c8ca3,CC-BY4_0 (http://creativecommons.org/licenses/by/4.0/),"Mascandola C., Felicetta C., Russo E., Luzi L., Lanzano G., Sgobba S., Brunelli G., Ramadan F., Pacor F., ORFEUS Strong-Motion SMC (2026). Engineering Strong Motion Database (ESM), version 3.0. Istituto Nazionale di Geofisica e Vulcanologia (INGV). https://doi.org/10.13127/esm.3",false,eligible,
ESM,IT-2012-0011,IT-2012-0011,5G.T0814..HNN.D.IT-2012-0011.ACC.MP.ASC,,HNN,5G.T0814..HNN.D.IT-2012-0011.ACC.MP.ASC,5G,T0814,,horizontal acceleration,0.005,100.005,cm/s^2,m/s^2,20001,20001,explicit:DURATION_S,495.194061,495.194061,0.5049574125720811898048773026,2012-05-29,2012-05-29T07:00:02Z,44.8417,11.0657,confirmatory,https://esm-db.eu/esmws/eventdata/1/query?eventid=IT-2012-0011&catalog=ESM&network=5G&station=T0814&location=&channel=HN%2A&format=ascii&processing-type=MP&data-type=ACC&quality-class=GOOD,source_processed:MP;project_unit_normalized:cm/s^2->m/s^2,MP,GOOD,aa45112aaa796075a806473ec8df4e259b8a70f33f37d36c48c65ab28a3b0cec,84ff1f6af47e579ded1cfbdd91a4247e2105753ddf81b9b51483cd16a7b784c0,CC-BY4_0 (http://creativecommons.org/licenses/by/4.0/),"Mascandola C., Felicetta C., Russo E., Luzi L., Lanzano G., Sgobba S., Brunelli G., Ramadan F., Pacor F., ORFEUS Strong-Motion SMC (2026). Engineering Strong Motion Database (ESM), version 3.0. Istituto Nazionale di Geofisica e Vulcanologia (INGV). https://doi.org/10.13127/esm.3",false,eligible,
ESM,IT-2012-0011,IT-2012-0011,TV.MIR02..HNN.D.IT-2012-0011.ACC.MP.ASC,,HNN,TV.MIR02..HNN.D.IT-2012-0011.ACC.MP.ASC,TV,MIR02,,horizontal acceleration,0.005,63.005,cm/s^2,m/s^2,12601,12601,explicit:DURATION_S,232.7367,232.7367,0.2373253863449801920125629037,2012-05-29,2012-05-29T07:00:02Z,44.8417,11.0657,confirmatory,https://esm-db.eu/esmws/eventdata/1/query?eventid=IT-2012-0011&catalog=ESM&network=TV&station=MIR02&location=&channel=HN%2A&format=ascii&processing-type=MP&data-type=ACC&quality-class=BEST,source_processed:MP;project_unit_normalized:cm/s^2->m/s^2,MP,BEST,303adbca6ef2b4b5f0887754b3b94d2b82efbcaf709083a6c0381312641985ca,dcb88c270e6164c96a619e3f407372cd014b093cc1d8543024ae1c21dbbc2207,CC-BY4_0 (http://creativecommons.org/licenses/by/4.0/),"Mascandola C., Felicetta C., Russo E., Luzi L., Lanzano G., Sgobba S., Brunelli G., Ramadan F., Pacor F., ORFEUS Strong-Motion SMC (2026). Engineering Strong Motion Database (ESM), version 3.0. Istituto Nazionale di Geofisica e Vulcanologia (INGV). https://doi.org/10.13127/esm.3",false,eligible,
ESM,IT-2012-0061,IT-2012-0061,IT.0MOR..HGN.D.IT-2012-0061.ACC.MP.ASC,,HGN,IT.0MOR..HGN.D.IT-2012-0061.ACC.MP.ASC,IT,0MOR,,horizontal acceleration,0.005,60.005,cm/s^2,m/s^2,12001,12001,explicit:DURATION_S,162.762941,162.762941,0.1659720098096699688476696935,2012-10-25,2012-10-25T23:05:24Z,39.8747,16.0158,confirmatory,https://esm-db.eu/esmws/eventdata/1/query?eventid=IT-2012-0061&catalog=ESM&network=IT&station=0MOR&location=&channel=HG%2A&format=ascii&processing-type=MP&data-type=ACC&quality-class=GOOD,source_processed:MP;project_unit_normalized:cm/s^2->m/s^2,MP,GOOD,0fb82e7d1bdca80e1f9a852700f12822270d46e3cfb9ebc1ab90e353d6c99ada,74f8fda37d7d7a6778f4cfa1d9d339df21486b14fdb59663407479900dcfd2fe,CC-BY3_0-IT (http://creativecommons.org/licenses/by/3.0/deed.en),"Mascandola C., Felicetta C., Russo E., Luzi L., Lanzano G., Sgobba S., Brunelli G., Ramadan F., Pacor F., ORFEUS Strong-Motion SMC (2026). Engineering Strong Motion Database (ESM), version 3.0. Istituto Nazionale di Geofisica e Vulcanologia (INGV). https://doi.org/10.13127/esm.3",false,eligible,
ESM,IT-2012-0061,IT-2012-0061,IT.MRM..HGE.D.IT-2012-0061.ACC.MP.ASC,,HGE,IT.MRM..HGE.D.IT-2012-0061.ACC.MP.ASC,IT,MRM,,horizontal acceleration,0.005,36.005,cm/s^2,m/s^2,7201,7201,explicit:DURATION_S,183.890277,183.890277,0.1875158968659022194123375465,2012-10-25,2012-10-25T23:05:24Z,39.8747,16.0158,confirmatory,https://esm-db.eu/esmws/eventdata/1/query?eventid=IT-2012-0061&catalog=ESM&network=IT&station=MRM&location=&channel=HG%2A&format=ascii&processing-type=MP&data-type=ACC&quality-class=GOOD,source_processed:MP;project_unit_normalized:cm/s^2->m/s^2,MP,GOOD,2dfeb930dba84e52143f430e1de986db4d03cdeb853ba619313994a227c105db,00305791057730efcc6e207e026fb24bb0e6ff9189a006872f1443b811d841bc,CC-BY3_0-IT (http://creativecommons.org/licenses/by/3.0/deed.en),"Mascandola C., Felicetta C., Russo E., Luzi L., Lanzano G., Sgobba S., Brunelli G., Ramadan F., Pacor F., ORFEUS Strong-Motion SMC (2026). Engineering Strong Motion Database (ESM), version 3.0. Istituto Nazionale di Geofisica e Vulcanologia (INGV). https://doi.org/10.13127/esm.3",false,eligible,
ESM,IT-2012-0061,IT-2012-0061,IT.0PAP..HGN.D.IT-2012-0061.ACC.MP.ASC,,HGN,IT.0PAP..HGN.D.IT-2012-0061.ACC.MP.ASC,IT,0PAP,,horizontal acceleration,0.005,90.235,cm/s^2,m/s^2,18047,18047,explicit:DURATION_S,234.943115,234.943115,0.2395753034930378875558931949,2012-10-25,2012-10-25T23:05:24Z,39.8747,16.0158,confirmatory,https://esm-db.eu/esmws/eventdata/1/query?eventid=IT-2012-0061&catalog=ESM&network=IT&station=0PAP&location=&channel=HG%2A&format=ascii&processing-type=MP&data-type=ACC&quality-class=GOOD,source_processed:MP;project_unit_normalized:cm/s^2->m/s^2,MP,GOOD,c69dc508f0f8059fefb862084e33824b619d13cc5fd3fea4970c194e93143280,6f4d0042ab7dea09f96588e5480427c955eeb98f78aefd9216516ca8f655e964,CC-BY3_0-IT (http://creativecommons.org/licenses/by/3.0/deed.en),"Mascandola C., Felicetta C., Russo E., Luzi L., Lanzano G., Sgobba S., Brunelli G., Ramadan F., Pacor F., ORFEUS Strong-Motion SMC (2026). Engineering Strong Motion Database (ESM), version 3.0. Istituto Nazionale di Geofisica e Vulcanologia (INGV). https://doi.org/10.13127/esm.3",false,eligible,
ESM,IT-2012-0061,IT-2012-0061,IT.0MOR..HGE.D.IT-2012-0061.ACC.MP.ASC,,HGE,IT.0MOR..HGE.D.IT-2012-0061.ACC.MP.ASC,IT,0MOR,,horizontal acceleration,0.005,60.005,cm/s^2,m/s^2,12001,12001,explicit:DURATION_S,175.142567,175.142567,0.1785957151524730667455247205,2012-10-25,2012-10-25T23:05:24Z,39.8747,16.0158,confirmatory,https://esm-db.eu/esmws/eventdata/1/query?eventid=IT-2012-0061&catalog=ESM&network=IT&station=0MOR&location=&channel=HG%2A&format=ascii&processing-type=MP&data-type=ACC&quality-class=GOOD,source_processed:MP;project_unit_normalized:cm/s^2->m/s^2,MP,GOOD,a90fe5aab7069b5e654def8e6271c062b6b0f14f04afe47d08a4f8a2985cf106,a17dcf3ae418876e9a399b8c638bc3ec380d4e6c973684e2672ee9e44f175fd5,CC-BY3_0-IT (http://creativecommons.org/licenses/by/3.0/deed.en),"Mascandola C., Felicetta C., Russo E., Luzi L., Lanzano G., Sgobba S., Brunelli G., Ramadan F., Pacor F., ORFEUS Strong-Motion SMC (2026). Engineering Strong Motion Database (ESM), version 3.0. Istituto Nazionale di Geofisica e Vulcanologia (INGV). https://doi.org/10.13127/esm.3",false,eligible,
ESM,IT-1998-0103,IT-1998-0103,IT.LRG..HNE.D.IT-1998-0103.ACC.MP.ASC,,HNE,IT.LRG..HNE.D.IT-1998-0103.ACC.MP.ASC,IT,LRG,,horizontal acceleration,0.005,19.45,cm/s^2,m/s^2,3890,3890,explicit:DURATION_S,242.227432,242.227432,0.2470032396384086308780266452,1998-09-09,1998-09-09T11:28:00Z,39.979,16.026,confirmatory,https://esm-db.eu/esmws/eventdata/1/query?eventid=IT-1998-0103&catalog=ESM&network=IT&station=LRG&location=&channel=HN%2A&format=ascii&processing-type=MP&data-type=ACC&quality-class=BAD,source_processed:MP;project_unit_normalized:cm/s^2->m/s^2,MP,BAD,b292492179ba03d006d582b6b4a20b9f52375acb07ddb4cba57b85808eef405c,774ae1fd0073c0169cf827208d734f02460cc6abb7dc2594a4d5ab7ae85cb037,CC-BY3_0-IT (http://creativecommons.org/licenses/by/3.0/deed.en),"Mascandola C., Felicetta C., Russo E., Luzi L., Lanzano G., Sgobba S., Brunelli G., Ramadan F., Pacor F., ORFEUS Strong-Motion SMC (2026). Engineering Strong Motion Database (ESM), version 3.0. Istituto Nazionale di Geofisica e Vulcanologia (INGV). https://doi.org/10.13127/esm.3",false,eligible,
ESM,IT-1998-0103,IT-1998-0103,IT.LRS..HNN.D.IT-1998-0103.ACC.MP.ASC,,HNN,IT.LRS..HNN.D.IT-1998-0103.ACC.MP.ASC,IT,LRS,,horizontal acceleration,0.005,22.115,cm/s^2,m/s^2,4423,4423,explicit:DURATION_S,161.944733,161.944733,0.1651376698464817241361729031,1998-09-09,1998-09-09T11:28:00Z,39.979,16.026,confirmatory,https://esm-db.eu/esmws/eventdata/1/query?eventid=IT-1998-0103&catalog=ESM&network=IT&station=LRS&location=&channel=HN%2A&format=ascii&processing-type=MP&data-type=ACC&quality-class=BAD,source_processed:MP;project_unit_normalized:cm/s^2->m/s^2,MP,BAD,707be56fdaf01cfcc6990e874878bf7445b4ee5f4099eac7852ec7005f2ac117,b3813c4e3ed802efe510bee9373f2d49cdbb2f66d0200a29028581e5212c18a3,CC-BY3_0-IT (http://creativecommons.org/licenses/by/3.0/deed.en),"Mascandola C., Felicetta C., Russo E., Luzi L., Lanzano G., Sgobba S., Brunelli G., Ramadan F., Pacor F., ORFEUS Strong-Motion SMC (2026). Engineering Strong Motion Database (ESM), version 3.0. Istituto Nazionale di Geofisica e Vulcanologia (INGV). https://doi.org/10.13127/esm.3",false,eligible,
ESM,IT-1998-0103,IT-1998-0103,IT.LRS..HNE.D.IT-1998-0103.ACC.MP.ASC,,HNE,IT.LRS..HNE.D.IT-1998-0103.ACC.MP.ASC,IT,LRS,,horizontal acceleration,0.005,22.115,cm/s^2,m/s^2,4423,4423,explicit:DURATION_S,152.219589,152.219589,0.1552207828361367031555118211,1998-09-09,1998-09-09T11:28:00Z,39.979,16.026,confirmatory,https://esm-db.eu/esmws/eventdata/1/query?eventid=IT-1998-0103&catalog=ESM&network=IT&station=LRS&location=&channel=HN%2A&format=ascii&processing-type=MP&data-type=ACC&quality-class=BAD,source_processed:MP;project_unit_normalized:cm/s^2->m/s^2,MP,BAD,867b91bfcbf25c1ddd1abde98e64faa9844109261b6cf6b729dff43194d62939,f13f2d04a9cd3bd833b98bedc5994b3dd36abdf1ef49a2086183e688a80cd9d1,CC-BY3_0-IT (http://creativecommons.org/licenses/by/3.0/deed.en),"Mascandola C., Felicetta C., Russo E., Luzi L., Lanzano G., Sgobba S., Brunelli G., Ramadan F., Pacor F., ORFEUS Strong-Motion SMC (2026). Engineering Strong Motion Database (ESM), version 3.0. Istituto Nazionale di Geofisica e Vulcanologia (INGV). https://doi.org/10.13127/esm.3",false,eligible,
ESM,IT-1998-0103,IT-1998-0103,IT.LRG..HNN.D.IT-1998-0103.ACC.MP.ASC,,HNN,IT.LRG..HNN.D.IT-1998-0103.ACC.MP.ASC,IT,LRG,,horizontal acceleration,0.005,19.45,cm/s^2,m/s^2,3890,3890,explicit:DURATION_S,222.184448,222.184448,0.2265650838971514227590461575,1998-09-09,1998-09-09T11:28:00Z,39.979,16.026,confirmatory,https://esm-db.eu/esmws/eventdata/1/query?eventid=IT-1998-0103&catalog=ESM&network=IT&station=LRG&location=&channel=HN%2A&format=ascii&processing-type=MP&data-type=ACC&quality-class=BAD,source_processed:MP;project_unit_normalized:cm/s^2->m/s^2,MP,BAD,eee47f00080a5ec02e8866db427b9876e969b00e1ccebedc6002d479576b7954,8768bea6088c516fb4f2ca49ebe200b6536f33694cfbe00b8450a19e4a69aa50,CC-BY3_0-IT (http://creativecommons.org/licenses/by/3.0/deed.en),"Mascandola C., Felicetta C., Russo E., Luzi L., Lanzano G., Sgobba S., Brunelli G., Ramadan F., Pacor F., ORFEUS Strong-Motion SMC (2026). Engineering Strong Motion Database (ESM), version 3.0. Istituto Nazionale di Geofisica e Vulcanologia (INGV). https://doi.org/10.13127/esm.3",false,eligible,
ESM,IT-1998-0063,IT-1998-0063,IT.NOCE..HNE.D.IT-1998-0063.ACC.MP.ASC,,HNE,IT.NOCE..HNE.D.IT-1998-0063.ACC.MP.ASC,IT,NOCE,,horizontal acceleration,0.005,43,cm/s^2,m/s^2,8600,8600,explicit:DURATION_S,194.79671,194.79671,0.1986373634217597242687360108,1998-04-05,1998-04-05T15:52:20Z,43.177,12.774,confirmatory,https://esm-db.eu/esmws/eventdata/1/query?eventid=IT-1998-0063&catalog=ESM&network=IT&station=NOCE&location=&channel=HN%2A&format=ascii&processing-type=MP&data-type=ACC&quality-class=GOOD,source_processed:MP;project_unit_normalized:cm/s^2->m/s^2,MP,GOOD,6413e012e3e646d95ceabd3247614afaeeb6f83b920321ff6445b33ace51fabd,40fcace4db4500002144be8e0544d8aebc55d0a6dfa12c60d7e12eb9a172bd19,CC-BY3_0-IT (http://creativecommons.org/licenses/by/3.0/deed.en),"Mascandola C., Felicetta C., Russo E., Luzi L., Lanzano G., Sgobba S., Brunelli G., Ramadan F., Pacor F., ORFEUS Strong-Motion SMC (2026). Engineering Strong Motion Database (ESM), version 3.0. Istituto Nazionale di Geofisica e Vulcanologia (INGV). https://doi.org/10.13127/esm.3",false,eligible,
ESM,IT-1998-0063,IT-1998-0063,IT.NOCE..HNN.D.IT-1998-0063.ACC.MP.ASC,,HNN,IT.NOCE..HNN.D.IT-1998-0063.ACC.MP.ASC,IT,NOCE,,horizontal acceleration,0.005,43,cm/s^2,m/s^2,8600,8600,explicit:DURATION_S,178.973234,178.973234,0.1825019083988925881927059699,1998-04-05,1998-04-05T15:52:20Z,43.177,12.774,confirmatory,https://esm-db.eu/esmws/eventdata/1/query?eventid=IT-1998-0063&catalog=ESM&network=IT&station=NOCE&location=&channel=HN%2A&format=ascii&processing-type=MP&data-type=ACC&quality-class=GOOD,source_processed:MP;project_unit_normalized:cm/s^2->m/s^2,MP,GOOD,311ae8e0ce0fed54c6d380dc8096f928935f2ccc299fc0f564fa1d969b61094e,ac3cbf827499a060ff98397892745fedc5816998a17953e66c75f50a12ef26fd,CC-BY3_0-IT (http://creativecommons.org/licenses/by/3.0/deed.en),"Mascandola C., Felicetta C., Russo E., Luzi L., Lanzano G., Sgobba S., Brunelli G., Ramadan F., Pacor F., ORFEUS Strong-Motion SMC (2026). Engineering Strong Motion Database (ESM), version 3.0. Istituto Nazionale di Geofisica e Vulcanologia (INGV). https://doi.org/10.13127/esm.3",false,eligible,
ESM,IT-1998-0063,IT-1998-0063,IT.NCB..HNE.D.IT-1998-0063.ACC.MP.ASC,,HNE,IT.NCB..HNE.D.IT-1998-0063.ACC.MP.ASC,IT,NCB,,horizontal acceleration,0.005,23.025,cm/s^2,m/s^2,4605,4605,explicit:DURATION_S,221.449454,221.449454,0.2258155985989099233683265947,1998-04-05,1998-04-05T15:52:20Z,43.177,12.774,confirmatory,https://esm-db.eu/esmws/eventdata/1/query?eventid=IT-1998-0063&catalog=ESM&network=IT&station=NCB&location=&channel=HN%2A&format=ascii&processing-type=MP&data-type=ACC&quality-class=BAD,source_processed:MP;project_unit_normalized:cm/s^2->m/s^2,MP,BAD,67921f7be7ad6b1c144407a79e5a58b3252e1f19b2e7cb3527b9743789a0c9df,c1c51a971e50a24a90b65ae7c66cabee9623f313cc7de7cf2bf26115d858f436,CC-BY3_0-IT (http://creativecommons.org/licenses/by/3.0/deed.en),"Mascandola C., Felicetta C., Russo E., Luzi L., Lanzano G., Sgobba S., Brunelli G., Ramadan F., Pacor F., ORFEUS Strong-Motion SMC (2026). Engineering Strong Motion Database (ESM), version 3.0. Istituto Nazionale di Geofisica e Vulcanologia (INGV). https://doi.org/10.13127/esm.3",false,eligible,
ESM,IT-1998-0063,IT-1998-0063,IT.NCR2..HNN.D.IT-1998-0063.ACC.MP.ASC,,HNN,IT.NCR2..HNN.D.IT-1998-0063.ACC.MP.ASC,IT,NCR2,,horizontal acceleration,0.005,26,cm/s^2,m/s^2,5200,5200,explicit:DURATION_S,160.867751,160.867751,0.1640394538399963290216332795,1998-04-05,1998-04-05T15:52:20Z,43.177,12.774,confirmatory,https://esm-db.eu/esmws/eventdata/1/query?eventid=IT-1998-0063&catalog=ESM&network=IT&station=NCR2&location=&channel=HN%2A&format=ascii&processing-type=MP&data-type=ACC&quality-class=GOOD,source_processed:MP;project_unit_normalized:cm/s^2->m/s^2,MP,GOOD,8b26ea609a4f93bd753809421002fd90b2885a09a257bf1f9448ac71c2ef7f68,6d4ee0c6f01ea352d8f170d3f7dbabc9622eed6812cf913f741e3fb521fc110b,CC-BY3_0-IT (http://creativecommons.org/licenses/by/3.0/deed.en),"Mascandola C., Felicetta C., Russo E., Luzi L., Lanzano G., Sgobba S., Brunelli G., Ramadan F., Pacor F., ORFEUS Strong-Motion SMC (2026). Engineering Strong Motion Database (ESM), version 3.0. Istituto Nazionale di Geofisica e Vulcanologia (INGV). https://doi.org/10.13127/esm.3",false,eligible,
ESM,IT-1997-0062,IT-1997-0062,IT.NCR..HNE.D.IT-1997-0062.ACC.MP.ASC,,HNE,IT.NCR..HNE.D.IT-1997-0062.ACC.MP.ASC,IT,NCR,,horizontal acceleration,0.005,21.115,cm/s^2,m/s^2,4223,4223,explicit:DURATION_S,152.634278,152.634278,0.1556436479327803072404949702,1997-10-03,1997-10-03T08:55:20Z,43.038,12.848,confirmatory,https://esm-db.eu/esmws/eventdata/1/query?eventid=IT-1997-0062&catalog=ESM&network=IT&station=NCR&location=&channel=HN%2A&format=ascii&processing-type=MP&data-type=ACC&quality-class=BAD,source_processed:MP;project_unit_normalized:cm/s^2->m/s^2,MP,BAD,c628c7e5865835952ca3225d552d35fce852d239a9423a92b070164c97cbcc63,aaa32410d2056d188a4333b281a3b397c8f95f5004dbbe0424c53644952a92c8,CC-BY3_0-IT (http://creativecommons.org/licenses/by/3.0/deed.en),"Mascandola C., Felicetta C., Russo E., Luzi L., Lanzano G., Sgobba S., Brunelli G., Ramadan F., Pacor F., ORFEUS Strong-Motion SMC (2026). Engineering Strong Motion Database (ESM), version 3.0. Istituto Nazionale di Geofisica e Vulcanologia (INGV). https://doi.org/10.13127/esm.3",false,eligible,
ESM,IT-1997-0062,IT-1997-0062,IT.NCR2..HNE.D.IT-1997-0062.ACC.MP.ASC,,HNE,IT.NCR2..HNE.D.IT-1997-0062.ACC.MP.ASC,IT,NCR2,,horizontal acceleration,0.005,56.5,cm/s^2,m/s^2,11300,11300,explicit:DURATION_S,174.708974,174.708974,0.1781535733405393279050440262,1997-10-03,1997-10-03T08:55:20Z,43.038,12.848,confirmatory,https://esm-db.eu/esmws/eventdata/1/query?eventid=IT-1997-0062&catalog=ESM&network=IT&station=NCR2&location=&channel=HN%2A&format=ascii&processing-type=MP&data-type=ACC&quality-class=GOOD,source_processed:MP;project_unit_normalized:cm/s^2->m/s^2,MP,GOOD,5ff2019e4235dbf48ab14435aac6a8469552ee6db8886781aca39e282db4eb81,011ae1c95c6ee922b5e962f62bf624d6f3160bcac17565db62b538caa7379e45,CC-BY3_0-IT (http://creativecommons.org/licenses/by/3.0/deed.en),"Mascandola C., Felicetta C., Russo E., Luzi L., Lanzano G., Sgobba S., Brunelli G., Ramadan F., Pacor F., ORFEUS Strong-Motion SMC (2026). Engineering Strong Motion Database (ESM), version 3.0. Istituto Nazionale di Geofisica e Vulcanologia (INGV). https://doi.org/10.13127/esm.3",false,eligible,
ESM,IT-1997-0062,IT-1997-0062,IT.CLC..HNN.D.IT-1997-0062.ACC.MP.ASC,,HNN,IT.CLC..HNN.D.IT-1997-0062.ACC.MP.ASC,IT,CLC,,horizontal acceleration,0.005,32.5,cm/s^2,m/s^2,6500,6500,explicit:DURATION_S,151.097753,151.097753,0.1540768284786343960475799585,1997-10-03,1997-10-03T08:55:20Z,43.038,12.848,confirmatory,https://esm-db.eu/esmws/eventdata/1/query?eventid=IT-1997-0062&catalog=ESM&network=IT&station=CLC&location=&channel=HN%2A&format=ascii&processing-type=MP&data-type=ACC&quality-class=GOOD,source_processed:MP;project_unit_normalized:cm/s^2->m/s^2,MP,GOOD,1ebe10a64d7d542566e12e5f43c086a4f6e8e67e867136fd8b38e2cd7d7b36e0,1918123fd5d8545da514519803bcd84eb89f704877ee210268d33f91be077130,CC-BY3_0-IT (http://creativecommons.org/licenses/by/3.0/deed.en),"Mascandola C., Felicetta C., Russo E., Luzi L., Lanzano G., Sgobba S., Brunelli G., Ramadan F., Pacor F., ORFEUS Strong-Motion SMC (2026). Engineering Strong Motion Database (ESM), version 3.0. Istituto Nazionale di Geofisica e Vulcanologia (INGV). https://doi.org/10.13127/esm.3",false,eligible,
ESM,IT-1997-0062,IT-1997-0062,IT.NCB..HNE.D.IT-1997-0062.ACC.MP.ASC,,HNE,IT.NCB..HNE.D.IT-1997-0062.ACC.MP.ASC,IT,NCB,,horizontal acceleration,0.005,49.9,cm/s^2,m/s^2,9980,9980,explicit:DURATION_S,270.15255,270.15255,0.2754789352123304084473291083,1997-10-03,1997-10-03T08:55:20Z,43.038,12.848,confirmatory,https://esm-db.eu/esmws/eventdata/1/query?eventid=IT-1997-0062&catalog=ESM&network=IT&station=NCB&location=&channel=HN%2A&format=ascii&processing-type=MP&data-type=ACC&quality-class=GOOD,source_processed:MP;project_unit_normalized:cm/s^2->m/s^2,MP,GOOD,ae251f59375112ed1ef04a7f63ece9dae6373dbb3893c2d0680f46598a65e997,80e86428d56b55ee506fa148d065801663544121717920c40071a921a32950d7,CC-BY3_0-IT (http://creativecommons.org/licenses/by/3.0/deed.en),"Mascandola C., Felicetta C., Russo E., Luzi L., Lanzano G., Sgobba S., Brunelli G., Ramadan F., Pacor F., ORFEUS Strong-Motion SMC (2026). Engineering Strong Motion Database (ESM), version 3.0. Istituto Nazionale di Geofisica e Vulcanologia (INGV). https://doi.org/10.13127/esm.3",false,eligible,
ESM,IT-2009-0009,IT-2009-0009,MN.AQU..HLN.D.IT-2009-0009.ACC.MP.ASC,,HLN,MN.AQU..HLN.D.IT-2009-0009.ACC.MP.ASC,MN,AQU,,horizontal acceleration,0.005,90,cm/s^2,m/s^2,18000,18000,explicit:DURATION_S,305.024334,305.024334,0.3110382587325947188897329873,2009-04-06,2009-04-06T01:32:40Z,42.342,13.38,confirmatory,https://esm-db.eu/esmws/eventdata/1/query?eventid=IT-2009-0009&catalog=ESM&network=MN&station=AQU&location=&channel=HL%2A&format=ascii&processing-type=MP&data-type=ACC&quality-class=BEST,source_processed:MP;project_unit_normalized:cm/s^2->m/s^2,MP,BEST,9fae990758ca8160f52f377f4ea25dd77045d051e00e993fbc458a9522886d81,bd89925dfcf9eb5e19d2afbd3c2e89ca3b7edd6a260bf3ccaf8c093c45a80e3d,CC-BY4_0 (http://creativecommons.org/licenses/by/4.0/),"Mascandola C., Felicetta C., Russo E., Luzi L., Lanzano G., Sgobba S., Brunelli G., Ramadan F., Pacor F., ORFEUS Strong-Motion SMC (2026). Engineering Strong Motion Database (ESM), version 3.0. Istituto Nazionale di Geofisica e Vulcanologia (INGV). https://doi.org/10.13127/esm.3",false,eligible,
ESM,IT-2009-0009,IT-2009-0009,IT.AQG..HNE.D.IT-2009-0009.ACC.MP.ASC,,HNE,IT.AQG..HNE.D.IT-2009-0009.ACC.MP.ASC,IT,AQG,,horizontal acceleration,0.005,100,cm/s^2,m/s^2,20000,20000,explicit:DURATION_S,437.427765,437.427765,0.4460521839771991454778135245,2009-04-06,2009-04-06T01:32:40Z,42.342,13.38,confirmatory,https://esm-db.eu/esmws/eventdata/1/query?eventid=IT-2009-0009&catalog=ESM&network=IT&station=AQG&location=&channel=HN%2A&format=ascii&processing-type=MP&data-type=ACC&quality-class=GOOD,source_processed:MP;project_unit_normalized:cm/s^2->m/s^2,MP,GOOD,3505809807d16dac0f5b5757f302f35c810491e0d228c1d67ce878c70f1b018b,8595c1f45b187271d1aac6a988c9fa8d3b266b2b01e848bb219d3e4ffb5502c7,CC-BY3_0-IT (http://creativecommons.org/licenses/by/3.0/deed.en),"Mascandola C., Felicetta C., Russo E., Luzi L., Lanzano G., Sgobba S., Brunelli G., Ramadan F., Pacor F., ORFEUS Strong-Motion SMC (2026). Engineering Strong Motion Database (ESM), version 3.0. Istituto Nazionale di Geofisica e Vulcanologia (INGV). https://doi.org/10.13127/esm.3",false,eligible,
ESM,IT-2009-0009,IT-2009-0009,IT.AQK..HNN.D.IT-2009-0009.ACC.MP.ASC,,HNN,IT.AQK..HNN.D.IT-2009-0009.ACC.MP.ASC,IT,AQK,,horizontal acceleration,0.005,100,cm/s^2,m/s^2,20000,20000,explicit:DURATION_S,346.784271,346.784271,0.3536215435444315846899807783,2009-04-06,2009-04-06T01:32:40Z,42.342,13.38,confirmatory,https://esm-db.eu/esmws/eventdata/1/query?eventid=IT-2009-0009&catalog=ESM&network=IT&station=AQK&location=&channel=HN%2A&format=ascii&processing-type=MP&data-type=ACC&quality-class=BAD,source_processed:MP;project_unit_normalized:cm/s^2->m/s^2,MP,BAD,a5e0880e3ef686e498be6ac458e51ebfea734482acbc17764d06639b28671e9d,8930ddefb3bf08fb014a7eea1617775ee02c0d05dc78bff5fc3f878aa8956c23,CC-BY3_0-IT (http://creativecommons.org/licenses/by/3.0/deed.en),"Mascandola C., Felicetta C., Russo E., Luzi L., Lanzano G., Sgobba S., Brunelli G., Ramadan F., Pacor F., ORFEUS Strong-Motion SMC (2026). Engineering Strong Motion Database (ESM), version 3.0. Istituto Nazionale di Geofisica e Vulcanologia (INGV). https://doi.org/10.13127/esm.3",false,eligible,
ESM,IT-2009-0009,IT-2009-0009,IT.AQG..HNN.D.IT-2009-0009.ACC.MP.ASC,,HNN,IT.AQG..HNN.D.IT-2009-0009.ACC.MP.ASC,IT,AQG,,horizontal acceleration,0.005,100,cm/s^2,m/s^2,20000,20000,explicit:DURATION_S,479.266876,479.266876,0.4887162038004823257687385601,2009-04-06,2009-04-06T01:32:40Z,42.342,13.38,confirmatory,https://esm-db.eu/esmws/eventdata/1/query?eventid=IT-2009-0009&catalog=ESM&network=IT&station=AQG&location=&channel=HN%2A&format=ascii&processing-type=MP&data-type=ACC&quality-class=GOOD,source_processed:MP;project_unit_normalized:cm/s^2->m/s^2,MP,GOOD,97af644cc2ae25c68a6d29c0fa2287f6b4dc59fc7999fb66ad3869bb7bbfc9d2,7b473e7b503fdabbd923354c48f72dc1453ee06ffcd0fe9146485838249aba56,CC-BY3_0-IT (http://creativecommons.org/licenses/by/3.0/deed.en),"Mascandola C., Felicetta C., Russo E., Luzi L., Lanzano G., Sgobba S., Brunelli G., Ramadan F., Pacor F., ORFEUS Strong-Motion SMC (2026). Engineering Strong Motion Database (ESM), version 3.0. Istituto Nazionale di Geofisica e Vulcanologia (INGV). https://doi.org/10.13127/esm.3",false,eligible,
ESM,EMSC-20160824_0000006,EMSC-20160824_0000006,IT.AMT..HGE.D.EMSC-20160824_0000006.ACC.MP.ASC,,HGE,IT.AMT..HGE.D.EMSC-20160824_0000006.ACC.MP.ASC,IT,AMT,,horizontal acceleration,0.005,27.895,cm/s^2,m/s^2,5579,5579,explicit:DURATION_S,850.803528,850.803528,0.8675781515604207349094746932,2016-08-24,2016-08-24T01:36:32Z,42.6983,13.2335,confirmatory,https://esm-db.eu/esmws/eventdata/1/query?eventid=EMSC-20160824_0000006&catalog=ESM&network=IT&station=AMT&location=&channel=HG%2A&format=ascii&processing-type=MP&data-type=ACC&quality-class=BAD,source_processed:MP;project_unit_normalized:cm/s^2->m/s^2,MP,BAD,4738d1b2e8b09bc050fa1fe62303c7086652c0158c2a2e36c1623bde347cb14a,db7cc75ab53ea02231e460c9ace6932bd95d9affd2a3784c0d823ca8ecc81f58,CC-BY3_0-IT (http://creativecommons.org/licenses/by/3.0/deed.en),"Mascandola C., Felicetta C., Russo E., Luzi L., Lanzano G., Sgobba S., Brunelli G., Ramadan F., Pacor F., ORFEUS Strong-Motion SMC (2026). Engineering Strong Motion Database (ESM), version 3.0. Istituto Nazionale di Geofisica e Vulcanologia (INGV). https://doi.org/10.13127/esm.3",false,eligible,
ESM,EMSC-20160824_0000006,EMSC-20160824_0000006,IT.NOR..HGE.D.EMSC-20160824_0000006.ACC.MP.ASC,,HGE,IT.NOR..HGE.D.EMSC-20160824_0000006.ACC.MP.ASC,IT,NOR,,horizontal acceleration,0.005,39.95,cm/s^2,m/s^2,7990,7990,explicit:DURATION_S,197.905762,197.905762,0.2018077141531511780271550428,2016-08-24,2016-08-24T01:36:32Z,42.6983,13.2335,confirmatory,https://esm-db.eu/esmws/eventdata/1/query?eventid=EMSC-20160824_0000006&catalog=ESM&network=IT&station=NOR&location=&channel=HG%2A&format=ascii&processing-type=MP&data-type=ACC&quality-class=GOOD,source_processed:MP;project_unit_normalized:cm/s^2->m/s^2,MP,GOOD,3ba25303da17ee8d2c98064c8b0221e9334b1d496d71c2c998347b8275d54b8e,a4436daff6638cd9f9c4794d505b81e8acf798f2d032eba2644109ce816519d4,CC-BY3_0-IT (http://creativecommons.org/licenses/by/3.0/deed.en),"Mascandola C., Felicetta C., Russo E., Luzi L., Lanzano G., Sgobba S., Brunelli G., Ramadan F., Pacor F., ORFEUS Strong-Motion SMC (2026). Engineering Strong Motion Database (ESM), version 3.0. Istituto Nazionale di Geofisica e Vulcanologia (INGV). https://doi.org/10.13127/esm.3",false,eligible,
ESM,EMSC-20160824_0000006,EMSC-20160824_0000006,IT.NOR..HGN.D.EMSC-20160824_0000006.ACC.MP.ASC,,HGN,IT.NOR..HGN.D.EMSC-20160824_0000006.ACC.MP.ASC,IT,NOR,,horizontal acceleration,0.005,39.95,cm/s^2,m/s^2,7990,7990,explicit:DURATION_S,176.669769,176.669769,0.1801530277923653847134342512,2016-08-24,2016-08-24T01:36:32Z,42.6983,13.2335,confirmatory,https://esm-db.eu/esmws/eventdata/1/query?eventid=EMSC-20160824_0000006&catalog=ESM&network=IT&station=NOR&location=&channel=HG%2A&format=ascii&processing-type=MP&data-type=ACC&quality-class=GOOD,source_processed:MP;project_unit_normalized:cm/s^2->m/s^2,MP,GOOD,bf67ccf87bc5e4c7c835d9f84126a30023af6aea0e440a729ef9359cf14fbfa7,2c0943edceb24931de97c8b7ea8e4476644c339d26ffa71d143a21abf32b271f,CC-BY3_0-IT (http://creativecommons.org/licenses/by/3.0/deed.en),"Mascandola C., Felicetta C., Russo E., Luzi L., Lanzano G., Sgobba S., Brunelli G., Ramadan F., Pacor F., ORFEUS Strong-Motion SMC (2026). Engineering Strong Motion Database (ESM), version 3.0. Istituto Nazionale di Geofisica e Vulcanologia (INGV). https://doi.org/10.13127/esm.3",false,eligible,
ESM,EMSC-20160824_0000006,EMSC-20160824_0000006,IT.FOC..HGE.D.EMSC-20160824_0000006.ACC.MP.ASC,,HGE,IT.FOC..HGE.D.EMSC-20160824_0000006.ACC.MP.ASC,IT,FOC,,horizontal acceleration,0.005,60,cm/s^2,m/s^2,12000,12000,explicit:DURATION_S,256.19635,256.19635,0.26124757180076784630837238,2016-08-24,2016-08-24T01:36:32Z,42.6983,13.2335,confirmatory,https://esm-db.eu/esmws/eventdata/1/query?eventid=EMSC-20160824_0000006&catalog=ESM&network=IT&station=FOC&location=&channel=HG%2A&format=ascii&processing-type=MP&data-type=ACC&quality-class=GOOD,source_processed:MP;project_unit_normalized:cm/s^2->m/s^2,MP,GOOD,1f7778fb8143661359b278a565fc9396d7d9ba5907b1c56adb1b95e9d7e67e62,3dff5c51ff0d1f8d4996f10fd087e0792398e84d32329990a45798d61e5c4ea7,CC-BY3_0-IT (http://creativecommons.org/licenses/by/3.0/deed.en),"Mascandola C., Felicetta C., Russo E., Luzi L., Lanzano G., Sgobba S., Brunelli G., Ramadan F., Pacor F., ORFEUS Strong-Motion SMC (2026). Engineering Strong Motion Database (ESM), version 3.0. Istituto Nazionale di Geofisica e Vulcanologia (INGV). https://doi.org/10.13127/esm.3",false,eligible,
