world_id,source,event_id,record_id,partition,building_height_stories,realization_id,is_nominal,mass_scale,stiffness_scale,damping_ratio,damper_capacity_scale,lhs_seed,archetype_id
fdec4045b9835bcbf1cd8294666d2eb9712a0f4e34e114683c0ead526f946501,ESM,IT-1980-0030,IT.CNP..HNN.D.IT-1980-0030.ACC.MP.ASC,training,3,nominal,true,1,1,0.050000000000000003,1,24681357,canonical-shear-friction-v0.8.1
c83b8cc94cf3b642df7eff94c4a592e778da2b1497902ab40678bf2278e5fc19,ESM,IT-1980-0030,IT.CNP..HNN.D.IT-1980-0030.ACC.MP.ASC,training,3,lhs-1,false,1.055345003920092,0.91186441049273859,0.058766975947465362,1.0991779467262428,24681357,canonical-shear-friction-v0.8.1
99c04182b48e59f4cbcd0b1f4ba22d38ab9c17b2dac2996f2b30630228f56ae6,ESM,IT-1980-0030,IT.CNP..HNN.D.IT-1980-0030.ACC.MP.ASC,training,3,lhs-2,false,0.93530801801650687,0.953478937041492,0.050077687460435838,0.94748395915337158,24681357,canonical-shear-friction-v0.8.1
172178320547405a0f5030987102f311eafc2a8e2802a08c490aef10ce98c0b0,ESM,IT-1980-0030,IT.CNP..HNN.D.IT-1980-0030.ACC.MP.ASC,training,3,lhs-3,false,0.98012715606141543,1.0955005541028737,0.043992240427104604,1.0147451705015114,24681357,canonical-shear-friction-v0.8.1
29189e53bd84011408ecb653be5da8a0329b7222494fbba8a431ce94465f7e09,ESM,IT-1980-0030,IT.CNP..HNN.D.IT-1980-0030.ACC.MP.ASC,training,6,nominal,true,1,1,0.050000000000000003,1,24681357,canonical-shear-friction-v0.8.1
9812afe63dba489d8a117a2249d63d1bfad9412ed9df96a47c65e4325eae46ad,ESM,IT-1980-0030,IT.CNP..HNN.D.IT-1980-0030.ACC.MP.ASC,training,6,lhs-1,false,1.055345003920092,0.91186441049273859,0.058766975947465362,1.0991779467262428,24681357,canonical-shear-friction-v0.8.1
e28d468bba497d651cbaa989cba61d93c6d217c9e00402e2d6e9f4e6091e57d4,ESM,IT-1980-0030,IT.CNP..HNN.D.IT-1980-0030.ACC.MP.ASC,training,6,lhs-2,false,0.93530801801650687,0.953478937041492,0.050077687460435838,0.94748395915337158,24681357,canonical-shear-friction-v0.8.1
98e945a6f20b4c1f109b9c671b0fe153f631d1a2bbd3303fab52fb320fc14943,ESM,IT-1980-0030,IT.CNP..HNN.D.IT-1980-0030.ACC.MP.ASC,training,6,lhs-3,false,0.98012715606141543,1.0955005541028737,0.043992240427104604,1.0147451705015114,24681357,canonical-shear-friction-v0.8.1
6cb024f8acf2b5277944c62c218096350fad5b62bbc452cdcd25f3241aa796e5,ESM,IT-1980-0030,IT.CNP..HNN.D.IT-1980-0030.ACC.MP.ASC,training,10,nominal,true,1,1,0.050000000000000003,1,24681357,canonical-shear-friction-v0.8.1
3423cc2d35291579ae27491c0b8674b07f67ab0f9eedfcb5b340bec5fcc52e96,ESM,IT-1980-0030,IT.CNP..HNN.D.IT-1980-0030.ACC.MP.ASC,training,10,lhs-1,false,1.055345003920092,0.91186441049273859,0.058766975947465362,1.0991779467262428,24681357,canonical-shear-friction-v0.8.1
8a81612daf8ef04769310bad815d9f2c3451ae2bc2c23994693c0483019d331e,ESM,IT-1980-0030,IT.CNP..HNN.D.IT-1980-0030.ACC.MP.ASC,training,10,lhs-2,false,0.93530801801650687,0.953478937041492,0.050077687460435838,0.94748395915337158,24681357,canonical-shear-friction-v0.8.1
bc38691d9789e4636603578011e4ab9d3f34f8ea89c2a314212814668382810d,ESM,IT-1980-0030,IT.CNP..HNN.D.IT-1980-0030.ACC.MP.ASC,training,10,lhs-3,false,0.98012715606141543,1.0955005541028737,0.043992240427104604,1.0147451705015114,24681357,canonical-shear-friction-v0.8.1
feb1072fd76f4905f948c8ecb09be88b036d3ffb2ee3e4f0db51785aa3ce7549,ESM,IT-1980-0030,IT.CNP..HNN.D.IT-1980-0030.ACC.MP.ASC,training,20,nominal,true,1,1,0.050000000000000003,1,24681357,canonical-shear-friction-v0.8.1
950f93e0c752ebdef47fc1f08750216c3cc068b0d19066bb6e4014ec1f558011,ESM,IT-1980-0030,IT.CNP..HNN.D.IT-1980-0030.ACC.MP.ASC,training,20,lhs-1,false,1.055345003920092,0.91186441049273859,0.058766975947465362,1.0991779467262428,24681357,canonical-shear-friction-v0.8.1
e6b78c80f33efa928de45ca88f16ced7f66080b658ea0ded89f1c793e7cea643,ESM,IT-1980-0030,IT.CNP..HNN.D.IT-1980-0030.ACC.MP.ASC,training,20,lhs-2,false,0.93530801801650687,0.953478937041492,0.050077687460435838,0.94748395915337158,24681357,canonical-shear-friction-v0.8.1
c87e04f6a4d69e5f9951eb54ce647c013eda17bb30172cd4e5607328603b2b0d,ESM,IT-1980-0030,IT.CNP..HNN.D.IT-1980-0030.ACC.MP.ASC,training,20,lhs-3,false,0.98012715606141543,1.0955005541028737,0.043992240427104604,1.0147451705015114,24681357,canonical-shear-friction-v0.8.1
348d570c0c7aac72e7390365a1112e1e034fb412d21a65bc8516fe8507e628d9,ESM,IT-1980-0030,IT.CR1..HNE.D.IT-1980-0030.ACC.MP.ASC,training,3,nominal,true,1,1,0.050000000000000003,1,24681357,canonical-shear-friction-v0.8.1
6b528e0f290d5c0281b1e62da0cbe6a350877c6207f0b8de285a54a152fc7ed5,ESM,IT-1980-0030,IT.CR1..HNE.D.IT-1980-0030.ACC.MP.ASC,training,3,lhs-1,false,1.055345003920092,0.91186441049273859,0.058766975947465362,1.0991779467262428,24681357,canonical-shear-friction-v0.8.1
4c04938a9450f574418ddbf2302da8834c609d098c203fd696fe10e03f8fd0e1,ESM,IT-1980-0030,IT.CR1..HNE.D.IT-1980-0030.ACC.MP.ASC,training,3,lhs-2,false,0.93530801801650687,0.953478937041492,0.050077687460435838,0.94748395915337158,24681357,canonical-shear-friction-v0.8.1
0f911cf31582a9bf98cbecd2df61a13fa72bd741e16f6a7070d426265b1441d8,ESM,IT-1980-0030,IT.CR1..HNE.D.IT-1980-0030.ACC.MP.ASC,training,3,lhs-3,false,0.98012715606141543,1.0955005541028737,0.043992240427104604,1.0147451705015114,24681357,canonical-shear-friction-v0.8.1
de8e3336582c367bb0be2c757fcfb09a0ea9136c960a4b1072e979483383e77c,ESM,IT-1980-0030,IT.CR1..HNE.D.IT-1980-0030.ACC.MP.ASC,training,6,nominal,true,1,1,0.050000000000000003,1,24681357,canonical-shear-friction-v0.8.1
9c45f5804b2ad9b218fe5136d3df09a5c99de9f7b5e0f866c751aa787899b793,ESM,IT-1980-0030,IT.CR1..HNE.D.IT-1980-0030.ACC.MP.ASC,training,6,lhs-1,false,1.055345003920092,0.91186441049273859,0.058766975947465362,1.0991779467262428,24681357,canonical-shear-friction-v0.8.1
4a775f0d1180116f58b3baadd3b5a4ef4cc96f8783c17cc9623cebc6a519399e,ESM,IT-1980-0030,IT.CR1..HNE.D.IT-1980-0030.ACC.MP.ASC,training,6,lhs-2,false,0.93530801801650687,0.953478937041492,0.050077687460435838,0.94748395915337158,24681357,canonical-shear-friction-v0.8.1
f8dd6fe95d7f9a714453445e523692eb075c657347b679a0addf903ec4d67fda,ESM,IT-1980-0030,IT.CR1..HNE.D.IT-1980-0030.ACC.MP.ASC,training,6,lhs-3,false,0.98012715606141543,1.0955005541028737,0.043992240427104604,1.0147451705015114,24681357,canonical-shear-friction-v0.8.1
450ce77e83a10a5644c7455f21e85e425564ef5cc81a4c49a1e36e1c77ac692f,ESM,IT-1980-0030,IT.CR1..HNE.D.IT-1980-0030.ACC.MP.ASC,training,10,nominal,true,1,1,0.050000000000000003,1,24681357,canonical-shear-friction-v0.8.1
9e3f8431fd5e160d43e0d16badbc497e09afdd7e0978f524fe2367000bb843a5,ESM,IT-1980-0030,IT.CR1..HNE.D.IT-1980-0030.ACC.MP.ASC,training,10,lhs-1,false,1.055345003920092,0.91186441049273859,0.058766975947465362,1.0991779467262428,24681357,canonical-shear-friction-v0.8.1
0ff173aed205ce03a424a9ec3082fec955f22c537eeba73b5ee678a71206dcf9,ESM,IT-1980-0030,IT.CR1..HNE.D.IT-1980-0030.ACC.MP.ASC,training,10,lhs-2,false,0.93530801801650687,0.953478937041492,0.050077687460435838,0.94748395915337158,24681357,canonical-shear-friction-v0.8.1
ef15f308b9ebb33881346642ab77d3313548e9754718c7c42c5778ce2bbf93cb,ESM,IT-1980-0030,IT.CR1..HNE.D.IT-1980-0030.ACC.MP.ASC,training,10,lhs-3,false,0.98012715606141543,1.0955005541028737,0.043992240427104604,1.0147451705015114,24681357,canonical-shear-friction-v0.8.1
3a9769402d6b8a71eae69430461d3b8130eaa1593018336523eaa00a74ee2745,ESM,IT-1980-0030,IT.CR1..HNE.D.IT-1980-0030.ACC.MP.ASC,training,20,nominal,true,1,1,0.050000000000000003,1,24681357,canonical-shear-friction-v0.8.1
f10d1bc48e63097a9e10a26b6e3b88b759ca3e4fb6135db9c97198d89d0899c6,ESM,IT-1980-0030,IT.CR1..HNE.D.IT-1980-0030.ACC.MP.ASC,training,20,lhs-1,false,1.055345003920092,0.91186441049273859,0.058766975947465362,1.0991779467262428,24681357,canonical-shear-friction-v0.8.1
ccb47806e7ed996fc300e4d9f80430f5893b92289c6e8674d0f1c33ff56f5e04,ESM,IT-1980-0030,IT.CR1..HNE.D.IT-1980-0030.ACC.MP.ASC,training,20,lhs-2,false,0.93530801801650687,0.953478937041492,0.050077687460435838,0.94748395915337158,24681357,canonical-shear-friction-v0.8.1
17c8cf3ba721d98da7f2f0f0e6c529e6d1bd55b2ebf56dfb83ae817abe2b0f8c,ESM,IT-1980-0030,IT.CR1..HNE.D.IT-1980-0030.ACC.MP.ASC,training,20,lhs-3,false,0.98012715606141543,1.0955005541028737,0.043992240427104604,1.0147451705015114,24681357,canonical-shear-friction-v0.8.1
d7f12d06ea5f9929922e886ac47f1c85c9455f42bfad11a48e1713eaa75ecd7c,ESM,IT-1980-0030,IT.CNP..HNE.D.IT-1980-0030.ACC.MP.ASC,training,3,nominal,true,1,1,0.050000000000000003,1,24681357,canonical-shear-friction-v0.8.1
64fd3e2412d102059c6c59399142a5a2d46703ee7752b9525239f5cae023bdfb,ESM,IT-1980-0030,IT.CNP..HNE.D.IT-1980-0030.ACC.MP.ASC,training,3,lhs-1,false,1.055345003920092,0.91186441049273859,0.058766975947465362,1.0991779467262428,24681357,canonical-shear-friction-v0.8.1
1d4740fcaaca3ad06390b0a5c1f2f5685d785430293befabbb6b64c86aa01397,ESM,IT-1980-0030,IT.CNP..HNE.D.IT-1980-0030.ACC.MP.ASC,training,3,lhs-2,false,0.93530801801650687,0.953478937041492,0.050077687460435838,0.94748395915337158,24681357,canonical-shear-friction-v0.8.1
fa9044e97a2a92d1c50c380cc43ae30a8b5a6cea51fcac473225071304dd0da9,ESM,IT-1980-0030,IT.CNP..HNE.D.IT-1980-0030.ACC.MP.ASC,training,3,lhs-3,false,0.98012715606141543,1.0955005541028737,0.043992240427104604,1.0147451705015114,24681357,canonical-shear-friction-v0.8.1
7948a1f36872f417822431b7c29e5d677c03d30767ca09560191fcb7d3a973a6,ESM,IT-1980-0030,IT.CNP..HNE.D.IT-1980-0030.ACC.MP.ASC,training,6,nominal,true,1,1,0.050000000000000003,1,24681357,canonical-shear-friction-v0.8.1
07d483df78abe37a863cc2f874e843cba01728c814924acd8f59ce97b5d69deb,ESM,IT-1980-0030,IT.CNP..HNE.D.IT-1980-0030.ACC.MP.ASC,training,6,lhs-1,false,1.055345003920092,0.91186441049273859,0.058766975947465362,1.0991779467262428,24681357,canonical-shear-friction-v0.8.1
c1ecbf9ed9c8e523396e82ca30736769ac1108b101a0cfae549351740bb4433b,ESM,IT-1980-0030,IT.CNP..HNE.D.IT-1980-0030.ACC.MP.ASC,training,6,lhs-2,false,0.93530801801650687,0.953478937041492,0.050077687460435838,0.94748395915337158,24681357,canonical-shear-friction-v0.8.1
f18eb449a2c0599437f575cd95d84427e8f6b7c35f13180a6b9737c1cb7409c8,ESM,IT-1980-0030,IT.CNP..HNE.D.IT-1980-0030.ACC.MP.ASC,training,6,lhs-3,false,0.98012715606141543,1.0955005541028737,0.043992240427104604,1.0147451705015114,24681357,canonical-shear-friction-v0.8.1
d686b0c48666d58dfcf2d3ecc66d09c3bc67a7b47eb9eac2698bff37a517ecdc,ESM,IT-1980-0030,IT.CNP..HNE.D.IT-1980-0030.ACC.MP.ASC,training,10,nominal,true,1,1,0.050000000000000003,1,24681357,canonical-shear-friction-v0.8.1
f69aaeff47f98e9d575795172bded77e02bcad28d6c248d60f82c7333949bf8b,ESM,IT-1980-0030,IT.CNP..HNE.D.IT-1980-0030.ACC.MP.ASC,training,10,lhs-1,false,1.055345003920092,0.91186441049273859,0.058766975947465362,1.0991779467262428,24681357,canonical-shear-friction-v0.8.1
dd10c7dba9822b9712db68cd1a9684027973aa93ee556170a875b97563b71e39,ESM,IT-1980-0030,IT.CNP..HNE.D.IT-1980-0030.ACC.MP.ASC,training,10,lhs-2,false,0.93530801801650687,0.953478937041492,0.050077687460435838,0.94748395915337158,24681357,canonical-shear-friction-v0.8.1
6cab17960d10252fb2859c81b5718b24592cdcaa1d2edb04645a31d33cb20175,ESM,IT-1980-0030,IT.CNP..HNE.D.IT-1980-0030.ACC.MP.ASC,training,10,lhs-3,false,0.98012715606141543,1.0955005541028737,0.043992240427104604,1.0147451705015114,24681357,canonical-shear-friction-v0.8.1
fc0dcd4b87eb0931c8c5d85c0d95258406741ac389927005c1999ab695763dc2,ESM,IT-1980-0030,IT.CNP..HNE.D.IT-1980-0030.ACC.MP.ASC,training,20,nominal,true,1,1,0.050000000000000003,1,24681357,canonical-shear-friction-v0.8.1
262ed0009083ad7dee05aea6c604d65810845ab518fa978c911917cffa7ab8b3,ESM,IT-1980-0030,IT.CNP..HNE.D.IT-1980-0030.ACC.MP.ASC,training,20,lhs-1,false,1.055345003920092,0.91186441049273859,0.058766975947465362,1.0991779467262428,24681357,canonical-shear-friction-v0.8.1
93cac3916c32d73da72b4e35560e6fd940eaa08d04d4349a1c372ece84bfd19a,ESM,IT-1980-0030,IT.CNP..HNE.D.IT-1980-0030.ACC.MP.ASC,training,20,lhs-2,false,0.93530801801650687,0.953478937041492,0.050077687460435838,0.94748395915337158,24681357,canonical-shear-friction-v0.8.1
1f1f53178ab16693131fe9a0bf3d62fa26214771c9404a9774b8ff11a674fc9b,ESM,IT-1980-0030,IT.CNP..HNE.D.IT-1980-0030.ACC.MP.ASC,training,20,lhs-3,false,0.98012715606141543,1.0955005541028737,0.043992240427104604,1.0147451705015114,24681357,canonical-shear-friction-v0.8.1
2aad7c6a7cfe0e4a1e09322d96b5a2286a97e38f9c6eca49ffee3a1e9d3f0062,ESM,IT-1980-0030,IT.CR1..HNN.D.IT-1980-0030.ACC.MP.ASC,training,3,nominal,true,1,1,0.050000000000000003,1,24681357,canonical-shear-friction-v0.8.1
f136029f92b55261778089fbe50c4a761394b0c29d847d6de8ea5e389f622704,ESM,IT-1980-0030,IT.CR1..HNN.D.IT-1980-0030.ACC.MP.ASC,training,3,lhs-1,false,1.055345003920092,0.91186441049273859,0.058766975947465362,1.0991779467262428,24681357,canonical-shear-friction-v0.8.1
a5439c5f02ef14dc43af15f9df12ce12301ccfdd5d3aa6a26534ef95ef8e9642,ESM,IT-1980-0030,IT.CR1..HNN.D.IT-1980-0030.ACC.MP.ASC,training,3,lhs-2,false,0.93530801801650687,0.953478937041492,0.050077687460435838,0.94748395915337158,24681357,canonical-shear-friction-v0.8.1
0d5955475325fd2a90f76a6cdb671fb260554ec2da2a7c6f723f84cf8d3cc0f8,ESM,IT-1980-0030,IT.CR1..HNN.D.IT-1980-0030.ACC.MP.ASC,training,3,lhs-3,false,0.98012715606141543,1.0955005541028737,0.043992240427104604,1.0147451705015114,24681357,canonical-shear-friction-v0.8.1
7e378699ce88dd2bfe9a173ea5dce351929f29a68b1d43c2564e5b3c97e25252,ESM,IT-1980-0030,IT.CR1..HNN.D.IT-1980-0030.ACC.MP.ASC,training,6,nominal,true,1,1,0.050000000000000003,1,24681357,canonical-shear-friction-v0.8.1
322192ec4bf3b7a375136f666c05073c4c9f7eb504cf1888caf24608798550df,ESM,IT-1980-0030,IT.CR1..HNN.D.IT-1980-0030.ACC.MP.ASC,training,6,lhs-1,false,1.055345003920092,0.91186441049273859,0.058766975947465362,1.0991779467262428,24681357,canonical-shear-friction-v0.8.1
012dd3fc5f38a96d4e757ea5156971f4575e58508fb43059f06ef871e54b39b1,ESM,IT-1980-0030,IT.CR1..HNN.D.IT-1980-0030.ACC.MP.ASC,training,6,lhs-2,false,0.93530801801650687,0.953478937041492,0.050077687460435838,0.94748395915337158,24681357,canonical-shear-friction-v0.8.1
795e446656de5f5282288f54fdba69d40b15b72506286f28f17c30e554d66e31,ESM,IT-1980-0030,IT.CR1..HNN.D.IT-1980-0030.ACC.MP.ASC,training,6,lhs-3,false,0.98012715606141543,1.0955005541028737,0.043992240427104604,1.0147451705015114,24681357,canonical-shear-friction-v0.8.1
841865a750ea871146e53127f83d7cc4d35683f7760210ee6e3c5ee9bfbe3c57,ESM,IT-1980-0030,IT.CR1..HNN.D.IT-1980-0030.ACC.MP.ASC,training,10,nominal,true,1,1,0.050000000000000003,1,24681357,canonical-shear-friction-v0.8.1
fa495e77bc1eab3649f3a596a4ecaa2b971dfd6b0d2fadd3c39c52a032db73fb,ESM,IT-1980-0030,IT.CR1..HNN.D.IT-1980-0030.ACC.MP.ASC,training,10,lhs-1,false,1.055345003920092,0.91186441049273859,0.058766975947465362,1.0991779467262428,24681357,canonical-shear-friction-v0.8.1
963c91264b9aa04fc164ff6ae8665d287ed1790bd588dc458fdcef56e7981e6e,ESM,IT-1980-0030,IT.CR1..HNN.D.IT-1980-0030.ACC.MP.ASC,training,10,lhs-2,false,0.93530801801650687,0.953478937041492,0.050077687460435838,0.94748395915337158,24681357,canonical-shear-friction-v0.8.1
d3919c0a64cb6a1a0144946f4ca8b97e5064cc533adda02240a362c09de5b121,ESM,IT-1980-0030,IT.CR1..HNN.D.IT-1980-0030.ACC.MP.ASC,training,10,lhs-3,false,0.98012715606141543,1.0955005541028737,0.043992240427104604,1.0147451705015114,24681357,canonical-shear-friction-v0.8.1
eb514e28739d19a59397397d7d6f9e97e5b366425144f095ab05d6231357610f,ESM,IT-1980-0030,IT.CR1..HNN.D.IT-1980-0030.ACC.MP.ASC,training,20,nominal,true,1,1,0.050000000000000003,1,24681357,canonical-shear-friction-v0.8.1
4701170838bf2560ad748ea6ba83e2c8be8ed7411172d93f81707b4cab24a829,ESM,IT-1980-0030,IT.CR1..HNN.D.IT-1980-0030.ACC.MP.ASC,training,20,lhs-1,false,1.055345003920092,0.91186441049273859,0.058766975947465362,1.0991779467262428,24681357,canonical-shear-friction-v0.8.1
9930e54763591e92f15e85ed03ea23ab0ab284fbbe0399a62d05d4d259e97b90,ESM,IT-1980-0030,IT.CR1..HNN.D.IT-1980-0030.ACC.MP.ASC,training,20,lhs-2,false,0.93530801801650687,0.953478937041492,0.050077687460435838,0.94748395915337158,24681357,canonical-shear-friction-v0.8.1
9fc69d9f0dcf13fec388c5c9e8fea28853d834c1d4cf30029046fa39d8d53652,ESM,IT-1980-0030,IT.CR1..HNN.D.IT-1980-0030.ACC.MP.ASC,training,20,lhs-3,false,0.98012715606141543,1.0955005541028737,0.043992240427104604,1.0147451705015114,24681357,canonical-shear-friction-v0.8.1
b37f90f0f34d26af1e8c904c21436249db2d97141bdb2673f71889a5023a451d,ESM,EMSC-20071129_0000090,RA.MAMA.00.HNN.D.EMSC-20071129_0000090.ACC.MP.ASC,training,3,nominal,true,1,1,0.050000000000000003,1,24681357,canonical-shear-friction-v0.8.1
b988b9a6eea7738b08c75bdf909b4fef139e486a8bd2cc000bcf6e61670695d8,ESM,EMSC-20071129_0000090,RA.MAMA.00.HNN.D.EMSC-20071129_0000090.ACC.MP.ASC,training,3,lhs-1,false,1.055345003920092,0.91186441049273859,0.058766975947465362,1.0991779467262428,24681357,canonical-shear-friction-v0.8.1
598cd0abe89b2f783b4d686fd1f81e534b2d0be237c3b497d4f6cbf0d688c592,ESM,EMSC-20071129_0000090,RA.MAMA.00.HNN.D.EMSC-20071129_0000090.ACC.MP.ASC,training,3,lhs-2,false,0.93530801801650687,0.953478937041492,0.050077687460435838,0.94748395915337158,24681357,canonical-shear-friction-v0.8.1
9923ada80f0ba17b49d731922af7d0f0641b6b0bc8a599d99ea9d104729a4162,ESM,EMSC-20071129_0000090,RA.MAMA.00.HNN.D.EMSC-20071129_0000090.ACC.MP.ASC,training,3,lhs-3,false,0.98012715606141543,1.0955005541028737,0.043992240427104604,1.0147451705015114,24681357,canonical-shear-friction-v0.8.1
98a80355fc06e137ff3a1a3b452721cf09cd46c6073b45ee3f00149c92ccc595,ESM,EMSC-20071129_0000090,RA.MAMA.00.HNN.D.EMSC-20071129_0000090.ACC.MP.ASC,training,6,nominal,true,1,1,0.050000000000000003,1,24681357,canonical-shear-friction-v0.8.1
5da4da3b14a07bd85e71af57dc9e4dbc7f29a34d5abba4479c5f1ff2924100e3,ESM,EMSC-20071129_0000090,RA.MAMA.00.HNN.D.EMSC-20071129_0000090.ACC.MP.ASC,training,6,lhs-1,false,1.055345003920092,0.91186441049273859,0.058766975947465362,1.0991779467262428,24681357,canonical-shear-friction-v0.8.1
0e5eb001ce4d8514000aab14695fe3b283aa094d88cc89a6031702b98d4d4ea4,ESM,EMSC-20071129_0000090,RA.MAMA.00.HNN.D.EMSC-20071129_0000090.ACC.MP.ASC,training,6,lhs-2,false,0.93530801801650687,0.953478937041492,0.050077687460435838,0.94748395915337158,24681357,canonical-shear-friction-v0.8.1
38e92004fcc7f0272809aec1f3e7dc847357a83517a8ae9be166ed91180dc029,ESM,EMSC-20071129_0000090,RA.MAMA.00.HNN.D.EMSC-20071129_0000090.ACC.MP.ASC,training,6,lhs-3,false,0.98012715606141543,1.0955005541028737,0.043992240427104604,1.0147451705015114,24681357,canonical-shear-friction-v0.8.1
1437aaf247a7e0ced9f54f7fe1d9c27c5c2ef84f041db6fbb5754449939cd675,ESM,EMSC-20071129_0000090,RA.MAMA.00.HNN.D.EMSC-20071129_0000090.ACC.MP.ASC,training,10,nominal,true,1,1,0.050000000000000003,1,24681357,canonical-shear-friction-v0.8.1
87b9b66923d8a7d8770040547454f136e66d4865021fb8c008f2839247c69c3b,ESM,EMSC-20071129_0000090,RA.MAMA.00.HNN.D.EMSC-20071129_0000090.ACC.MP.ASC,training,10,lhs-1,false,1.055345003920092,0.91186441049273859,0.058766975947465362,1.0991779467262428,24681357,canonical-shear-friction-v0.8.1
27a59291ee511a83ce8b173543fa9853257cdd198b2670e13e5c8721e46885c7,ESM,EMSC-20071129_0000090,RA.MAMA.00.HNN.D.EMSC-20071129_0000090.ACC.MP.ASC,training,10,lhs-2,false,0.93530801801650687,0.953478937041492,0.050077687460435838,0.94748395915337158,24681357,canonical-shear-friction-v0.8.1
aee3266a62a447839dcb55d56321dcca71aae1fcfb802204862bbc9d8507854c,ESM,EMSC-20071129_0000090,RA.MAMA.00.HNN.D.EMSC-20071129_0000090.ACC.MP.ASC,training,10,lhs-3,false,0.98012715606141543,1.0955005541028737,0.043992240427104604,1.0147451705015114,24681357,canonical-shear-friction-v0.8.1
139a9f064b1178952a4076b6c4bc9f4ae8d3c936a2c98c2711beec682255d823,ESM,EMSC-20071129_0000090,RA.MAMA.00.HNN.D.EMSC-20071129_0000090.ACC.MP.ASC,training,20,nominal,true,1,1,0.050000000000000003,1,24681357,canonical-shear-friction-v0.8.1
f1b66e9bf65396d6481cfdcbd5a19bae5caccb8dc263f663e9c39cc334f0c399,ESM,EMSC-20071129_0000090,RA.MAMA.00.HNN.D.EMSC-20071129_0000090.ACC.MP.ASC,training,20,lhs-1,false,1.055345003920092,0.91186441049273859,0.058766975947465362,1.0991779467262428,24681357,canonical-shear-friction-v0.8.1
225b66d06d4a727b53f5317e0b62e578c6d4ce44715a736bd7b9e285ebeee41d,ESM,EMSC-20071129_0000090,RA.MAMA.00.HNN.D.EMSC-20071129_0000090.ACC.MP.ASC,training,20,lhs-2,false,0.93530801801650687,0.953478937041492,0.050077687460435838,0.94748395915337158,24681357,canonical-shear-friction-v0.8.1
b09fbc7d055e477d754c35ceb9c848f26f34c769e4b3073921f69b5f67c7ceaa,ESM,EMSC-20071129_0000090,RA.MAMA.00.HNN.D.EMSC-20071129_0000090.ACC.MP.ASC,training,20,lhs-3,false,0.98012715606141543,1.0955005541028737,0.043992240427104604,1.0147451705015114,24681357,canonical-shear-friction-v0.8.1
56cdc13ec460ac89a47103c1d71ceb4863e444a7cbebc890c6f458d0e54dedd3,ESM,EMSC-20071129_0000090,RA.MAMA.00.HNE.D.EMSC-20071129_0000090.ACC.MP.ASC,training,3,nominal,true,1,1,0.050000000000000003,1,24681357,canonical-shear-friction-v0.8.1
16768045baed40892b5a069614fab1185e80b75a6815bcca1c0b7f9cb6dbe292,ESM,EMSC-20071129_0000090,RA.MAMA.00.HNE.D.EMSC-20071129_0000090.ACC.MP.ASC,training,3,lhs-1,false,1.055345003920092,0.91186441049273859,0.058766975947465362,1.0991779467262428,24681357,canonical-shear-friction-v0.8.1
ee7ce5e959ce913da5f114d8a422694204b30aad3023ca89f63b964635f70908,ESM,EMSC-20071129_0000090,RA.MAMA.00.HNE.D.EMSC-20071129_0000090.ACC.MP.ASC,training,3,lhs-2,false,0.93530801801650687,0.953478937041492,0.050077687460435838,0.94748395915337158,24681357,canonical-shear-friction-v0.8.1
899579ed097cd33eeb7be4c8dd8c88c23f00eecb061ae0e4b2292ae66e2c281a,ESM,EMSC-20071129_0000090,RA.MAMA.00.HNE.D.EMSC-20071129_0000090.ACC.MP.ASC,training,3,lhs-3,false,0.98012715606141543,1.0955005541028737,0.043992240427104604,1.0147451705015114,24681357,canonical-shear-friction-v0.8.1
1118f5ea4ec24bad49648cb5ff9cf703638ae0e9b3cb5b7fa0c157833aa0b776,ESM,EMSC-20071129_0000090,RA.MAMA.00.HNE.D.EMSC-20071129_0000090.ACC.MP.ASC,training,6,nominal,true,1,1,0.050000000000000003,1,24681357,canonical-shear-friction-v0.8.1
539f30431840cea36158d1245e630b19b360c05ed2ea04db40415dadca975bae,ESM,EMSC-20071129_0000090,RA.MAMA.00.HNE.D.EMSC-20071129_0000090.ACC.MP.ASC,training,6,lhs-1,false,1.055345003920092,0.91186441049273859,0.058766975947465362,1.0991779467262428,24681357,canonical-shear-friction-v0.8.1
801c6ede2d3f220fd3cebbdfa07b76629bacaac32465d65c43f228fa2ed6a148,ESM,EMSC-20071129_0000090,RA.MAMA.00.HNE.D.EMSC-20071129_0000090.ACC.MP.ASC,training,6,lhs-2,false,0.93530801801650687,0.953478937041492,0.050077687460435838,0.94748395915337158,24681357,canonical-shear-friction-v0.8.1
8725bcef054ab0bd509b19e7f1a582d2fe66df3a95d31a7538ea92bcdd75c477,ESM,EMSC-20071129_0000090,RA.MAMA.00.HNE.D.EMSC-20071129_0000090.ACC.MP.ASC,training,6,lhs-3,false,0.98012715606141543,1.0955005541028737,0.043992240427104604,1.0147451705015114,24681357,canonical-shear-friction-v0.8.1
8a692b4e711b36852aba6e48e5224f7d145f5c9da59833571ed6e99526662f04,ESM,EMSC-20071129_0000090,RA.MAMA.00.HNE.D.EMSC-20071129_0000090.ACC.MP.ASC,training,10,nominal,true,1,1,0.050000000000000003,1,24681357,canonical-shear-friction-v0.8.1
3672d3a935337d9c6b4e9459826b44d16ba6b5a9119e3b4c30d1f20915a1a5a7,ESM,EMSC-20071129_0000090,RA.MAMA.00.HNE.D.EMSC-20071129_0000090.ACC.MP.ASC,training,10,lhs-1,false,1.055345003920092,0.91186441049273859,0.058766975947465362,1.0991779467262428,24681357,canonical-shear-friction-v0.8.1
8b341743d309f2f32511dc015679df1e43a7c6c37b46fc0c82561624ae6d1f13,ESM,EMSC-20071129_0000090,RA.MAMA.00.HNE.D.EMSC-20071129_0000090.ACC.MP.ASC,training,10,lhs-2,false,0.93530801801650687,0.953478937041492,0.050077687460435838,0.94748395915337158,24681357,canonical-shear-friction-v0.8.1
513097183039506d1d6db0345e8264f9a323592e2ec7578bf690f434f1bdc01b,ESM,EMSC-20071129_0000090,RA.MAMA.00.HNE.D.EMSC-20071129_0000090.ACC.MP.ASC,training,10,lhs-3,false,0.98012715606141543,1.0955005541028737,0.043992240427104604,1.0147451705015114,24681357,canonical-shear-friction-v0.8.1
c8f1bb8ff5dfe62a8fa6fbcf9eb5aeb51e016fb12ec64f804c9cdc591feaa468,ESM,EMSC-20071129_0000090,RA.MAMA.00.HNE.D.EMSC-20071129_0000090.ACC.MP.ASC,training,20,nominal,true,1,1,0.050000000000000003,1,24681357,canonical-shear-friction-v0.8.1
b22b66e18e778341165da2186eee3682d146b80dab1395505335271426ded1bf,ESM,EMSC-20071129_0000090,RA.MAMA.00.HNE.D.EMSC-20071129_0000090.ACC.MP.ASC,training,20,lhs-1,false,1.055345003920092,0.91186441049273859,0.058766975947465362,1.0991779467262428,24681357,canonical-shear-friction-v0.8.1
e5d0265f4b30424b125b085289d2c366dd031ede4c471d023ea9704728f877ab,ESM,EMSC-20071129_0000090,RA.MAMA.00.HNE.D.EMSC-20071129_0000090.ACC.MP.ASC,training,20,lhs-2,false,0.93530801801650687,0.953478937041492,0.050077687460435838,0.94748395915337158,24681357,canonical-shear-friction-v0.8.1
5311a82c547147f2d4d13d6c8f7e18be54677d50e9278200d292eb6db6e30c23,ESM,EMSC-20071129_0000090,RA.MAMA.00.HNE.D.EMSC-20071129_0000090.ACC.MP.ASC,training,20,lhs-3,false,0.98012715606141543,1.0955005541028737,0.043992240427104604,1.0147451705015114,24681357,canonical-shear-friction-v0.8.1
531fdf08bcc5347563c871c15d65eaa509662aad9299ffe5bf0f23ab6e40632d,ESM,EMSC-20071129_0000090,RA.MATR.00.HNE.D.EMSC-20071129_0000090.ACC.MP.ASC,training,3,nominal,true,1,1,0.050000000000000003,1,24681357,canonical-shear-friction-v0.8.1
879a83aa2b742a577be30ea7ca156a9d8e179360eb3f6535152e39cf5493b539,ESM,EMSC-20071129_0000090,RA.MATR.00.HNE.D.EMSC-20071129_0000090.ACC.MP.ASC,training,3,lhs-1,false,1.055345003920092,0.91186441049273859,0.058766975947465362,1.0991779467262428,24681357,canonical-shear-friction-v0.8.1
cc708ef3b1387d46a1c1264661a4c67dc7ff94c6cfc70af75a3f5eeb0ae0f2b0,ESM,EMSC-20071129_0000090,RA.MATR.00.HNE.D.EMSC-20071129_0000090.ACC.MP.ASC,training,3,lhs-2,false,0.93530801801650687,0.953478937041492,0.050077687460435838,0.94748395915337158,24681357,canonical-shear-friction-v0.8.1
b8f629b966da1d665536e72bba80c5e9bada3c4ce5170f5b40eb908dff01edde,ESM,EMSC-20071129_0000090,RA.MATR.00.HNE.D.EMSC-20071129_0000090.ACC.MP.ASC,training,3,lhs-3,false,0.98012715606141543,1.0955005541028737,0.043992240427104604,1.0147451705015114,24681357,canonical-shear-friction-v0.8.1
149db8364b2b1a9c295d7c909c67dcd6f4a476c36d91b61c22e0b8a218b28d1b,ESM,EMSC-20071129_0000090,RA.MATR.00.HNE.D.EMSC-20071129_0000090.ACC.MP.ASC,training,6,nominal,true,1,1,0.050000000000000003,1,24681357,canonical-shear-friction-v0.8.1
4d80c1dddd5490c275e1470079b8a572efb7c06724a0fa8d4bb22178aff5ad82,ESM,EMSC-20071129_0000090,RA.MATR.00.HNE.D.EMSC-20071129_0000090.ACC.MP.ASC,training,6,lhs-1,false,1.055345003920092,0.91186441049273859,0.058766975947465362,1.0991779467262428,24681357,canonical-shear-friction-v0.8.1
49d1e70526d06dd89eb46056a23e555fb31cf3de51044bdb66ef6d6accfeb96a,ESM,EMSC-20071129_0000090,RA.MATR.00.HNE.D.EMSC-20071129_0000090.ACC.MP.ASC,training,6,lhs-2,false,0.93530801801650687,0.953478937041492,0.050077687460435838,0.94748395915337158,24681357,canonical-shear-friction-v0.8.1
d5315dce645edcc270bbea3441587a7369f0a7a0ea05a28149e11c40982e448a,ESM,EMSC-20071129_0000090,RA.MATR.00.HNE.D.EMSC-20071129_0000090.ACC.MP.ASC,training,6,lhs-3,false,0.98012715606141543,1.0955005541028737,0.043992240427104604,1.0147451705015114,24681357,canonical-shear-friction-v0.8.1
83bad6b77d50684387e8c007b339b92d2617d3ac003bea64ee0ef33a69c83850,ESM,EMSC-20071129_0000090,RA.MATR.00.HNE.D.EMSC-20071129_0000090.ACC.MP.ASC,training,10,nominal,true,1,1,0.050000000000000003,1,24681357,canonical-shear-friction-v0.8.1
ae1e9365ea03b938459dde9da7bd5a6a567a16f0e10bf11ed8253453df6d6156,ESM,EMSC-20071129_0000090,RA.MATR.00.HNE.D.EMSC-20071129_0000090.ACC.MP.ASC,training,10,lhs-1,false,1.055345003920092,0.91186441049273859,0.058766975947465362,1.0991779467262428,24681357,canonical-shear-friction-v0.8.1
aea0fe3069f102d37fa3e30023f0f235d8e1c950621791ac186679eb27bf3a5a,ESM,EMSC-20071129_0000090,RA.MATR.00.HNE.D.EMSC-20071129_0000090.ACC.MP.ASC,training,10,lhs-2,false,0.93530801801650687,0.953478937041492,0.050077687460435838,0.94748395915337158,24681357,canonical-shear-friction-v0.8.1
492feca93bff3aa59bf1772a6f2db6e4b9d0427ea202fe6066fb8d6753064289,ESM,EMSC-20071129_0000090,RA.MATR.00.HNE.D.EMSC-20071129_0000090.ACC.MP.ASC,training,10,lhs-3,false,0.98012715606141543,1.0955005541028737,0.043992240427104604,1.0147451705015114,24681357,canonical-shear-friction-v0.8.1
3e6f05fea8109ad5de5fcf68932d371a539afee44e488defb09fe27d21308203,ESM,EMSC-20071129_0000090,RA.MATR.00.HNE.D.EMSC-20071129_0000090.ACC.MP.ASC,training,20,nominal,true,1,1,0.050000000000000003,1,24681357,canonical-shear-friction-v0.8.1
286b3b34a0ac208dea97e7db6acacd0961e0e4aa6d9015980efc43ef76303a59,ESM,EMSC-20071129_0000090,RA.MATR.00.HNE.D.EMSC-20071129_0000090.ACC.MP.ASC,training,20,lhs-1,false,1.055345003920092,0.91186441049273859,0.058766975947465362,1.0991779467262428,24681357,canonical-shear-friction-v0.8.1
17ac8c028b2b6db87349ebb5ab0bde3dd64a07c897139937f106be7154e610c7,ESM,EMSC-20071129_0000090,RA.MATR.00.HNE.D.EMSC-20071129_0000090.ACC.MP.ASC,training,20,lhs-2,false,0.93530801801650687,0.953478937041492,0.050077687460435838,0.94748395915337158,24681357,canonical-shear-friction-v0.8.1
99b9af33161a565d1e8a3a7e42d9f18588fca1a864cb62097058a0f9da323dc6,ESM,EMSC-20071129_0000090,RA.MATR.00.HNE.D.EMSC-20071129_0000090.ACC.MP.ASC,training,20,lhs-3,false,0.98012715606141543,1.0955005541028737,0.043992240427104604,1.0147451705015114,24681357,canonical-shear-friction-v0.8.1
ef9644f001f0f8f61c8da37434ddffc3b511707c5fd58dca4b27e95ab33a6a2e,ESM,EMSC-20071129_0000090,RA.MALA.00.HNE.D.EMSC-20071129_0000090.ACC.MP.ASC,training,3,nominal,true,1,1,0.050000000000000003,1,24681357,canonical-shear-friction-v0.8.1
94aa9bd531f12b33e4398f1b37d489b9fef8a12d7bd20af526d9344c3c918497,ESM,EMSC-20071129_0000090,RA.MALA.00.HNE.D.EMSC-20071129_0000090.ACC.MP.ASC,training,3,lhs-1,false,1.055345003920092,0.91186441049273859,0.058766975947465362,1.0991779467262428,24681357,canonical-shear-friction-v0.8.1
52207aec83817442a68e4f1038c474e0d659b87cacaadd42b4ea6210b9b627cc,ESM,EMSC-20071129_0000090,RA.MALA.00.HNE.D.EMSC-20071129_0000090.ACC.MP.ASC,training,3,lhs-2,false,0.93530801801650687,0.953478937041492,0.050077687460435838,0.94748395915337158,24681357,canonical-shear-friction-v0.8.1
fdeb75b6550ff63893047af7ebcd8c52e7fbf1540b69d267bcc17bf24337a4af,ESM,EMSC-20071129_0000090,RA.MALA.00.HNE.D.EMSC-20071129_0000090.ACC.MP.ASC,training,3,lhs-3,false,0.98012715606141543,1.0955005541028737,0.043992240427104604,1.0147451705015114,24681357,canonical-shear-friction-v0.8.1
faafdb5bd5a8cd8df695ea3704513d3494ffda1b62a678af4c7973f8c9ccae34,ESM,EMSC-20071129_0000090,RA.MALA.00.HNE.D.EMSC-20071129_0000090.ACC.MP.ASC,training,6,nominal,true,1,1,0.050000000000000003,1,24681357,canonical-shear-friction-v0.8.1
418ab3b86a133487c5baa44478d1fa0480fd3fd9927a382d9c1e94095cac6d58,ESM,EMSC-20071129_0000090,RA.MALA.00.HNE.D.EMSC-20071129_0000090.ACC.MP.ASC,training,6,lhs-1,false,1.055345003920092,0.91186441049273859,0.058766975947465362,1.0991779467262428,24681357,canonical-shear-friction-v0.8.1
aec84d4096e08f61e3a22401be983e65ffc38c2e1e73c01e1f225b089a388b6c,ESM,EMSC-20071129_0000090,RA.MALA.00.HNE.D.EMSC-20071129_0000090.ACC.MP.ASC,training,6,lhs-2,false,0.93530801801650687,0.953478937041492,0.050077687460435838,0.94748395915337158,24681357,canonical-shear-friction-v0.8.1
f762431bbf0f9ed04b611273e825fece51f8a61982b8dd1b3a6ea36ed4bcf5bb,ESM,EMSC-20071129_0000090,RA.MALA.00.HNE.D.EMSC-20071129_0000090.ACC.MP.ASC,training,6,lhs-3,false,0.98012715606141543,1.0955005541028737,0.043992240427104604,1.0147451705015114,24681357,canonical-shear-friction-v0.8.1
70c9b781a37289725aebafa6144e810c84d7dd599060f2fd00d5bbd0bfe2a354,ESM,EMSC-20071129_0000090,RA.MALA.00.HNE.D.EMSC-20071129_0000090.ACC.MP.ASC,training,10,nominal,true,1,1,0.050000000000000003,1,24681357,canonical-shear-friction-v0.8.1
185b180c1846b61a8249c356ee5e91f55533d463b3c4594cab859829bfaf31be,ESM,EMSC-20071129_0000090,RA.MALA.00.HNE.D.EMSC-20071129_0000090.ACC.MP.ASC,training,10,lhs-1,false,1.055345003920092,0.91186441049273859,0.058766975947465362,1.0991779467262428,24681357,canonical-shear-friction-v0.8.1
d3f07a93c0f7d5538fd939b19250e7e06fc1a92d9c5fd00162ab87f39fcddb6a,ESM,EMSC-20071129_0000090,RA.MALA.00.HNE.D.EMSC-20071129_0000090.ACC.MP.ASC,training,10,lhs-2,false,0.93530801801650687,0.953478937041492,0.050077687460435838,0.94748395915337158,24681357,canonical-shear-friction-v0.8.1
af8287929bb8a488c61f0a37837e30bf3b1c5a314353a4e4ca3b6c5bba6d7b44,ESM,EMSC-20071129_0000090,RA.MALA.00.HNE.D.EMSC-20071129_0000090.ACC.MP.ASC,training,10,lhs-3,false,0.98012715606141543,1.0955005541028737,0.043992240427104604,1.0147451705015114,24681357,canonical-shear-friction-v0.8.1
d65be4e3f3d0ba8ac02807bd98e65178d8a78105f04e3358951cc535b5cec612,ESM,EMSC-20071129_0000090,RA.MALA.00.HNE.D.EMSC-20071129_0000090.ACC.MP.ASC,training,20,nominal,true,1,1,0.050000000000000003,1,24681357,canonical-shear-friction-v0.8.1
f6f5c5e809caefc59b57e83c35aa116892bce6f27613cb53383788031d709150,ESM,EMSC-20071129_0000090,RA.MALA.00.HNE.D.EMSC-20071129_0000090.ACC.MP.ASC,training,20,lhs-1,false,1.055345003920092,0.91186441049273859,0.058766975947465362,1.0991779467262428,24681357,canonical-shear-friction-v0.8.1
afca484fc24cc98adb840b2586349f62e3674075cab529bfde840691731b0800,ESM,EMSC-20071129_0000090,RA.MALA.00.HNE.D.EMSC-20071129_0000090.ACC.MP.ASC,training,20,lhs-2,false,0.93530801801650687,0.953478937041492,0.050077687460435838,0.94748395915337158,24681357,canonical-shear-friction-v0.8.1
5e4f0af47a81dfac084338e7746951ec03157ed30ee93dfde601445dc6a436d1,ESM,EMSC-20071129_0000090,RA.MALA.00.HNE.D.EMSC-20071129_0000090.ACC.MP.ASC,training,20,lhs-3,false,0.98012715606141543,1.0955005541028737,0.043992240427104604,1.0147451705015114,24681357,canonical-shear-friction-v0.8.1
e3b8a92795948b50c200861a1cab6e0661b0c64929c320e0dfbb314eb6b8af99,ESM,EMSC-20170118_0000027,IT.AMT..HGN.D.EMSC-20170118_0000027.ACC.MP.ASC,training,3,nominal,true,1,1,0.050000000000000003,1,24681357,canonical-shear-friction-v0.8.1
4d69766dcc5e158675eefe799dfdddd3e0ddcc49e298b56201fbdf2d93aa79c3,ESM,EMSC-20170118_0000027,IT.AMT..HGN.D.EMSC-20170118_0000027.ACC.MP.ASC,training,3,lhs-1,false,1.055345003920092,0.91186441049273859,0.058766975947465362,1.0991779467262428,24681357,canonical-shear-friction-v0.8.1
c64ea73d2cfb7177e6d24952966f61f681f6b56d9c6e78ed8058d93cafe9874d,ESM,EMSC-20170118_0000027,IT.AMT..HGN.D.EMSC-20170118_0000027.ACC.MP.ASC,training,3,lhs-2,false,0.93530801801650687,0.953478937041492,0.050077687460435838,0.94748395915337158,24681357,canonical-shear-friction-v0.8.1
2d85e12db1d920dc29ab1eedd5fff1baebfc6787ff1fad61e148a2b085c91f27,ESM,EMSC-20170118_0000027,IT.AMT..HGN.D.EMSC-20170118_0000027.ACC.MP.ASC,training,3,lhs-3,false,0.98012715606141543,1.0955005541028737,0.043992240427104604,1.0147451705015114,24681357,canonical-shear-friction-v0.8.1
ed1abb4e28e2c0227d94c147d77487a7bf37986a7f197fafbecdf75a8704384e,ESM,EMSC-20170118_0000027,IT.AMT..HGN.D.EMSC-20170118_0000027.ACC.MP.ASC,training,6,nominal,true,1,1,0.050000000000000003,1,24681357,canonical-shear-friction-v0.8.1
5bcef0401d07615aa5e3002490b1415a84ad2d15e5f91ac3678bd60876aa7d77,ESM,EMSC-20170118_0000027,IT.AMT..HGN.D.EMSC-20170118_0000027.ACC.MP.ASC,training,6,lhs-1,false,1.055345003920092,0.91186441049273859,0.058766975947465362,1.0991779467262428,24681357,canonical-shear-friction-v0.8.1
f131c249ba80bbb071179b698f8dff4b9ab2172d4bf9ef8d8987561306f82b5a,ESM,EMSC-20170118_0000027,IT.AMT..HGN.D.EMSC-20170118_0000027.ACC.MP.ASC,training,6,lhs-2,false,0.93530801801650687,0.953478937041492,0.050077687460435838,0.94748395915337158,24681357,canonical-shear-friction-v0.8.1
3b809559800f93316dc628f9a0627692c658cb51305addbedc0679b00991cfb2,ESM,EMSC-20170118_0000027,IT.AMT..HGN.D.EMSC-20170118_0000027.ACC.MP.ASC,training,6,lhs-3,false,0.98012715606141543,1.0955005541028737,0.043992240427104604,1.0147451705015114,24681357,canonical-shear-friction-v0.8.1
24b37d26cb0e4786267734b9f56c86b075226dce6f7d79fa3f36f2502ca5f929,ESM,EMSC-20170118_0000027,IT.AMT..HGN.D.EMSC-20170118_0000027.ACC.MP.ASC,training,10,nominal,true,1,1,0.050000000000000003,1,24681357,canonical-shear-friction-v0.8.1
d47d7dc8d128d1c089560dea36611b13473b905a9aa8911660e425c06269ad6e,ESM,EMSC-20170118_0000027,IT.AMT..HGN.D.EMSC-20170118_0000027.ACC.MP.ASC,training,10,lhs-1,false,1.055345003920092,0.91186441049273859,0.058766975947465362,1.0991779467262428,24681357,canonical-shear-friction-v0.8.1
dc747fffc672de64c055bbb419d77afb253726de1d4deb7f64c476fc4381ef76,ESM,EMSC-20170118_0000027,IT.AMT..HGN.D.EMSC-20170118_0000027.ACC.MP.ASC,training,10,lhs-2,false,0.93530801801650687,0.953478937041492,0.050077687460435838,0.94748395915337158,24681357,canonical-shear-friction-v0.8.1
b5b507fd7adf12d4c90acca24a64ea9b9c378d5f570fc97493aa767574d9d4ef,ESM,EMSC-20170118_0000027,IT.AMT..HGN.D.EMSC-20170118_0000027.ACC.MP.ASC,training,10,lhs-3,false,0.98012715606141543,1.0955005541028737,0.043992240427104604,1.0147451705015114,24681357,canonical-shear-friction-v0.8.1
23040cd5a31276433512a1101bbc9f46621613d60babf1e57a14ad357f6f170b,ESM,EMSC-20170118_0000027,IT.AMT..HGN.D.EMSC-20170118_0000027.ACC.MP.ASC,training,20,nominal,true,1,1,0.050000000000000003,1,24681357,canonical-shear-friction-v0.8.1
aeace57da3141706fc66a69b6195c1f920dcc9b6c69f057300bc76c343c875d1,ESM,EMSC-20170118_0000027,IT.AMT..HGN.D.EMSC-20170118_0000027.ACC.MP.ASC,training,20,lhs-1,false,1.055345003920092,0.91186441049273859,0.058766975947465362,1.0991779467262428,24681357,canonical-shear-friction-v0.8.1
10c30b0d2e562dfb1d89fc3600fa4d53dd02ecdd53e93aa3cb2b801228c066d2,ESM,EMSC-20170118_0000027,IT.AMT..HGN.D.EMSC-20170118_0000027.ACC.MP.ASC,training,20,lhs-2,false,0.93530801801650687,0.953478937041492,0.050077687460435838,0.94748395915337158,24681357,canonical-shear-friction-v0.8.1
f6b44eb1ef61fdddc185ca8c45a1031c8dbebe4fa235effc9068075df158a21b,ESM,EMSC-20170118_0000027,IT.AMT..HGN.D.EMSC-20170118_0000027.ACC.MP.ASC,training,20,lhs-3,false,0.98012715606141543,1.0955005541028737,0.043992240427104604,1.0147451705015114,24681357,canonical-shear-friction-v0.8.1
4f900df576c94c00bea91f2006db718ea0cae526f0c8415442d006011e7cb34c,ESM,EMSC-20170118_0000027,8P.T1218..HNN.D.EMSC-20170118_0000027.ACC.MP.ASC,training,3,nominal,true,1,1,0.050000000000000003,1,24681357,canonical-shear-friction-v0.8.1
cf6beeade15ac57c72124fd7db566a46e68ddd403dd6ccfa7050dff2dae5f77c,ESM,EMSC-20170118_0000027,8P.T1218..HNN.D.EMSC-20170118_0000027.ACC.MP.ASC,training,3,lhs-1,false,1.055345003920092,0.91186441049273859,0.058766975947465362,1.0991779467262428,24681357,canonical-shear-friction-v0.8.1
68fb76de801d790a75c7afd31e210094e3e5cc7dda012c653ee7288f7ffbb5d2,ESM,EMSC-20170118_0000027,8P.T1218..HNN.D.EMSC-20170118_0000027.ACC.MP.ASC,training,3,lhs-2,false,0.93530801801650687,0.953478937041492,0.050077687460435838,0.94748395915337158,24681357,canonical-shear-friction-v0.8.1
a996800814d47457c85e214ec423d6fb6b21481157fee462a2973dcce49ba424,ESM,EMSC-20170118_0000027,8P.T1218..HNN.D.EMSC-20170118_0000027.ACC.MP.ASC,training,3,lhs-3,false,0.98012715606141543,1.0955005541028737,0.043992240427104604,1.0147451705015114,24681357,canonical-shear-friction-v0.8.1
c9bdaf02cc65b8f39fd326a9454b93693a3c5190b7937d04e5316ed38ad83bcf,ESM,EMSC-20170118_0000027,8P.T1218..HNN.D.EMSC-20170118_0000027.ACC.MP.ASC,training,6,nominal,true,1,1,0.050000000000000003,1,24681357,canonical-shear-friction-v0.8.1
ee7161d1d9aa4d0124505e0f91c02cbb2475cec2238a1110eb8d743387eee5a0,ESM,EMSC-20170118_0000027,8P.T1218..HNN.D.EMSC-20170118_0000027.ACC.MP.ASC,training,6,lhs-1,false,1.055345003920092,0.91186441049273859,0.058766975947465362,1.0991779467262428,24681357,canonical-shear-friction-v0.8.1
5bc90b2133bc43afbeba5d1829ef72bb0cbe7e9ea3d2393a9588c55ade2527ce,ESM,EMSC-20170118_0000027,8P.T1218..HNN.D.EMSC-20170118_0000027.ACC.MP.ASC,training,6,lhs-2,false,0.93530801801650687,0.953478937041492,0.050077687460435838,0.94748395915337158,24681357,canonical-shear-friction-v0.8.1
d9ea4586773e9f07ce5bc38be6b036ca8d0771f61081a21bb82ee7c783cb16ce,ESM,EMSC-20170118_0000027,8P.T1218..HNN.D.EMSC-20170118_0000027.ACC.MP.ASC,training,6,lhs-3,false,0.98012715606141543,1.0955005541028737,0.043992240427104604,1.0147451705015114,24681357,canonical-shear-friction-v0.8.1
a92e161338e6a44529527d7ebd459b7abd0c3fafd9f458ea8a5b4c5f6c0ddd97,ESM,EMSC-20170118_0000027,8P.T1218..HNN.D.EMSC-20170118_0000027.ACC.MP.ASC,training,10,nominal,true,1,1,0.050000000000000003,1,24681357,canonical-shear-friction-v0.8.1
15b64ac5de4dd5cb7249a29ec6a31c0a0a57425dc962b3dcaf98105548f209a0,ESM,EMSC-20170118_0000027,8P.T1218..HNN.D.EMSC-20170118_0000027.ACC.MP.ASC,training,10,lhs-1,false,1.055345003920092,0.91186441049273859,0.058766975947465362,1.0991779467262428,24681357,canonical-shear-friction-v0.8.1
558c5550bea865cf634a572924529952d19276981914cca4aba589007caa568f,ESM,EMSC-20170118_0000027,8P.T1218..HNN.D.EMSC-20170118_0000027.ACC.MP.ASC,training,10,lhs-2,false,0.93530801801650687,0.953478937041492,0.050077687460435838,0.94748395915337158,24681357,canonical-shear-friction-v0.8.1
b0f2ce4d2b097155b67801bf57371a1558be1fa2eebdf4a4d5d650df15aef156,ESM,EMSC-20170118_0000027,8P.T1218..HNN.D.EMSC-20170118_0000027.ACC.MP.ASC,training,10,lhs-3,false,0.98012715606141543,1.0955005541028737,0.043992240427104604,1.0147451705015114,24681357,canonical-shear-friction-v0.8.1
7313fb2caf4a814abd369242dfb7736fb32d0d271862f1a313255263fd261cb3,ESM,EMSC-20170118_0000027,8P.T1218..HNN.D.EMSC-20170118_0000027.ACC.MP.ASC,training,20,nominal,true,1,1,0.050000000000000003,1,24681357,canonical-shear-friction-v0.8.1
8bb766492b88b0f5619b59ada1d2293f5d5f9e98e01aa03b2b2eaa63cf0176b2,ESM,EMSC-20170118_0000027,8P.T1218..HNN.D.EMSC-20170118_0000027.ACC.MP.ASC,training,20,lhs-1,false,1.055345003920092,0.91186441049273859,0.058766975947465362,1.0991779467262428,24681357,canonical-shear-friction-v0.8.1
895e554093bcf562f2d52538fd93e5568e844236722bac63f10f24e4eb56957f,ESM,EMSC-20170118_0000027,8P.T1218..HNN.D.EMSC-20170118_0000027.ACC.MP.ASC,training,20,lhs-2,false,0.93530801801650687,0.953478937041492,0.050077687460435838,0.94748395915337158,24681357,canonical-shear-friction-v0.8.1
6d307ee7afb5de7ab2252280c262521f8d09e319abe6d1561eaf5f58596ad125,ESM,EMSC-20170118_0000027,8P.T1218..HNN.D.EMSC-20170118_0000027.ACC.MP.ASC,training,20,lhs-3,false,0.98012715606141543,1.0955005541028737,0.043992240427104604,1.0147451705015114,24681357,canonical-shear-friction-v0.8.1
6246b12db0abd64f8f518abbece695d4ac32e8f89d5218cc89d9cbaa8f16ba47,ESM,EMSC-20170118_0000027,IT.PCB..HGN.D.EMSC-20170118_0000027.ACC.MP.ASC,training,3,nominal,true,1,1,0.050000000000000003,1,24681357,canonical-shear-friction-v0.8.1
8eff217390270376c93f25697db8d30f98c29eccdb99564fc6a7326fdc4d6d24,ESM,EMSC-20170118_0000027,IT.PCB..HGN.D.EMSC-20170118_0000027.ACC.MP.ASC,training,3,lhs-1,false,1.055345003920092,0.91186441049273859,0.058766975947465362,1.0991779467262428,24681357,canonical-shear-friction-v0.8.1
95abd0a4b3851b464499192502a683d3796c879841fe8c55546b94e89ab19da4,ESM,EMSC-20170118_0000027,IT.PCB..HGN.D.EMSC-20170118_0000027.ACC.MP.ASC,training,3,lhs-2,false,0.93530801801650687,0.953478937041492,0.050077687460435838,0.94748395915337158,24681357,canonical-shear-friction-v0.8.1
93eebef32b7208f4e376cb44094904cfc66ab8debc3b05139d851461b4715990,ESM,EMSC-20170118_0000027,IT.PCB..HGN.D.EMSC-20170118_0000027.ACC.MP.ASC,training,3,lhs-3,false,0.98012715606141543,1.0955005541028737,0.043992240427104604,1.0147451705015114,24681357,canonical-shear-friction-v0.8.1
d23d91b1f98b873c7874defeaa5e83634e63e9fab621148803e01fdae7603c5a,ESM,EMSC-20170118_0000027,IT.PCB..HGN.D.EMSC-20170118_0000027.ACC.MP.ASC,training,6,nominal,true,1,1,0.050000000000000003,1,24681357,canonical-shear-friction-v0.8.1
ec40444a106ec35c39afd079c7b0c9f57d952e706e3bbc53053f24b24123f620,ESM,EMSC-20170118_0000027,IT.PCB..HGN.D.EMSC-20170118_0000027.ACC.MP.ASC,training,6,lhs-1,false,1.055345003920092,0.91186441049273859,0.058766975947465362,1.0991779467262428,24681357,canonical-shear-friction-v0.8.1
f22e95736b970f14ba546935593a392a299d66c8d351ed8dc7304920f50a9542,ESM,EMSC-20170118_0000027,IT.PCB..HGN.D.EMSC-20170118_0000027.ACC.MP.ASC,training,6,lhs-2,false,0.93530801801650687,0.953478937041492,0.050077687460435838,0.94748395915337158,24681357,canonical-shear-friction-v0.8.1
697266c9dc7a843279682f81cd4484a30633c76aa00a189bd1227ec52675d1bf,ESM,EMSC-20170118_0000027,IT.PCB..HGN.D.EMSC-20170118_0000027.ACC.MP.ASC,training,6,lhs-3,false,0.98012715606141543,1.0955005541028737,0.043992240427104604,1.0147451705015114,24681357,canonical-shear-friction-v0.8.1
7ec33b448fbe59c137e5ddcf4f6b28e8da2205ec7cb3f8800e49072da8e44f6b,ESM,EMSC-20170118_0000027,IT.PCB..HGN.D.EMSC-20170118_0000027.ACC.MP.ASC,training,10,nominal,true,1,1,0.050000000000000003,1,24681357,canonical-shear-friction-v0.8.1
d4236a04a4e36ce3dd13a7032cdf096f3207efb18d10f93a8b11d1bf77a5f204,ESM,EMSC-20170118_0000027,IT.PCB..HGN.D.EMSC-20170118_0000027.ACC.MP.ASC,training,10,lhs-1,false,1.055345003920092,0.91186441049273859,0.058766975947465362,1.0991779467262428,24681357,canonical-shear-friction-v0.8.1
95356a344ca869b4b51ddf4001669e0af2b9f8ed06e51f3573d2c6e38c42e8dc,ESM,EMSC-20170118_0000027,IT.PCB..HGN.D.EMSC-20170118_0000027.ACC.MP.ASC,training,10,lhs-2,false,0.93530801801650687,0.953478937041492,0.050077687460435838,0.94748395915337158,24681357,canonical-shear-friction-v0.8.1
c918ad438447d7350261b9035f6004bf433c30bff4869069db52bdb8d0d292f7,ESM,EMSC-20170118_0000027,IT.PCB..HGN.D.EMSC-20170118_0000027.ACC.MP.ASC,training,10,lhs-3,false,0.98012715606141543,1.0955005541028737,0.043992240427104604,1.0147451705015114,24681357,canonical-shear-friction-v0.8.1
9d09e4459355a3bb48ab9a0d6b204cd85e0ac4f17aa2ea3f2e56f915f918fd07,ESM,EMSC-20170118_0000027,IT.PCB..HGN.D.EMSC-20170118_0000027.ACC.MP.ASC,training,20,nominal,true,1,1,0.050000000000000003,1,24681357,canonical-shear-friction-v0.8.1
884e9d3bd4161979a3f7d6e73096699e1bc0a4fb887d5a3a9917009790a0837d,ESM,EMSC-20170118_0000027,IT.PCB..HGN.D.EMSC-20170118_0000027.ACC.MP.ASC,training,20,lhs-1,false,1.055345003920092,0.91186441049273859,0.058766975947465362,1.0991779467262428,24681357,canonical-shear-friction-v0.8.1
c887dff21e6c74a642b30ce27ea409fae1296a24c95b272046150bce47eb33e0,ESM,EMSC-20170118_0000027,IT.PCB..HGN.D.EMSC-20170118_0000027.ACC.MP.ASC,training,20,lhs-2,false,0.93530801801650687,0.953478937041492,0.050077687460435838,0.94748395915337158,24681357,canonical-shear-friction-v0.8.1
b8e7c16d3ce9086a764dd6e6a512c518b8d824df1c548e992a9395d33c8730f1,ESM,EMSC-20170118_0000027,IT.PCB..HGN.D.EMSC-20170118_0000027.ACC.MP.ASC,training,20,lhs-3,false,0.98012715606141543,1.0955005541028737,0.043992240427104604,1.0147451705015114,24681357,canonical-shear-friction-v0.8.1
8a57f31f680c2c7d330bbf12919dbc913f8a83b518b34d653bf7db2f95ea2151,ESM,EMSC-20170118_0000027,IT.MSCT..HGN.D.EMSC-20170118_0000027.ACC.MP.ASC,training,3,nominal,true,1,1,0.050000000000000003,1,24681357,canonical-shear-friction-v0.8.1
121ec1c97e7622f2549ffd1849938799d83043ab26c007d8de8c65537e152df0,ESM,EMSC-20170118_0000027,IT.MSCT..HGN.D.EMSC-20170118_0000027.ACC.MP.ASC,training,3,lhs-1,false,1.055345003920092,0.91186441049273859,0.058766975947465362,1.0991779467262428,24681357,canonical-shear-friction-v0.8.1
db8b6d691f1a576cc43432907550174f87bd1f25248ce95c8c10382198abc8ec,ESM,EMSC-20170118_0000027,IT.MSCT..HGN.D.EMSC-20170118_0000027.ACC.MP.ASC,training,3,lhs-2,false,0.93530801801650687,0.953478937041492,0.050077687460435838,0.94748395915337158,24681357,canonical-shear-friction-v0.8.1
718337e3b8ed5542d9180dfdcedbdfba9fbbc471306996a54ca621b1f3f9e347,ESM,EMSC-20170118_0000027,IT.MSCT..HGN.D.EMSC-20170118_0000027.ACC.MP.ASC,training,3,lhs-3,false,0.98012715606141543,1.0955005541028737,0.043992240427104604,1.0147451705015114,24681357,canonical-shear-friction-v0.8.1
a183cd4ef8e42fc703415a3d09c0fca3295607179a50fbce06037c5eae16bb8f,ESM,EMSC-20170118_0000027,IT.MSCT..HGN.D.EMSC-20170118_0000027.ACC.MP.ASC,training,6,nominal,true,1,1,0.050000000000000003,1,24681357,canonical-shear-friction-v0.8.1
b7b804ea137429c759dd0e8a9b1cb302bce77e20c4601ddb3d3c25eef062bb27,ESM,EMSC-20170118_0000027,IT.MSCT..HGN.D.EMSC-20170118_0000027.ACC.MP.ASC,training,6,lhs-1,false,1.055345003920092,0.91186441049273859,0.058766975947465362,1.0991779467262428,24681357,canonical-shear-friction-v0.8.1
8ebded547e059ead18d7cf80029804a002ef2846d96a5b9cd4d5b188b4015da4,ESM,EMSC-20170118_0000027,IT.MSCT..HGN.D.EMSC-20170118_0000027.ACC.MP.ASC,training,6,lhs-2,false,0.93530801801650687,0.953478937041492,0.050077687460435838,0.94748395915337158,24681357,canonical-shear-friction-v0.8.1
1aff691a9e2d0d69a68e702aa5928a37813482b095772e032851dca1cd9a66a8,ESM,EMSC-20170118_0000027,IT.MSCT..HGN.D.EMSC-20170118_0000027.ACC.MP.ASC,training,6,lhs-3,false,0.98012715606141543,1.0955005541028737,0.043992240427104604,1.0147451705015114,24681357,canonical-shear-friction-v0.8.1
ccf5fb1aee683c2c0930ea1bc8bee6abc0dfe8d4da1a8ee5572c64e650b07de0,ESM,EMSC-20170118_0000027,IT.MSCT..HGN.D.EMSC-20170118_0000027.ACC.MP.ASC,training,10,nominal,true,1,1,0.050000000000000003,1,24681357,canonical-shear-friction-v0.8.1
407eada08c4d2fb9dbe9f96a4e0bf3957087caa89d06b25ecf0b8ae3ebcf43c9,ESM,EMSC-20170118_0000027,IT.MSCT..HGN.D.EMSC-20170118_0000027.ACC.MP.ASC,training,10,lhs-1,false,1.055345003920092,0.91186441049273859,0.058766975947465362,1.0991779467262428,24681357,canonical-shear-friction-v0.8.1
a5d55d068ffcf385ed2fd59477c9976678183fa25d35230cb7f84d98cf94357a,ESM,EMSC-20170118_0000027,IT.MSCT..HGN.D.EMSC-20170118_0000027.ACC.MP.ASC,training,10,lhs-2,false,0.93530801801650687,0.953478937041492,0.050077687460435838,0.94748395915337158,24681357,canonical-shear-friction-v0.8.1
e37846755bcc7593e53ce552ae399059606dad0bc9f3b65e69ab5035a0625e2f,ESM,EMSC-20170118_0000027,IT.MSCT..HGN.D.EMSC-20170118_0000027.ACC.MP.ASC,training,10,lhs-3,false,0.98012715606141543,1.0955005541028737,0.043992240427104604,1.0147451705015114,24681357,canonical-shear-friction-v0.8.1
4c248f85693cf7171531d9e92d9ab73e4ac73ba13b658cc433697bb62bb18432,ESM,EMSC-20170118_0000027,IT.MSCT..HGN.D.EMSC-20170118_0000027.ACC.MP.ASC,training,20,nominal,true,1,1,0.050000000000000003,1,24681357,canonical-shear-friction-v0.8.1
1529f124a19cf98f0b8fec706917469a961c17a62e2e221100d2ec445a2dcde0,ESM,EMSC-20170118_0000027,IT.MSCT..HGN.D.EMSC-20170118_0000027.ACC.MP.ASC,training,20,lhs-1,false,1.055345003920092,0.91186441049273859,0.058766975947465362,1.0991779467262428,24681357,canonical-shear-friction-v0.8.1
ab03100bc70974ebf8ce8efa0d1bca501c7c8690a22b09351819cf9b0683926c,ESM,EMSC-20170118_0000027,IT.MSCT..HGN.D.EMSC-20170118_0000027.ACC.MP.ASC,training,20,lhs-2,false,0.93530801801650687,0.953478937041492,0.050077687460435838,0.94748395915337158,24681357,canonical-shear-friction-v0.8.1
90cfc0841c130bbf5e95a10872eb483d461bde410c9d48a533d33d0914109b59,ESM,EMSC-20170118_0000027,IT.MSCT..HGN.D.EMSC-20170118_0000027.ACC.MP.ASC,training,20,lhs-3,false,0.98012715606141543,1.0955005541028737,0.043992240427104604,1.0147451705015114,24681357,canonical-shear-friction-v0.8.1
b7adfe9434f4d99e7fa8fdff19171d32f20c3a3efd5f0f81ea28d3fd3c485bd5,ESM,IT-1998-0054,IT.NOCE..HNE.D.IT-1998-0054.ACC.MP.ASC,training,3,nominal,true,1,1,0.050000000000000003,1,24681357,canonical-shear-friction-v0.8.1
3dd346bfc3eff0cfaa87b3adecd59689c86be18f714476715c4c2a7480ab5c77,ESM,IT-1998-0054,IT.NOCE..HNE.D.IT-1998-0054.ACC.MP.ASC,training,3,lhs-1,false,1.055345003920092,0.91186441049273859,0.058766975947465362,1.0991779467262428,24681357,canonical-shear-friction-v0.8.1
87491289bdf82b6ceda7af3d484907b1b027fc65a2e57fe8cdc976624afacfa3,ESM,IT-1998-0054,IT.NOCE..HNE.D.IT-1998-0054.ACC.MP.ASC,training,3,lhs-2,false,0.93530801801650687,0.953478937041492,0.050077687460435838,0.94748395915337158,24681357,canonical-shear-friction-v0.8.1
3e96a85ed50fe263f46dcf6fe49589390bc2174f4a9e0a1e922f1e7746ac71ca,ESM,IT-1998-0054,IT.NOCE..HNE.D.IT-1998-0054.ACC.MP.ASC,training,3,lhs-3,false,0.98012715606141543,1.0955005541028737,0.043992240427104604,1.0147451705015114,24681357,canonical-shear-friction-v0.8.1
99a3c3488b525752d10db4e442768962e27df056a99b7a80074cb424ee0131cd,ESM,IT-1998-0054,IT.NOCE..HNE.D.IT-1998-0054.ACC.MP.ASC,training,6,nominal,true,1,1,0.050000000000000003,1,24681357,canonical-shear-friction-v0.8.1
2201d6633e6b3065c3b13c132cdc0e661b7c379ab47401962c18d6105c25602c,ESM,IT-1998-0054,IT.NOCE..HNE.D.IT-1998-0054.ACC.MP.ASC,training,6,lhs-1,false,1.055345003920092,0.91186441049273859,0.058766975947465362,1.0991779467262428,24681357,canonical-shear-friction-v0.8.1
63a735b77b238e668dc3638053d3555d0f2b76e4ea3cc46e1565dbfa7ea976ba,ESM,IT-1998-0054,IT.NOCE..HNE.D.IT-1998-0054.ACC.MP.ASC,training,6,lhs-2,false,0.93530801801650687,0.953478937041492,0.050077687460435838,0.94748395915337158,24681357,canonical-shear-friction-v0.8.1
6306398c4772007c21e8745c56c45ea667cdaa9ed6be16ab5d1cc4627ab4540b,ESM,IT-1998-0054,IT.NOCE..HNE.D.IT-1998-0054.ACC.MP.ASC,training,6,lhs-3,false,0.98012715606141543,1.0955005541028737,0.043992240427104604,1.0147451705015114,24681357,canonical-shear-friction-v0.8.1
3c3d22f92e78239f4069994bd5b0cc757d941ca775fed3ed072902aaa97dcd59,ESM,IT-1998-0054,IT.NOCE..HNE.D.IT-1998-0054.ACC.MP.ASC,training,10,nominal,true,1,1,0.050000000000000003,1,24681357,canonical-shear-friction-v0.8.1
2ca0fec525d92fa048aaa99d13d9bc47ec8621f5550bee560437313b9f7ba5c7,ESM,IT-1998-0054,IT.NOCE..HNE.D.IT-1998-0054.ACC.MP.ASC,training,10,lhs-1,false,1.055345003920092,0.91186441049273859,0.058766975947465362,1.0991779467262428,24681357,canonical-shear-friction-v0.8.1
ff3c7d9dbd4d7ff8f74ef1eb6f2a39e076ed5edc5049b0fb6ecba399e6c42deb,ESM,IT-1998-0054,IT.NOCE..HNE.D.IT-1998-0054.ACC.MP.ASC,training,10,lhs-2,false,0.93530801801650687,0.953478937041492,0.050077687460435838,0.94748395915337158,24681357,canonical-shear-friction-v0.8.1
c9b3db0ef369eaa848e5f66924e4273262436d007e1662b1104bbb1d1172938c,ESM,IT-1998-0054,IT.NOCE..HNE.D.IT-1998-0054.ACC.MP.ASC,training,10,lhs-3,false,0.98012715606141543,1.0955005541028737,0.043992240427104604,1.0147451705015114,24681357,canonical-shear-friction-v0.8.1
c15a838f707c2003e550883c5531dbbc06764d20bb881c83a4b77de8e3fc55c0,ESM,IT-1998-0054,IT.NOCE..HNE.D.IT-1998-0054.ACC.MP.ASC,training,20,nominal,true,1,1,0.050000000000000003,1,24681357,canonical-shear-friction-v0.8.1
44abb6bc6a2206163453ab55331c9785848087bbaf8e8e9a4eacb1faedb3b010,ESM,IT-1998-0054,IT.NOCE..HNE.D.IT-1998-0054.ACC.MP.ASC,training,20,lhs-1,false,1.055345003920092,0.91186441049273859,0.058766975947465362,1.0991779467262428,24681357,canonical-shear-friction-v0.8.1
744f87e64faed847be722313c06bd823da0281417f9039e8cd74ef6be540e0e7,ESM,IT-1998-0054,IT.NOCE..HNE.D.IT-1998-0054.ACC.MP.ASC,training,20,lhs-2,false,0.93530801801650687,0.953478937041492,0.050077687460435838,0.94748395915337158,24681357,canonical-shear-friction-v0.8.1
7f6befbed105a4d794517ea5f2efbdd2e6d82510b1a73159e43365f7a4829d1e,ESM,IT-1998-0054,IT.NOCE..HNE.D.IT-1998-0054.ACC.MP.ASC,training,20,lhs-3,false,0.98012715606141543,1.0955005541028737,0.043992240427104604,1.0147451705015114,24681357,canonical-shear-friction-v0.8.1
ca30fb7991a3c6a5feeb7c612902ecab61a022b3d54fa42e5b69caa70f41c8cd,ESM,IT-1998-0054,IT.NCR2..HNE.D.IT-1998-0054.ACC.MP.ASC,training,3,nominal,true,1,1,0.050000000000000003,1,24681357,canonical-shear-friction-v0.8.1
c6b0e2576783c2f672d05bb584c7d4a455ced5b64e8cd33f6f175880389c2a8c,ESM,IT-1998-0054,IT.NCR2..HNE.D.IT-1998-0054.ACC.MP.ASC,training,3,lhs-1,false,1.055345003920092,0.91186441049273859,0.058766975947465362,1.0991779467262428,24681357,canonical-shear-friction-v0.8.1
9a00624bc7b8b8485c5274aacd72677dce5fd59626d0f72a2157d35bff20285e,ESM,IT-1998-0054,IT.NCR2..HNE.D.IT-1998-0054.ACC.MP.ASC,training,3,lhs-2,false,0.93530801801650687,0.953478937041492,0.050077687460435838,0.94748395915337158,24681357,canonical-shear-friction-v0.8.1
eebe1b808806a4bfa578579470baeee8332a17c8be41eec7ec55fe1931d734a3,ESM,IT-1998-0054,IT.NCR2..HNE.D.IT-1998-0054.ACC.MP.ASC,training,3,lhs-3,false,0.98012715606141543,1.0955005541028737,0.043992240427104604,1.0147451705015114,24681357,canonical-shear-friction-v0.8.1
206eb9e399f45fd904e9ff94250e7805d05e5a87fee397e8b7a92bf66ac93706,ESM,IT-1998-0054,IT.NCR2..HNE.D.IT-1998-0054.ACC.MP.ASC,training,6,nominal,true,1,1,0.050000000000000003,1,24681357,canonical-shear-friction-v0.8.1
8c7acc8af6445854402158da5bf4c54c68eda5dc92ac1a968824f7a24f9cfb4f,ESM,IT-1998-0054,IT.NCR2..HNE.D.IT-1998-0054.ACC.MP.ASC,training,6,lhs-1,false,1.055345003920092,0.91186441049273859,0.058766975947465362,1.0991779467262428,24681357,canonical-shear-friction-v0.8.1
21cf3c69623aee665810f50914cff50f324b046ed9d8185bb681e925e36c1b9e,ESM,IT-1998-0054,IT.NCR2..HNE.D.IT-1998-0054.ACC.MP.ASC,training,6,lhs-2,false,0.93530801801650687,0.953478937041492,0.050077687460435838,0.94748395915337158,24681357,canonical-shear-friction-v0.8.1
c62fb81a012b1c616b30f15c263ef55fa4c09626dc429e5fab99e0e0e6cbf0c8,ESM,IT-1998-0054,IT.NCR2..HNE.D.IT-1998-0054.ACC.MP.ASC,training,6,lhs-3,false,0.98012715606141543,1.0955005541028737,0.043992240427104604,1.0147451705015114,24681357,canonical-shear-friction-v0.8.1
70e9b2a09a60c7ade5d82ebc14b56291fd61c7718da3484225233cd920ccb2e2,ESM,IT-1998-0054,IT.NCR2..HNE.D.IT-1998-0054.ACC.MP.ASC,training,10,nominal,true,1,1,0.050000000000000003,1,24681357,canonical-shear-friction-v0.8.1
5dc4df2e3744cd24725227d500807b512f54260e07623d22081771929c0bb772,ESM,IT-1998-0054,IT.NCR2..HNE.D.IT-1998-0054.ACC.MP.ASC,training,10,lhs-1,false,1.055345003920092,0.91186441049273859,0.058766975947465362,1.0991779467262428,24681357,canonical-shear-friction-v0.8.1
ccdb888256a11cc7a279e4914cd99d0588f131ed7ed169871b1c3c196672abaa,ESM,IT-1998-0054,IT.NCR2..HNE.D.IT-1998-0054.ACC.MP.ASC,training,10,lhs-2,false,0.93530801801650687,0.953478937041492,0.050077687460435838,0.94748395915337158,24681357,canonical-shear-friction-v0.8.1
7a2b8b26afa4549ce9f52a56c3490be75872144151d40dd79cd5b4b527b931c4,ESM,IT-1998-0054,IT.NCR2..HNE.D.IT-1998-0054.ACC.MP.ASC,training,10,lhs-3,false,0.98012715606141543,1.0955005541028737,0.043992240427104604,1.0147451705015114,24681357,canonical-shear-friction-v0.8.1
0e8dc8c55543b5a6f1b9ed51092d2aa2ac382679f1a5492b3a512fa390e77ab5,ESM,IT-1998-0054,IT.NCR2..HNE.D.IT-1998-0054.ACC.MP.ASC,training,20,nominal,true,1,1,0.050000000000000003,1,24681357,canonical-shear-friction-v0.8.1
f436dd25c0e0d75ff7d042f266db433c5f44d1c8ecdf1951953d09194f6887bd,ESM,IT-1998-0054,IT.NCR2..HNE.D.IT-1998-0054.ACC.MP.ASC,training,20,lhs-1,false,1.055345003920092,0.91186441049273859,0.058766975947465362,1.0991779467262428,24681357,canonical-shear-friction-v0.8.1
8881a6315ba6d49b9db32cd077012d3755a99251fe8b45c8b44189d9e5b14890,ESM,IT-1998-0054,IT.NCR2..HNE.D.IT-1998-0054.ACC.MP.ASC,training,20,lhs-2,false,0.93530801801650687,0.953478937041492,0.050077687460435838,0.94748395915337158,24681357,canonical-shear-friction-v0.8.1
6ad8d4a1ac73f61a8acf0b90be35bf1a484ddcd8776278eb9c635725670c6417,ESM,IT-1998-0054,IT.NCR2..HNE.D.IT-1998-0054.ACC.MP.ASC,training,20,lhs-3,false,0.98012715606141543,1.0955005541028737,0.043992240427104604,1.0147451705015114,24681357,canonical-shear-friction-v0.8.1
c01cec4032cad180516821da903283d2dae8f7c4d85b13364be5666d710e2890,ESM,IT-1998-0054,IT.NCB..HNE.D.IT-1998-0054.ACC.MP.ASC,training,3,nominal,true,1,1,0.050000000000000003,1,24681357,canonical-shear-friction-v0.8.1
9f234f3c860677927e483608813cf6977c5beddaa0dfd41983e64ddbaad38fdb,ESM,IT-1998-0054,IT.NCB..HNE.D.IT-1998-0054.ACC.MP.ASC,training,3,lhs-1,false,1.055345003920092,0.91186441049273859,0.058766975947465362,1.0991779467262428,24681357,canonical-shear-friction-v0.8.1
4245ff399ac17c5e73998b1444a6872a5fc21683c786c5fc90091ba16e20e6e9,ESM,IT-1998-0054,IT.NCB..HNE.D.IT-1998-0054.ACC.MP.ASC,training,3,lhs-2,false,0.93530801801650687,0.953478937041492,0.050077687460435838,0.94748395915337158,24681357,canonical-shear-friction-v0.8.1
7663a9b108b799092702fb6d9553259c89084ddc05eb9889f9f291d8983449b7,ESM,IT-1998-0054,IT.NCB..HNE.D.IT-1998-0054.ACC.MP.ASC,training,3,lhs-3,false,0.98012715606141543,1.0955005541028737,0.043992240427104604,1.0147451705015114,24681357,canonical-shear-friction-v0.8.1
4ba4db3b3be88c483eac19bb11704c5c2e53ae736cca3a2dc1ccc5234028695c,ESM,IT-1998-0054,IT.NCB..HNE.D.IT-1998-0054.ACC.MP.ASC,training,6,nominal,true,1,1,0.050000000000000003,1,24681357,canonical-shear-friction-v0.8.1
879ed6857d650cf2e14d8f17ad71b4dce295f380c1a8be1609f8f94edefc404a,ESM,IT-1998-0054,IT.NCB..HNE.D.IT-1998-0054.ACC.MP.ASC,training,6,lhs-1,false,1.055345003920092,0.91186441049273859,0.058766975947465362,1.0991779467262428,24681357,canonical-shear-friction-v0.8.1
3e939a494518e02ffa4c4cc40db4906d7edb94510e8f47bf27b6cde4d6b3603d,ESM,IT-1998-0054,IT.NCB..HNE.D.IT-1998-0054.ACC.MP.ASC,training,6,lhs-2,false,0.93530801801650687,0.953478937041492,0.050077687460435838,0.94748395915337158,24681357,canonical-shear-friction-v0.8.1
d70bb4842434f130e3a4297128040d55221954c995a571e9ccb5b8a5ad7da1c2,ESM,IT-1998-0054,IT.NCB..HNE.D.IT-1998-0054.ACC.MP.ASC,training,6,lhs-3,false,0.98012715606141543,1.0955005541028737,0.043992240427104604,1.0147451705015114,24681357,canonical-shear-friction-v0.8.1
29510614608ab198cd45de2a5487f221a30147311795fd70e93283f74b1dd08c,ESM,IT-1998-0054,IT.NCB..HNE.D.IT-1998-0054.ACC.MP.ASC,training,10,nominal,true,1,1,0.050000000000000003,1,24681357,canonical-shear-friction-v0.8.1
ad350e119526a5d24bb8e21ff9be632e42c01d877b1b04d791220b88f7bc667d,ESM,IT-1998-0054,IT.NCB..HNE.D.IT-1998-0054.ACC.MP.ASC,training,10,lhs-1,false,1.055345003920092,0.91186441049273859,0.058766975947465362,1.0991779467262428,24681357,canonical-shear-friction-v0.8.1
67f5719f301dd208c43391b66065f28c06c0478b5234babc91cc0bbfac2d0c99,ESM,IT-1998-0054,IT.NCB..HNE.D.IT-1998-0054.ACC.MP.ASC,training,10,lhs-2,false,0.93530801801650687,0.953478937041492,0.050077687460435838,0.94748395915337158,24681357,canonical-shear-friction-v0.8.1
495da3e4104720d70ef92272db0aefbd1e8eee86b0d8107459e2cc02751844aa,ESM,IT-1998-0054,IT.NCB..HNE.D.IT-1998-0054.ACC.MP.ASC,training,10,lhs-3,false,0.98012715606141543,1.0955005541028737,0.043992240427104604,1.0147451705015114,24681357,canonical-shear-friction-v0.8.1
fb325a282edb92e66f39b2bda825cac057cceafdda032d5c5a2db082356ee129,ESM,IT-1998-0054,IT.NCB..HNE.D.IT-1998-0054.ACC.MP.ASC,training,20,nominal,true,1,1,0.050000000000000003,1,24681357,canonical-shear-friction-v0.8.1
3dc8a61bd93252d61d364ddc2bf53cf97db8eb88a01f3032b253a865f5520caf,ESM,IT-1998-0054,IT.NCB..HNE.D.IT-1998-0054.ACC.MP.ASC,training,20,lhs-1,false,1.055345003920092,0.91186441049273859,0.058766975947465362,1.0991779467262428,24681357,canonical-shear-friction-v0.8.1
290cfe31c20b1d82d16b50c3c136a51729eed652025786fbb5b83ec5d6ca023c,ESM,IT-1998-0054,IT.NCB..HNE.D.IT-1998-0054.ACC.MP.ASC,training,20,lhs-2,false,0.93530801801650687,0.953478937041492,0.050077687460435838,0.94748395915337158,24681357,canonical-shear-friction-v0.8.1
37906a63b13af97e5f3f911c3f0ac40c34f67c2fcf6033a0ec493bf8680b0701,ESM,IT-1998-0054,IT.NCB..HNE.D.IT-1998-0054.ACC.MP.ASC,training,20,lhs-3,false,0.98012715606141543,1.0955005541028737,0.043992240427104604,1.0147451705015114,24681357,canonical-shear-friction-v0.8.1
b7564d58566e83eff1d520ef0bf13b34599e10d55c3db7d83c2c725f0e2d41a0,ESM,IT-1998-0054,IT.NOCE..HNN.D.IT-1998-0054.ACC.MP.ASC,training,3,nominal,true,1,1,0.050000000000000003,1,24681357,canonical-shear-friction-v0.8.1
c0db92e0d1e55a7f1fd6c61f49e6fcb4a36d5ca457348f4390b739929fcf1705,ESM,IT-1998-0054,IT.NOCE..HNN.D.IT-1998-0054.ACC.MP.ASC,training,3,lhs-1,false,1.055345003920092,0.91186441049273859,0.058766975947465362,1.0991779467262428,24681357,canonical-shear-friction-v0.8.1
8d6251694d2af826b8e2c43749d057fcce890cd7393c219873f1e5e351410e0f,ESM,IT-1998-0054,IT.NOCE..HNN.D.IT-1998-0054.ACC.MP.ASC,training,3,lhs-2,false,0.93530801801650687,0.953478937041492,0.050077687460435838,0.94748395915337158,24681357,canonical-shear-friction-v0.8.1
e8aee8df495e30ebf14631f0f3c1961f3f17ecf648820c837af07997ac47af7d,ESM,IT-1998-0054,IT.NOCE..HNN.D.IT-1998-0054.ACC.MP.ASC,training,3,lhs-3,false,0.98012715606141543,1.0955005541028737,0.043992240427104604,1.0147451705015114,24681357,canonical-shear-friction-v0.8.1
2a2ac0780ed3932fb3eb1bf8f09d9c485a63f6fba179d79e5e48e59c82113572,ESM,IT-1998-0054,IT.NOCE..HNN.D.IT-1998-0054.ACC.MP.ASC,training,6,nominal,true,1,1,0.050000000000000003,1,24681357,canonical-shear-friction-v0.8.1
384adafad3050ed5826669513aaf7f11851a87209e5459a5df3e4033414c27ed,ESM,IT-1998-0054,IT.NOCE..HNN.D.IT-1998-0054.ACC.MP.ASC,training,6,lhs-1,false,1.055345003920092,0.91186441049273859,0.058766975947465362,1.0991779467262428,24681357,canonical-shear-friction-v0.8.1
b9b54c64a95385c533ea5a83a7fa9bd576078f0ce0eb5cf7e850b01febefc46d,ESM,IT-1998-0054,IT.NOCE..HNN.D.IT-1998-0054.ACC.MP.ASC,training,6,lhs-2,false,0.93530801801650687,0.953478937041492,0.050077687460435838,0.94748395915337158,24681357,canonical-shear-friction-v0.8.1
018fc5f79185934f95c4ed50ffdadca3e897c16501f89278831dcbb8f0bc4abc,ESM,IT-1998-0054,IT.NOCE..HNN.D.IT-1998-0054.ACC.MP.ASC,training,6,lhs-3,false,0.98012715606141543,1.0955005541028737,0.043992240427104604,1.0147451705015114,24681357,canonical-shear-friction-v0.8.1
3eac07f51f4f985f7d381585c60ffd7df0540473e4990bcaf60c8b05aee68605,ESM,IT-1998-0054,IT.NOCE..HNN.D.IT-1998-0054.ACC.MP.ASC,training,10,nominal,true,1,1,0.050000000000000003,1,24681357,canonical-shear-friction-v0.8.1
7a3d309b7928a13ac909ddf47e3ba046b5eb821c2b6d6c80e4a78a3bfeb5863f,ESM,IT-1998-0054,IT.NOCE..HNN.D.IT-1998-0054.ACC.MP.ASC,training,10,lhs-1,false,1.055345003920092,0.91186441049273859,0.058766975947465362,1.0991779467262428,24681357,canonical-shear-friction-v0.8.1
706e5f6eedd0a499f2e970c7fa78138a39243f4f5b8321fd8dc0b09b055209cd,ESM,IT-1998-0054,IT.NOCE..HNN.D.IT-1998-0054.ACC.MP.ASC,training,10,lhs-2,false,0.93530801801650687,0.953478937041492,0.050077687460435838,0.94748395915337158,24681357,canonical-shear-friction-v0.8.1
7135146d41d83ffd337c6e67167c9be4ca2f0be1546fa0ffe2151c548b2d76be,ESM,IT-1998-0054,IT.NOCE..HNN.D.IT-1998-0054.ACC.MP.ASC,training,10,lhs-3,false,0.98012715606141543,1.0955005541028737,0.043992240427104604,1.0147451705015114,24681357,canonical-shear-friction-v0.8.1
27fc582172a3d00d4ea4394aae952321f9932ed387ae8784736f16db244f2e68,ESM,IT-1998-0054,IT.NOCE..HNN.D.IT-1998-0054.ACC.MP.ASC,training,20,nominal,true,1,1,0.050000000000000003,1,24681357,canonical-shear-friction-v0.8.1
7193b1ef424a91c61f20a71e47e8b8f4270500aff3341671b124369629ef5d25,ESM,IT-1998-0054,IT.NOCE..HNN.D.IT-1998-0054.ACC.MP.ASC,training,20,lhs-1,false,1.055345003920092,0.91186441049273859,0.058766975947465362,1.0991779467262428,24681357,canonical-shear-friction-v0.8.1
2894c48618f5c1f68bf97e9045696df73eeb1d98eb84f17e2b1a9a069c33d050,ESM,IT-1998-0054,IT.NOCE..HNN.D.IT-1998-0054.ACC.MP.ASC,training,20,lhs-2,false,0.93530801801650687,0.953478937041492,0.050077687460435838,0.94748395915337158,24681357,canonical-shear-friction-v0.8.1
df28cf3a119d983d75cd0054812be47f32ea1f65f26520c47c7f0d9530a9a496,ESM,IT-1998-0054,IT.NOCE..HNN.D.IT-1998-0054.ACC.MP.ASC,training,20,lhs-3,false,0.98012715606141543,1.0955005541028737,0.043992240427104604,1.0147451705015114,24681357,canonical-shear-friction-v0.8.1
9d7d7fb2ddd83cea95e79172d59fcaa20794959cbeed60bb1a4223d44af7ada8,ESM,EMSC-20160824_0000013,IT.FOC..HGN.D.EMSC-20160824_0000013.ACC.MP.ASC,training,3,nominal,true,1,1,0.050000000000000003,1,24681357,canonical-shear-friction-v0.8.1
17ff039facf33728160b77ff6a990cf2caeb126f468b22f385d544ddaf2cb0fa,ESM,EMSC-20160824_0000013,IT.FOC..HGN.D.EMSC-20160824_0000013.ACC.MP.ASC,training,3,lhs-1,false,1.055345003920092,0.91186441049273859,0.058766975947465362,1.0991779467262428,24681357,canonical-shear-friction-v0.8.1
1169a1a74845b766056e2a69cfd417f4a77ae54aee906d6020c633ffa9f0f00e,ESM,EMSC-20160824_0000013,IT.FOC..HGN.D.EMSC-20160824_0000013.ACC.MP.ASC,training,3,lhs-2,false,0.93530801801650687,0.953478937041492,0.050077687460435838,0.94748395915337158,24681357,canonical-shear-friction-v0.8.1
4a4c28df948cb43da4592176867f87e5d6723dada37bb2b4452c3509debb6b56,ESM,EMSC-20160824_0000013,IT.FOC..HGN.D.EMSC-20160824_0000013.ACC.MP.ASC,training,3,lhs-3,false,0.98012715606141543,1.0955005541028737,0.043992240427104604,1.0147451705015114,24681357,canonical-shear-friction-v0.8.1
99e6aa741b699be17a428b6e9d8b6491e4d3075567e1e2509778bdced0f9bfbb,ESM,EMSC-20160824_0000013,IT.FOC..HGN.D.EMSC-20160824_0000013.ACC.MP.ASC,training,6,nominal,true,1,1,0.050000000000000003,1,24681357,canonical-shear-friction-v0.8.1
929a80c4de51b140ae5357c43ee5da34ec59925b134ac4ae3d6e51c625063aeb,ESM,EMSC-20160824_0000013,IT.FOC..HGN.D.EMSC-20160824_0000013.ACC.MP.ASC,training,6,lhs-1,false,1.055345003920092,0.91186441049273859,0.058766975947465362,1.0991779467262428,24681357,canonical-shear-friction-v0.8.1
48f108f0574d905deaa07d4bda2a7bd3c7da3b1648fca2db06679c3c8c151a03,ESM,EMSC-20160824_0000013,IT.FOC..HGN.D.EMSC-20160824_0000013.ACC.MP.ASC,training,6,lhs-2,false,0.93530801801650687,0.953478937041492,0.050077687460435838,0.94748395915337158,24681357,canonical-shear-friction-v0.8.1
00111c9d4e3207debbed3ff6aade740ec53002d9b260121b5b17088542e22536,ESM,EMSC-20160824_0000013,IT.FOC..HGN.D.EMSC-20160824_0000013.ACC.MP.ASC,training,6,lhs-3,false,0.98012715606141543,1.0955005541028737,0.043992240427104604,1.0147451705015114,24681357,canonical-shear-friction-v0.8.1
ebaff48eadcd7d7cb820a9a79ca48bdf0547a0a33b9797ced6d9404e90a1c3db,ESM,EMSC-20160824_0000013,IT.FOC..HGN.D.EMSC-20160824_0000013.ACC.MP.ASC,training,10,nominal,true,1,1,0.050000000000000003,1,24681357,canonical-shear-friction-v0.8.1
6613d3219ab8aa04dab1e4055279e13eb5cae81d8e9605bdcf826ce6bd1b04b7,ESM,EMSC-20160824_0000013,IT.FOC..HGN.D.EMSC-20160824_0000013.ACC.MP.ASC,training,10,lhs-1,false,1.055345003920092,0.91186441049273859,0.058766975947465362,1.0991779467262428,24681357,canonical-shear-friction-v0.8.1
e6579209b2f6c89fdbba218a4a60a07e39c61c53d7a13e69abecc3418355da81,ESM,EMSC-20160824_0000013,IT.FOC..HGN.D.EMSC-20160824_0000013.ACC.MP.ASC,training,10,lhs-2,false,0.93530801801650687,0.953478937041492,0.050077687460435838,0.94748395915337158,24681357,canonical-shear-friction-v0.8.1
37e090d9cc36eacc8c5acf59234433915c7a4377f3e8b41b60543c262edc35a5,ESM,EMSC-20160824_0000013,IT.FOC..HGN.D.EMSC-20160824_0000013.ACC.MP.ASC,training,10,lhs-3,false,0.98012715606141543,1.0955005541028737,0.043992240427104604,1.0147451705015114,24681357,canonical-shear-friction-v0.8.1
f24d9915174f953ac7f6799791f6442f687c7e994aa800ab89f344c68fa33bd8,ESM,EMSC-20160824_0000013,IT.FOC..HGN.D.EMSC-20160824_0000013.ACC.MP.ASC,training,20,nominal,true,1,1,0.050000000000000003,1,24681357,canonical-shear-friction-v0.8.1
535a5fd36d4522074bba56710252261038843e7a671885403e88530c262d6309,ESM,EMSC-20160824_0000013,IT.FOC..HGN.D.EMSC-20160824_0000013.ACC.MP.ASC,training,20,lhs-1,false,1.055345003920092,0.91186441049273859,0.058766975947465362,1.0991779467262428,24681357,canonical-shear-friction-v0.8.1
89f7cd3cb721b1c7f6e69630359c7e83566c16a8191d33e679d4447b1336dbc2,ESM,EMSC-20160824_0000013,IT.FOC..HGN.D.EMSC-20160824_0000013.ACC.MP.ASC,training,20,lhs-2,false,0.93530801801650687,0.953478937041492,0.050077687460435838,0.94748395915337158,24681357,canonical-shear-friction-v0.8.1
a691e933ef2b4616b21b5e712f0b3269ae30ebe7fb5bdc2c858c5dd549001fa5,ESM,EMSC-20160824_0000013,IT.FOC..HGN.D.EMSC-20160824_0000013.ACC.MP.ASC,training,20,lhs-3,false,0.98012715606141543,1.0955005541028737,0.043992240427104604,1.0147451705015114,24681357,canonical-shear-friction-v0.8.1
4e3559d537ea341633c58b4b12283c8574b009ae1a93da4e717b9dbed55a820b,ESM,EMSC-20160824_0000013,IT.FOC..HGE.D.EMSC-20160824_0000013.ACC.MP.ASC,training,3,nominal,true,1,1,0.050000000000000003,1,24681357,canonical-shear-friction-v0.8.1
bc7f4abc62fbfe9c037f9649a257ef34806c2018cb2df835a0ff37e47879dab1,ESM,EMSC-20160824_0000013,IT.FOC..HGE.D.EMSC-20160824_0000013.ACC.MP.ASC,training,3,lhs-1,false,1.055345003920092,0.91186441049273859,0.058766975947465362,1.0991779467262428,24681357,canonical-shear-friction-v0.8.1
8ede8b4a0e466531f331adc93f1e279b2f731be7763bf889e1dd0b4863136dfd,ESM,EMSC-20160824_0000013,IT.FOC..HGE.D.EMSC-20160824_0000013.ACC.MP.ASC,training,3,lhs-2,false,0.93530801801650687,0.953478937041492,0.050077687460435838,0.94748395915337158,24681357,canonical-shear-friction-v0.8.1
8097528d7503462ea0c8cbe5d216fefd0baa4e3494050ba5835ef2c60f7964c4,ESM,EMSC-20160824_0000013,IT.FOC..HGE.D.EMSC-20160824_0000013.ACC.MP.ASC,training,3,lhs-3,false,0.98012715606141543,1.0955005541028737,0.043992240427104604,1.0147451705015114,24681357,canonical-shear-friction-v0.8.1
16c64f3c577b7d069cb16687b1c46aa380aaed4015e1699db9940af882903fcb,ESM,EMSC-20160824_0000013,IT.FOC..HGE.D.EMSC-20160824_0000013.ACC.MP.ASC,training,6,nominal,true,1,1,0.050000000000000003,1,24681357,canonical-shear-friction-v0.8.1
4471c11bfc237dd84ca195fd930f520947679afda3d8694e609ddc4851c9ef39,ESM,EMSC-20160824_0000013,IT.FOC..HGE.D.EMSC-20160824_0000013.ACC.MP.ASC,training,6,lhs-1,false,1.055345003920092,0.91186441049273859,0.058766975947465362,1.0991779467262428,24681357,canonical-shear-friction-v0.8.1
adef3122dc2e7e302aff8bb7c40daaedeb6f01d6742297c800315f75d744a73c,ESM,EMSC-20160824_0000013,IT.FOC..HGE.D.EMSC-20160824_0000013.ACC.MP.ASC,training,6,lhs-2,false,0.93530801801650687,0.953478937041492,0.050077687460435838,0.94748395915337158,24681357,canonical-shear-friction-v0.8.1
76aa05836cb63027a54f6218dbfa8a29763b3b41aedb08d2f408359dba0d508b,ESM,EMSC-20160824_0000013,IT.FOC..HGE.D.EMSC-20160824_0000013.ACC.MP.ASC,training,6,lhs-3,false,0.98012715606141543,1.0955005541028737,0.043992240427104604,1.0147451705015114,24681357,canonical-shear-friction-v0.8.1
4dfe0a873ece09e974e84393fb23e2274c818deee289e775307a3f4259385081,ESM,EMSC-20160824_0000013,IT.FOC..HGE.D.EMSC-20160824_0000013.ACC.MP.ASC,training,10,nominal,true,1,1,0.050000000000000003,1,24681357,canonical-shear-friction-v0.8.1
61ba3e8b1dff78c97956e534b388ca31d1266c41f8f533d14588189d31119611,ESM,EMSC-20160824_0000013,IT.FOC..HGE.D.EMSC-20160824_0000013.ACC.MP.ASC,training,10,lhs-1,false,1.055345003920092,0.91186441049273859,0.058766975947465362,1.0991779467262428,24681357,canonical-shear-friction-v0.8.1
dc5e74198c0dc6cf7e2fed03217ff75f7787b31e035684899b4c8849650d91a7,ESM,EMSC-20160824_0000013,IT.FOC..HGE.D.EMSC-20160824_0000013.ACC.MP.ASC,training,10,lhs-2,false,0.93530801801650687,0.953478937041492,0.050077687460435838,0.94748395915337158,24681357,canonical-shear-friction-v0.8.1
b136ccb7d595d530fe3cff6e1e4521fea8608ea95ed28ba2abde8de9418bb67d,ESM,EMSC-20160824_0000013,IT.FOC..HGE.D.EMSC-20160824_0000013.ACC.MP.ASC,training,10,lhs-3,false,0.98012715606141543,1.0955005541028737,0.043992240427104604,1.0147451705015114,24681357,canonical-shear-friction-v0.8.1
b91e587b645932206d57a71a0243b133d1b216d7e753cf960213b9b8b45235eb,ESM,EMSC-20160824_0000013,IT.FOC..HGE.D.EMSC-20160824_0000013.ACC.MP.ASC,training,20,nominal,true,1,1,0.050000000000000003,1,24681357,canonical-shear-friction-v0.8.1
f1c5b03a7e13a5d16f684d8f20968ce3da0f90cc9fdec58f66ef56e01b357f78,ESM,EMSC-20160824_0000013,IT.FOC..HGE.D.EMSC-20160824_0000013.ACC.MP.ASC,training,20,lhs-1,false,1.055345003920092,0.91186441049273859,0.058766975947465362,1.0991779467262428,24681357,canonical-shear-friction-v0.8.1
107e4262efa26b1dc94c91a9672efd9fc20e68f95328d153653fde569c354b24,ESM,EMSC-20160824_0000013,IT.FOC..HGE.D.EMSC-20160824_0000013.ACC.MP.ASC,training,20,lhs-2,false,0.93530801801650687,0.953478937041492,0.050077687460435838,0.94748395915337158,24681357,canonical-shear-friction-v0.8.1
64d3cfe92d0936088510bef645b45e4881a2625ef3677b1ab053734bdfc0a09e,ESM,EMSC-20160824_0000013,IT.FOC..HGE.D.EMSC-20160824_0000013.ACC.MP.ASC,training,20,lhs-3,false,0.98012715606141543,1.0955005541028737,0.043992240427104604,1.0147451705015114,24681357,canonical-shear-friction-v0.8.1
6e834f8a5176561642ee55f503e2704fadec6922ac76af71c83bb3403957f028,ESM,EMSC-20160824_0000013,IT.NRC..HGN.D.EMSC-20160824_0000013.ACC.MP.ASC,training,3,nominal,true,1,1,0.050000000000000003,1,24681357,canonical-shear-friction-v0.8.1
0c2f7cba0db5210b35819ec5c43b0e2feb9d09eaabcbb93e664b9863bdbf8776,ESM,EMSC-20160824_0000013,IT.NRC..HGN.D.EMSC-20160824_0000013.ACC.MP.ASC,training,3,lhs-1,false,1.055345003920092,0.91186441049273859,0.058766975947465362,1.0991779467262428,24681357,canonical-shear-friction-v0.8.1
e7270f72e265ee4455c990049a0970fd929e09bbe5110ee6a5fda816c6b7de26,ESM,EMSC-20160824_0000013,IT.NRC..HGN.D.EMSC-20160824_0000013.ACC.MP.ASC,training,3,lhs-2,false,0.93530801801650687,0.953478937041492,0.050077687460435838,0.94748395915337158,24681357,canonical-shear-friction-v0.8.1
02466d480c08a7d0bf759082656db183c824f7773f1adafd20fe6b5eb6a25b1b,ESM,EMSC-20160824_0000013,IT.NRC..HGN.D.EMSC-20160824_0000013.ACC.MP.ASC,training,3,lhs-3,false,0.98012715606141543,1.0955005541028737,0.043992240427104604,1.0147451705015114,24681357,canonical-shear-friction-v0.8.1
1048a6687218d114da559f370d3e91ece213d620597be9b3009f31aeb6d45924,ESM,EMSC-20160824_0000013,IT.NRC..HGN.D.EMSC-20160824_0000013.ACC.MP.ASC,training,6,nominal,true,1,1,0.050000000000000003,1,24681357,canonical-shear-friction-v0.8.1
8e835141b0eaf62a88eb177e63c7127c0dd67ce0313e6a3e70ae742f5167b609,ESM,EMSC-20160824_0000013,IT.NRC..HGN.D.EMSC-20160824_0000013.ACC.MP.ASC,training,6,lhs-1,false,1.055345003920092,0.91186441049273859,0.058766975947465362,1.0991779467262428,24681357,canonical-shear-friction-v0.8.1
d1268669f62f950228d64b7b2c089e1a8daa9879f7fc827f1b656923c543f327,ESM,EMSC-20160824_0000013,IT.NRC..HGN.D.EMSC-20160824_0000013.ACC.MP.ASC,training,6,lhs-2,false,0.93530801801650687,0.953478937041492,0.050077687460435838,0.94748395915337158,24681357,canonical-shear-friction-v0.8.1
5693cf8794afd5a4fb4f86d4f4d57ab737697d0e1f1850ce81a930745f88a19b,ESM,EMSC-20160824_0000013,IT.NRC..HGN.D.EMSC-20160824_0000013.ACC.MP.ASC,training,6,lhs-3,false,0.98012715606141543,1.0955005541028737,0.043992240427104604,1.0147451705015114,24681357,canonical-shear-friction-v0.8.1
7d9ee7401ad42947a9320c73db7f7d400e659b5c0d3a92002121ce9d2c919c38,ESM,EMSC-20160824_0000013,IT.NRC..HGN.D.EMSC-20160824_0000013.ACC.MP.ASC,training,10,nominal,true,1,1,0.050000000000000003,1,24681357,canonical-shear-friction-v0.8.1
e5056182848a28448288afefc61eff4325682a22e52fa25b7d230a80b27cfed6,ESM,EMSC-20160824_0000013,IT.NRC..HGN.D.EMSC-20160824_0000013.ACC.MP.ASC,training,10,lhs-1,false,1.055345003920092,0.91186441049273859,0.058766975947465362,1.0991779467262428,24681357,canonical-shear-friction-v0.8.1
3233528be653d2a7abff9189ae48dad060826d4e8d3952d6799ee79c80990ec2,ESM,EMSC-20160824_0000013,IT.NRC..HGN.D.EMSC-20160824_0000013.ACC.MP.ASC,training,10,lhs-2,false,0.93530801801650687,0.953478937041492,0.050077687460435838,0.94748395915337158,24681357,canonical-shear-friction-v0.8.1
7abc2d1d0558c4f0407d1065b99fde4f1272c68393d4cc6a8bc3020d24eb0346,ESM,EMSC-20160824_0000013,IT.NRC..HGN.D.EMSC-20160824_0000013.ACC.MP.ASC,training,10,lhs-3,false,0.98012715606141543,1.0955005541028737,0.043992240427104604,1.0147451705015114,24681357,canonical-shear-friction-v0.8.1
9f91f8f6165ec6be1fc6c9ce5158592f49aa3e48767a0a06fb8e68d7267445e8,ESM,EMSC-20160824_0000013,IT.NRC..HGN.D.EMSC-20160824_0000013.ACC.MP.ASC,training,20,nominal,true,1,1,0.050000000000000003,1,24681357,canonical-shear-friction-v0.8.1
67f1d50aaef42f963c99b8f3e1f7eba4eda094a497142230f2318b497ed274a2,ESM,EMSC-20160824_0000013,IT.NRC..HGN.D.EMSC-20160824_0000013.ACC.MP.ASC,training,20,lhs-1,false,1.055345003920092,0.91186441049273859,0.058766975947465362,1.0991779467262428,24681357,canonical-shear-friction-v0.8.1
b0c350310be1af5a2be5b3c6851cefe594e2ec384d5c0e87682fe9f4da9728ef,ESM,EMSC-20160824_0000013,IT.NRC..HGN.D.EMSC-20160824_0000013.ACC.MP.ASC,training,20,lhs-2,false,0.93530801801650687,0.953478937041492,0.050077687460435838,0.94748395915337158,24681357,canonical-shear-friction-v0.8.1
35a6cfb1b5231212cd10763591d46a916780523e4577d18d559d12f473cfc204,ESM,EMSC-20160824_0000013,IT.NRC..HGN.D.EMSC-20160824_0000013.ACC.MP.ASC,training,20,lhs-3,false,0.98012715606141543,1.0955005541028737,0.043992240427104604,1.0147451705015114,24681357,canonical-shear-friction-v0.8.1
dbf0e347188ecd83653d33318a92a9152b0e6669b99717211023471682e68ebd,ESM,EMSC-20160824_0000013,IT.NRC..HGE.D.EMSC-20160824_0000013.ACC.MP.ASC,training,3,nominal,true,1,1,0.050000000000000003,1,24681357,canonical-shear-friction-v0.8.1
6c4a91618046010f8ce4731fb9a866ac117f69537508a4827e049f425ce718b0,ESM,EMSC-20160824_0000013,IT.NRC..HGE.D.EMSC-20160824_0000013.ACC.MP.ASC,training,3,lhs-1,false,1.055345003920092,0.91186441049273859,0.058766975947465362,1.0991779467262428,24681357,canonical-shear-friction-v0.8.1
7d21a534050c6042d60d19cfdb1964145c5ae971d416804b8961975718dfbfa1,ESM,EMSC-20160824_0000013,IT.NRC..HGE.D.EMSC-20160824_0000013.ACC.MP.ASC,training,3,lhs-2,false,0.93530801801650687,0.953478937041492,0.050077687460435838,0.94748395915337158,24681357,canonical-shear-friction-v0.8.1
299d993b3c735e4e7c2209cec7a7c80929642069388f1cbb6aae20db8ea2fe80,ESM,EMSC-20160824_0000013,IT.NRC..HGE.D.EMSC-20160824_0000013.ACC.MP.ASC,training,3,lhs-3,false,0.98012715606141543,1.0955005541028737,0.043992240427104604,1.0147451705015114,24681357,canonical-shear-friction-v0.8.1
22e3f159836eb679b21a4fb180488a69d21f06311237acc9e4a440a692fe1878,ESM,EMSC-20160824_0000013,IT.NRC..HGE.D.EMSC-20160824_0000013.ACC.MP.ASC,training,6,nominal,true,1,1,0.050000000000000003,1,24681357,canonical-shear-friction-v0.8.1
8c2bbd62b8f638ff36b00833cc2e925b88dd9d3dc4468904d1095d5ffeae74bc,ESM,EMSC-20160824_0000013,IT.NRC..HGE.D.EMSC-20160824_0000013.ACC.MP.ASC,training,6,lhs-1,false,1.055345003920092,0.91186441049273859,0.058766975947465362,1.0991779467262428,24681357,canonical-shear-friction-v0.8.1
c87686827baf9e2000a6d1f149c529a60e2ce2f48971f8721cebde0da64816bd,ESM,EMSC-20160824_0000013,IT.NRC..HGE.D.EMSC-20160824_0000013.ACC.MP.ASC,training,6,lhs-2,false,0.93530801801650687,0.953478937041492,0.050077687460435838,0.94748395915337158,24681357,canonical-shear-friction-v0.8.1
0dff6ce6764e29b17c20dee6317cccf262c41b829d4819db7e1b68558c74d86e,ESM,EMSC-20160824_0000013,IT.NRC..HGE.D.EMSC-20160824_0000013.ACC.MP.ASC,training,6,lhs-3,false,0.98012715606141543,1.0955005541028737,0.043992240427104604,1.0147451705015114,24681357,canonical-shear-friction-v0.8.1
9fbf23c89f7ca63319c795d3736d78eacc58fab3c21a7226cf37fed7a258c2b9,ESM,EMSC-20160824_0000013,IT.NRC..HGE.D.EMSC-20160824_0000013.ACC.MP.ASC,training,10,nominal,true,1,1,0.050000000000000003,1,24681357,canonical-shear-friction-v0.8.1
14c81433eb673c637a798f65614b8a303dd5e30195e4950d7555f025d5aeb6d2,ESM,EMSC-20160824_0000013,IT.NRC..HGE.D.EMSC-20160824_0000013.ACC.MP.ASC,training,10,lhs-1,false,1.055345003920092,0.91186441049273859,0.058766975947465362,1.0991779467262428,24681357,canonical-shear-friction-v0.8.1
1fe8f1b6e00b1560c8cd6863bfe74205a8df6649512941dff1ede57da70a4394,ESM,EMSC-20160824_0000013,IT.NRC..HGE.D.EMSC-20160824_0000013.ACC.MP.ASC,training,10,lhs-2,false,0.93530801801650687,0.953478937041492,0.050077687460435838,0.94748395915337158,24681357,canonical-shear-friction-v0.8.1
2efab76f31e52ea1e0dd22ecffa05ab8207d4b7a789ab8eb53ecc84e1ff0a2d6,ESM,EMSC-20160824_0000013,IT.NRC..HGE.D.EMSC-20160824_0000013.ACC.MP.ASC,training,10,lhs-3,false,0.98012715606141543,1.0955005541028737,0.043992240427104604,1.0147451705015114,24681357,canonical-shear-friction-v0.8.1
5061a5d104effa3bb771ec3059a08461cad1213ae7843b6698fbe49e3cf6c3ec,ESM,EMSC-20160824_0000013,IT.NRC..HGE.D.EMSC-20160824_0000013.ACC.MP.ASC,training,20,nominal,true,1,1,0.050000000000000003,1,24681357,canonical-shear-friction-v0.8.1
807b0c4a18081590543deb1d6bc43d174cabe36027e4adc00d519b3bec3dbc98,ESM,EMSC-20160824_0000013,IT.NRC..HGE.D.EMSC-20160824_0000013.ACC.MP.ASC,training,20,lhs-1,false,1.055345003920092,0.91186441049273859,0.058766975947465362,1.0991779467262428,24681357,canonical-shear-friction-v0.8.1
ff68f8a9366be9ca7a1a7e23783ee82ba50dff85a4b1933c4fe003034c3ae0e3,ESM,EMSC-20160824_0000013,IT.NRC..HGE.D.EMSC-20160824_0000013.ACC.MP.ASC,training,20,lhs-2,false,0.93530801801650687,0.953478937041492,0.050077687460435838,0.94748395915337158,24681357,canonical-shear-friction-v0.8.1
1f27a6672b549638099f8d1434d521bfdacf6ab8310e328f70cb07124af837fe,ESM,EMSC-20160824_0000013,IT.NRC..HGE.D.EMSC-20160824_0000013.ACC.MP.ASC,training,20,lhs-3,false,0.98012715606141543,1.0955005541028737,0.043992240427104604,1.0147451705015114,24681357,canonical-shear-friction-v0.8.1
e38a911bd7b634fd4ef1d9ae20c9045f9cef994d78bed5d1df0caf18e174ee8a,ESM,IT-2009-0121,IT.GSA..HNE.D.IT-2009-0121.ACC.MP.ASC,training,3,nominal,true,1,1,0.050000000000000003,1,24681357,canonical-shear-friction-v0.8.1
22d75031278d6f408eab9010020b1de889fb8687faeb15d733e295199d745246,ESM,IT-2009-0121,IT.GSA..HNE.D.IT-2009-0121.ACC.MP.ASC,training,3,lhs-1,false,1.055345003920092,0.91186441049273859,0.058766975947465362,1.0991779467262428,24681357,canonical-shear-friction-v0.8.1
40ba494ae4bbfd3f8c702e00c6c2c3b6e0c0a750fca721a27414a7e091c86210,ESM,IT-2009-0121,IT.GSA..HNE.D.IT-2009-0121.ACC.MP.ASC,training,3,lhs-2,false,0.93530801801650687,0.953478937041492,0.050077687460435838,0.94748395915337158,24681357,canonical-shear-friction-v0.8.1
101fc802def63ba27a626b8a10f2e00fdaecd62e404faa22c157f61a9d010d49,ESM,IT-2009-0121,IT.GSA..HNE.D.IT-2009-0121.ACC.MP.ASC,training,3,lhs-3,false,0.98012715606141543,1.0955005541028737,0.043992240427104604,1.0147451705015114,24681357,canonical-shear-friction-v0.8.1
900a0f52c5f9d359898138f5f49ba4fe93dd11eab0106c1fab73163695c74c4f,ESM,IT-2009-0121,IT.GSA..HNE.D.IT-2009-0121.ACC.MP.ASC,training,6,nominal,true,1,1,0.050000000000000003,1,24681357,canonical-shear-friction-v0.8.1
728345704674a67eb11734cacbe68b4fe3226ad8060287b7678be7860ec48bcb,ESM,IT-2009-0121,IT.GSA..HNE.D.IT-2009-0121.ACC.MP.ASC,training,6,lhs-1,false,1.055345003920092,0.91186441049273859,0.058766975947465362,1.0991779467262428,24681357,canonical-shear-friction-v0.8.1
a4a2115011e92463f00e0224b68ec8f4c1d69fba7195ca8eb53c7b4feb277614,ESM,IT-2009-0121,IT.GSA..HNE.D.IT-2009-0121.ACC.MP.ASC,training,6,lhs-2,false,0.93530801801650687,0.953478937041492,0.050077687460435838,0.94748395915337158,24681357,canonical-shear-friction-v0.8.1
6f786f535632e7d34a2bb46ead84a270db4c1658f5a22901207e934da3966e7e,ESM,IT-2009-0121,IT.GSA..HNE.D.IT-2009-0121.ACC.MP.ASC,training,6,lhs-3,false,0.98012715606141543,1.0955005541028737,0.043992240427104604,1.0147451705015114,24681357,canonical-shear-friction-v0.8.1
4ba235829e3ea33ed1de6ecaf27b842c506cbe441a77542aebbf7ed220e3be6a,ESM,IT-2009-0121,IT.GSA..HNE.D.IT-2009-0121.ACC.MP.ASC,training,10,nominal,true,1,1,0.050000000000000003,1,24681357,canonical-shear-friction-v0.8.1
317536587de9ebc6e09c422d7858f9fd412721100c27a98c5df82e07425f020e,ESM,IT-2009-0121,IT.GSA..HNE.D.IT-2009-0121.ACC.MP.ASC,training,10,lhs-1,false,1.055345003920092,0.91186441049273859,0.058766975947465362,1.0991779467262428,24681357,canonical-shear-friction-v0.8.1
219d52c98f820c1680b25cc3313e5ea6d118391c0469f44b67dba51f46dacb8e,ESM,IT-2009-0121,IT.GSA..HNE.D.IT-2009-0121.ACC.MP.ASC,training,10,lhs-2,false,0.93530801801650687,0.953478937041492,0.050077687460435838,0.94748395915337158,24681357,canonical-shear-friction-v0.8.1
3dc91c92cbd8b4ff88e371630a3f2db6f0565bbfce16a9051bbca904e6b1efdc,ESM,IT-2009-0121,IT.GSA..HNE.D.IT-2009-0121.ACC.MP.ASC,training,10,lhs-3,false,0.98012715606141543,1.0955005541028737,0.043992240427104604,1.0147451705015114,24681357,canonical-shear-friction-v0.8.1
b29721145644307d72c227eb438fd9605200664059b5d15985a4a69bac6b26f5,ESM,IT-2009-0121,IT.GSA..HNE.D.IT-2009-0121.ACC.MP.ASC,training,20,nominal,true,1,1,0.050000000000000003,1,24681357,canonical-shear-friction-v0.8.1
9b7c8c7693e682c02f9db302bf7a4acac21277764e3a0c7305d9dee36b5f7178,ESM,IT-2009-0121,IT.GSA..HNE.D.IT-2009-0121.ACC.MP.ASC,training,20,lhs-1,false,1.055345003920092,0.91186441049273859,0.058766975947465362,1.0991779467262428,24681357,canonical-shear-friction-v0.8.1
7837502eabbac78b20e380f9c0e630f71b1af6219768b6520c5522f912d8b78e,ESM,IT-2009-0121,IT.GSA..HNE.D.IT-2009-0121.ACC.MP.ASC,training,20,lhs-2,false,0.93530801801650687,0.953478937041492,0.050077687460435838,0.94748395915337158,24681357,canonical-shear-friction-v0.8.1
aa3b82ee8005775bb37beec956424243a60676fd7189a67f8e6adaeba86ecdad,ESM,IT-2009-0121,IT.GSA..HNE.D.IT-2009-0121.ACC.MP.ASC,training,20,lhs-3,false,0.98012715606141543,1.0955005541028737,0.043992240427104604,1.0147451705015114,24681357,canonical-shear-friction-v0.8.1
348cbe09229d393e9d8c7b0ff4ebda73a9a1a950929c5110b5d9e618e02990e9,ESM,IT-2009-0121,IT.PCB..HNN.D.IT-2009-0121.ACC.MP.ASC,training,3,nominal,true,1,1,0.050000000000000003,1,24681357,canonical-shear-friction-v0.8.1
d0d4e2ad3ac5192a3540ef6dd62e617257adbb42bc325a14da358a94cc569226,ESM,IT-2009-0121,IT.PCB..HNN.D.IT-2009-0121.ACC.MP.ASC,training,3,lhs-1,false,1.055345003920092,0.91186441049273859,0.058766975947465362,1.0991779467262428,24681357,canonical-shear-friction-v0.8.1
070e110ed33ba8e5373bedc8d71fdb6b420d532f1e4077a52cf4eef3946aca98,ESM,IT-2009-0121,IT.PCB..HNN.D.IT-2009-0121.ACC.MP.ASC,training,3,lhs-2,false,0.93530801801650687,0.953478937041492,0.050077687460435838,0.94748395915337158,24681357,canonical-shear-friction-v0.8.1
06501ff2910957186c780eece65457158132c80e7a97dd21dc8d8db388d09dff,ESM,IT-2009-0121,IT.PCB..HNN.D.IT-2009-0121.ACC.MP.ASC,training,3,lhs-3,false,0.98012715606141543,1.0955005541028737,0.043992240427104604,1.0147451705015114,24681357,canonical-shear-friction-v0.8.1
8d260140fd1c278ff81e63f349c4e4bebab41942f678b686155bb66f6b332a57,ESM,IT-2009-0121,IT.PCB..HNN.D.IT-2009-0121.ACC.MP.ASC,training,6,nominal,true,1,1,0.050000000000000003,1,24681357,canonical-shear-friction-v0.8.1
4b752d9e91c00bd73f0ac9a5391990084758ce0ae6541ef5c5eb8ee4a037b8bb,ESM,IT-2009-0121,IT.PCB..HNN.D.IT-2009-0121.ACC.MP.ASC,training,6,lhs-1,false,1.055345003920092,0.91186441049273859,0.058766975947465362,1.0991779467262428,24681357,canonical-shear-friction-v0.8.1
789ab9ccb88abe5354a392cb270bda7a24d8380908d8cbf469ebb24e772d56fc,ESM,IT-2009-0121,IT.PCB..HNN.D.IT-2009-0121.ACC.MP.ASC,training,6,lhs-2,false,0.93530801801650687,0.953478937041492,0.050077687460435838,0.94748395915337158,24681357,canonical-shear-friction-v0.8.1
f8fc9faecb8d1e54968dd29aa215b4ad2e855e747a41216d314f5658208e0f44,ESM,IT-2009-0121,IT.PCB..HNN.D.IT-2009-0121.ACC.MP.ASC,training,6,lhs-3,false,0.98012715606141543,1.0955005541028737,0.043992240427104604,1.0147451705015114,24681357,canonical-shear-friction-v0.8.1
2fa0a015e59e0e942fb4c9396c1210238d0ad1167fce0a71060a0b5072d407b6,ESM,IT-2009-0121,IT.PCB..HNN.D.IT-2009-0121.ACC.MP.ASC,training,10,nominal,true,1,1,0.050000000000000003,1,24681357,canonical-shear-friction-v0.8.1
ebb15aec7a381903c83d746fcbabb295396cb5d9a00bffc8883d386b4989426c,ESM,IT-2009-0121,IT.PCB..HNN.D.IT-2009-0121.ACC.MP.ASC,training,10,lhs-1,false,1.055345003920092,0.91186441049273859,0.058766975947465362,1.0991779467262428,24681357,canonical-shear-friction-v0.8.1
f100de197200baa0057dbdee3ab9cd480426762631305459365b3f982e5e2f3f,ESM,IT-2009-0121,IT.PCB..HNN.D.IT-2009-0121.ACC.MP.ASC,training,10,lhs-2,false,0.93530801801650687,0.953478937041492,0.050077687460435838,0.94748395915337158,24681357,canonical-shear-friction-v0.8.1
6e6e83b891c41966273cb8ea8ffa1f2fe490b0552cb0d8a7d15ea43e5e0aa420,ESM,IT-2009-0121,IT.PCB..HNN.D.IT-2009-0121.ACC.MP.ASC,training,10,lhs-3,false,0.98012715606141543,1.0955005541028737,0.043992240427104604,1.0147451705015114,24681357,canonical-shear-friction-v0.8.1
498bd045c761521afab8ead25e5d7f211021ca348c835b512cf1a898bd4ab4db,ESM,IT-2009-0121,IT.PCB..HNN.D.IT-2009-0121.ACC.MP.ASC,training,20,nominal,true,1,1,0.050000000000000003,1,24681357,canonical-shear-friction-v0.8.1
8b48aaf020dcdede6f380f34e16693b82eb5a6a5dcfd540fd9c6347bb4273fa7,ESM,IT-2009-0121,IT.PCB..HNN.D.IT-2009-0121.ACC.MP.ASC,training,20,lhs-1,false,1.055345003920092,0.91186441049273859,0.058766975947465362,1.0991779467262428,24681357,canonical-shear-friction-v0.8.1
e5127739fbf77f9f2e96d9a8a109baad9f68f812693bf84278cf79157a088c05,ESM,IT-2009-0121,IT.PCB..HNN.D.IT-2009-0121.ACC.MP.ASC,training,20,lhs-2,false,0.93530801801650687,0.953478937041492,0.050077687460435838,0.94748395915337158,24681357,canonical-shear-friction-v0.8.1
d353bdc2d7ae9ae8b5daf9d02fb1463cbaf0e4ef8d1d508cf9d6e6ed29c337d6,ESM,IT-2009-0121,IT.PCB..HNN.D.IT-2009-0121.ACC.MP.ASC,training,20,lhs-3,false,0.98012715606141543,1.0955005541028737,0.043992240427104604,1.0147451705015114,24681357,canonical-shear-friction-v0.8.1
fd0b8a96c95e9a400b1ce01d4cb94b5ccd475e0e6246732e6d411a5ebe4edfe2,ESM,IT-2009-0121,IT.AQV..HNE.D.IT-2009-0121.ACC.MP.ASC,training,3,nominal,true,1,1,0.050000000000000003,1,24681357,canonical-shear-friction-v0.8.1
fe4f4f5147710ed9a29d1a838ceaee36abf32076e4af48944918d251d09b2364,ESM,IT-2009-0121,IT.AQV..HNE.D.IT-2009-0121.ACC.MP.ASC,training,3,lhs-1,false,1.055345003920092,0.91186441049273859,0.058766975947465362,1.0991779467262428,24681357,canonical-shear-friction-v0.8.1
559c8d9a6f01aa3127bfcacc6114690cdfea56e2264b7f49cd0b403557c7f62f,ESM,IT-2009-0121,IT.AQV..HNE.D.IT-2009-0121.ACC.MP.ASC,training,3,lhs-2,false,0.93530801801650687,0.953478937041492,0.050077687460435838,0.94748395915337158,24681357,canonical-shear-friction-v0.8.1
d2cd04fce62b4a7a71c9c177340aef5622a3a9969bdb447aaadb84a0e877764f,ESM,IT-2009-0121,IT.AQV..HNE.D.IT-2009-0121.ACC.MP.ASC,training,3,lhs-3,false,0.98012715606141543,1.0955005541028737,0.043992240427104604,1.0147451705015114,24681357,canonical-shear-friction-v0.8.1
5db2943b23ff0568fcd3021c7ed33acdf07dafa68456d9f91dbd50401553e6c5,ESM,IT-2009-0121,IT.AQV..HNE.D.IT-2009-0121.ACC.MP.ASC,training,6,nominal,true,1,1,0.050000000000000003,1,24681357,canonical-shear-friction-v0.8.1
7de68641168fdf588288c2c29032e91554d2d43cc5c344bd7ff01fff9f6b0ff9,ESM,IT-2009-0121,IT.AQV..HNE.D.IT-2009-0121.ACC.MP.ASC,training,6,lhs-1,false,1.055345003920092,0.91186441049273859,0.058766975947465362,1.0991779467262428,24681357,canonical-shear-friction-v0.8.1
317d6ca495007d6349d91f88a23ee67367d8c43fae6661de204e59843820a6e9,ESM,IT-2009-0121,IT.AQV..HNE.D.IT-2009-0121.ACC.MP.ASC,training,6,lhs-2,false,0.93530801801650687,0.953478937041492,0.050077687460435838,0.94748395915337158,24681357,canonical-shear-friction-v0.8.1
7a269f9594334a004c3182e82b85be93050121a301092e0583c46241b92182dc,ESM,IT-2009-0121,IT.AQV..HNE.D.IT-2009-0121.ACC.MP.ASC,training,6,lhs-3,false,0.98012715606141543,1.0955005541028737,0.043992240427104604,1.0147451705015114,24681357,canonical-shear-friction-v0.8.1
ffcd50bb9dacb946a93d5f16b389063d6d60ae4be9403b62903397510daadcf1,ESM,IT-2009-0121,IT.AQV..HNE.D.IT-2009-0121.ACC.MP.ASC,training,10,nominal,true,1,1,0.050000000000000003,1,24681357,canonical-shear-friction-v0.8.1
82549baa01e046887ca14246d680a66d49e5225f830ce8a8a8614fdbb4d050d5,ESM,IT-2009-0121,IT.AQV..HNE.D.IT-2009-0121.ACC.MP.ASC,training,10,lhs-1,false,1.055345003920092,0.91186441049273859,0.058766975947465362,1.0991779467262428,24681357,canonical-shear-friction-v0.8.1
0e7a54328e41730702be0ed6252c6d75c210399d36376cdf252d370a4ee3137f,ESM,IT-2009-0121,IT.AQV..HNE.D.IT-2009-0121.ACC.MP.ASC,training,10,lhs-2,false,0.93530801801650687,0.953478937041492,0.050077687460435838,0.94748395915337158,24681357,canonical-shear-friction-v0.8.1
a345b78c50ef15a0187ef4e73e0c800328f93846aeadd1e5a313c2286b06115d,ESM,IT-2009-0121,IT.AQV..HNE.D.IT-2009-0121.ACC.MP.ASC,training,10,lhs-3,false,0.98012715606141543,1.0955005541028737,0.043992240427104604,1.0147451705015114,24681357,canonical-shear-friction-v0.8.1
c13aff1455820cefdc1a1bddd7f3aa597dad2457f9d908b78f1d733a49978185,ESM,IT-2009-0121,IT.AQV..HNE.D.IT-2009-0121.ACC.MP.ASC,training,20,nominal,true,1,1,0.050000000000000003,1,24681357,canonical-shear-friction-v0.8.1
321a6e6a4519d6af99e61bca42ac7b22d972e29fbcc602eb5cf8059ae7222ac4,ESM,IT-2009-0121,IT.AQV..HNE.D.IT-2009-0121.ACC.MP.ASC,training,20,lhs-1,false,1.055345003920092,0.91186441049273859,0.058766975947465362,1.0991779467262428,24681357,canonical-shear-friction-v0.8.1
6f3e1060fcddfae9685d29a92b40b93b33ca4b7fba290e791250ef49705e487a,ESM,IT-2009-0121,IT.AQV..HNE.D.IT-2009-0121.ACC.MP.ASC,training,20,lhs-2,false,0.93530801801650687,0.953478937041492,0.050077687460435838,0.94748395915337158,24681357,canonical-shear-friction-v0.8.1
539c51ed2d4348729488cbdc7ce77893a1509d3884d1f7de11c948a2ede1777f,ESM,IT-2009-0121,IT.AQV..HNE.D.IT-2009-0121.ACC.MP.ASC,training,20,lhs-3,false,0.98012715606141543,1.0955005541028737,0.043992240427104604,1.0147451705015114,24681357,canonical-shear-friction-v0.8.1
78cb3576ceaaa1e9c051b8b9dfb1ed4d2662c76cb0e8fb6a7cfb9e7fce0f8a61,ESM,IT-2009-0121,IT.PCB..HNE.D.IT-2009-0121.ACC.MP.ASC,training,3,nominal,true,1,1,0.050000000000000003,1,24681357,canonical-shear-friction-v0.8.1
7223d0a76f9e03656edfa4ecd91285473cd25d60f939eef20f8def0f0f4cdf64,ESM,IT-2009-0121,IT.PCB..HNE.D.IT-2009-0121.ACC.MP.ASC,training,3,lhs-1,false,1.055345003920092,0.91186441049273859,0.058766975947465362,1.0991779467262428,24681357,canonical-shear-friction-v0.8.1
7255bd59fe7db48862210964f41eb253dc924cd3c93cb95c61b936f423efb111,ESM,IT-2009-0121,IT.PCB..HNE.D.IT-2009-0121.ACC.MP.ASC,training,3,lhs-2,false,0.93530801801650687,0.953478937041492,0.050077687460435838,0.94748395915337158,24681357,canonical-shear-friction-v0.8.1
fd9746e81418559f3a2828e0eb3862279f73222ae40e8a99086361970d1d666d,ESM,IT-2009-0121,IT.PCB..HNE.D.IT-2009-0121.ACC.MP.ASC,training,3,lhs-3,false,0.98012715606141543,1.0955005541028737,0.043992240427104604,1.0147451705015114,24681357,canonical-shear-friction-v0.8.1
9c402c85fbe2566d0ae92715679144c7a08b79257df03ecccc004ebf52bc383c,ESM,IT-2009-0121,IT.PCB..HNE.D.IT-2009-0121.ACC.MP.ASC,training,6,nominal,true,1,1,0.050000000000000003,1,24681357,canonical-shear-friction-v0.8.1
d6a189021282be6a5f052ab41cfe036b21f94794bf9f205a35c0487c65ec60b0,ESM,IT-2009-0121,IT.PCB..HNE.D.IT-2009-0121.ACC.MP.ASC,training,6,lhs-1,false,1.055345003920092,0.91186441049273859,0.058766975947465362,1.0991779467262428,24681357,canonical-shear-friction-v0.8.1
b3ab833188942b0efda7fa5c77097c42ec9cc38a327d497ca4f0ed92f751f8d7,ESM,IT-2009-0121,IT.PCB..HNE.D.IT-2009-0121.ACC.MP.ASC,training,6,lhs-2,false,0.93530801801650687,0.953478937041492,0.050077687460435838,0.94748395915337158,24681357,canonical-shear-friction-v0.8.1
6eabff38d8ae5172ae98836bc35f8a3c40530e0db61c08d637971eeb37287416,ESM,IT-2009-0121,IT.PCB..HNE.D.IT-2009-0121.ACC.MP.ASC,training,6,lhs-3,false,0.98012715606141543,1.0955005541028737,0.043992240427104604,1.0147451705015114,24681357,canonical-shear-friction-v0.8.1
1e0da1d762b8e5a6959a6a270259ca87bfa066fe57e9351e58b8e4f550125a34,ESM,IT-2009-0121,IT.PCB..HNE.D.IT-2009-0121.ACC.MP.ASC,training,10,nominal,true,1,1,0.050000000000000003,1,24681357,canonical-shear-friction-v0.8.1
4e5bd81291255937b867e8d370779f013830d24d2977566f1a60674f4d472863,ESM,IT-2009-0121,IT.PCB..HNE.D.IT-2009-0121.ACC.MP.ASC,training,10,lhs-1,false,1.055345003920092,0.91186441049273859,0.058766975947465362,1.0991779467262428,24681357,canonical-shear-friction-v0.8.1
4bda3385ba22c29b1e0595689b48b911d386f20d09266aabb2767d6050b2f083,ESM,IT-2009-0121,IT.PCB..HNE.D.IT-2009-0121.ACC.MP.ASC,training,10,lhs-2,false,0.93530801801650687,0.953478937041492,0.050077687460435838,0.94748395915337158,24681357,canonical-shear-friction-v0.8.1
7e9ee7b185fa5d8c80dc6c16dcb332fe65ea3c0403178e38e5940ef82df6b5de,ESM,IT-2009-0121,IT.PCB..HNE.D.IT-2009-0121.ACC.MP.ASC,training,10,lhs-3,false,0.98012715606141543,1.0955005541028737,0.043992240427104604,1.0147451705015114,24681357,canonical-shear-friction-v0.8.1
a2f072ab15495ca6c8d1423efb07e1d9bcdcea240b0b0fbeee056b10538aea2c,ESM,IT-2009-0121,IT.PCB..HNE.D.IT-2009-0121.ACC.MP.ASC,training,20,nominal,true,1,1,0.050000000000000003,1,24681357,canonical-shear-friction-v0.8.1
60406c81cdbb73e4686f69a73f4e0b2f8c5a7198c1aa9d450247426da482ed7c,ESM,IT-2009-0121,IT.PCB..HNE.D.IT-2009-0121.ACC.MP.ASC,training,20,lhs-1,false,1.055345003920092,0.91186441049273859,0.058766975947465362,1.0991779467262428,24681357,canonical-shear-friction-v0.8.1
5837462da09ad94f11bea2f88063ca0125b2f36cc227c01efa488dadceedbc03,ESM,IT-2009-0121,IT.PCB..HNE.D.IT-2009-0121.ACC.MP.ASC,training,20,lhs-2,false,0.93530801801650687,0.953478937041492,0.050077687460435838,0.94748395915337158,24681357,canonical-shear-friction-v0.8.1
7d8ec18c1a3acd988e8a38a872b40215a36ebcb2e5f70e33e631b4991f47effb,ESM,IT-2009-0121,IT.PCB..HNE.D.IT-2009-0121.ACC.MP.ASC,training,20,lhs-3,false,0.98012715606141543,1.0955005541028737,0.043992240427104604,1.0147451705015114,24681357,canonical-shear-friction-v0.8.1
c2baac4f6af219ced1778a04ee1d1ac803b418792eba51d4c28d5bb901a394c4,ESM,IT-2012-0010,5G.T0819..HNN.D.IT-2012-0010.ACC.MP.ASC,training,3,nominal,true,1,1,0.050000000000000003,1,24681357,canonical-shear-friction-v0.8.1
45264540898b17dd105a559575869e5270e75aa1be595ecfe8f79102f20933e4,ESM,IT-2012-0010,5G.T0819..HNN.D.IT-2012-0010.ACC.MP.ASC,training,3,lhs-1,false,1.055345003920092,0.91186441049273859,0.058766975947465362,1.0991779467262428,24681357,canonical-shear-friction-v0.8.1
2d623d7f058783cd8ee56441c21ebb87441cb44bd613c706edaea10d8f581624,ESM,IT-2012-0010,5G.T0819..HNN.D.IT-2012-0010.ACC.MP.ASC,training,3,lhs-2,false,0.93530801801650687,0.953478937041492,0.050077687460435838,0.94748395915337158,24681357,canonical-shear-friction-v0.8.1
5043563d573fa8451b57812c8fbf30262e126e50a49b1a1b68eb8ccc734fc166,ESM,IT-2012-0010,5G.T0819..HNN.D.IT-2012-0010.ACC.MP.ASC,training,3,lhs-3,false,0.98012715606141543,1.0955005541028737,0.043992240427104604,1.0147451705015114,24681357,canonical-shear-friction-v0.8.1
06cd5b8c5b2ea57e2b21e01b00e8836727a642fc0a84df1b2fe4225bb8731b7e,ESM,IT-2012-0010,5G.T0819..HNN.D.IT-2012-0010.ACC.MP.ASC,training,6,nominal,true,1,1,0.050000000000000003,1,24681357,canonical-shear-friction-v0.8.1
69f2a34114698be3cc66a526aec95826a0d34d0e079280203a5a9807f1fed68b,ESM,IT-2012-0010,5G.T0819..HNN.D.IT-2012-0010.ACC.MP.ASC,training,6,lhs-1,false,1.055345003920092,0.91186441049273859,0.058766975947465362,1.0991779467262428,24681357,canonical-shear-friction-v0.8.1
3c872d027a5583d237676c29ff429163e7516fb5500af61bf43816fae47a3fe5,ESM,IT-2012-0010,5G.T0819..HNN.D.IT-2012-0010.ACC.MP.ASC,training,6,lhs-2,false,0.93530801801650687,0.953478937041492,0.050077687460435838,0.94748395915337158,24681357,canonical-shear-friction-v0.8.1
cdde1ac0d81bc242a141b35a9df760ed16604ea9d23b7994a382f5eeb094cd93,ESM,IT-2012-0010,5G.T0819..HNN.D.IT-2012-0010.ACC.MP.ASC,training,6,lhs-3,false,0.98012715606141543,1.0955005541028737,0.043992240427104604,1.0147451705015114,24681357,canonical-shear-friction-v0.8.1
fa2d1ad753e71eaee38f22c4c164b571aaeb61e7502ba5770ece20ec388fc7e7,ESM,IT-2012-0010,5G.T0819..HNN.D.IT-2012-0010.ACC.MP.ASC,training,10,nominal,true,1,1,0.050000000000000003,1,24681357,canonical-shear-friction-v0.8.1
23ada86ecd144413a6b8a5d9fc96d680edfd98b9a591f6572cf758d9ad77f599,ESM,IT-2012-0010,5G.T0819..HNN.D.IT-2012-0010.ACC.MP.ASC,training,10,lhs-1,false,1.055345003920092,0.91186441049273859,0.058766975947465362,1.0991779467262428,24681357,canonical-shear-friction-v0.8.1
f40214e92053c9dc73934f8b825c363bb665c2d3b041673aa2e621bb8e9f0a3b,ESM,IT-2012-0010,5G.T0819..HNN.D.IT-2012-0010.ACC.MP.ASC,training,10,lhs-2,false,0.93530801801650687,0.953478937041492,0.050077687460435838,0.94748395915337158,24681357,canonical-shear-friction-v0.8.1
fd147aa9fec70988d16a1ee487d3a9c1398674d1b72ce5e95ab824ddc5def73d,ESM,IT-2012-0010,5G.T0819..HNN.D.IT-2012-0010.ACC.MP.ASC,training,10,lhs-3,false,0.98012715606141543,1.0955005541028737,0.043992240427104604,1.0147451705015114,24681357,canonical-shear-friction-v0.8.1
7701cd1c5ceb540319fb1b21fd05cacee5eee83d9e610eeed6ab462c861dc44d,ESM,IT-2012-0010,5G.T0819..HNN.D.IT-2012-0010.ACC.MP.ASC,training,20,nominal,true,1,1,0.050000000000000003,1,24681357,canonical-shear-friction-v0.8.1
f340d7a858d6f61ec39f707152d542b2a01f2242e08b7dbab31845dcc173da5a,ESM,IT-2012-0010,5G.T0819..HNN.D.IT-2012-0010.ACC.MP.ASC,training,20,lhs-1,false,1.055345003920092,0.91186441049273859,0.058766975947465362,1.0991779467262428,24681357,canonical-shear-friction-v0.8.1
1826be10db40fc6763f76198ee91a3f738beadc24212db98f50ce7e372553d09,ESM,IT-2012-0010,5G.T0819..HNN.D.IT-2012-0010.ACC.MP.ASC,training,20,lhs-2,false,0.93530801801650687,0.953478937041492,0.050077687460435838,0.94748395915337158,24681357,canonical-shear-friction-v0.8.1
c1cfcc7d25f3e9b9d6506f8a07bf02fb247cf747f462d587d0adc3f8398ab703,ESM,IT-2012-0010,5G.T0819..HNN.D.IT-2012-0010.ACC.MP.ASC,training,20,lhs-3,false,0.98012715606141543,1.0955005541028737,0.043992240427104604,1.0147451705015114,24681357,canonical-shear-friction-v0.8.1
e368652e4d3d510a8d692240464d63e61b5eda5fc917abb78c510205850dbc99,ESM,IT-2012-0010,IT.MRN..HNN.D.IT-2012-0010.ACC.MP.ASC,training,3,nominal,true,1,1,0.050000000000000003,1,24681357,canonical-shear-friction-v0.8.1
d7540518aaf217217ae894c409a2ee5173d92dfd6c457592f5c50aefeee6d028,ESM,IT-2012-0010,IT.MRN..HNN.D.IT-2012-0010.ACC.MP.ASC,training,3,lhs-1,false,1.055345003920092,0.91186441049273859,0.058766975947465362,1.0991779467262428,24681357,canonical-shear-friction-v0.8.1
5130edcebb910379e14cf1d41f73fed2dc81f67bd1f305569ac7ac9784484793,ESM,IT-2012-0010,IT.MRN..HNN.D.IT-2012-0010.ACC.MP.ASC,training,3,lhs-2,false,0.93530801801650687,0.953478937041492,0.050077687460435838,0.94748395915337158,24681357,canonical-shear-friction-v0.8.1
61752e353baf39581856b7e9abe48406ecfafa78d059d034ff5ae76be36cfd5c,ESM,IT-2012-0010,IT.MRN..HNN.D.IT-2012-0010.ACC.MP.ASC,training,3,lhs-3,false,0.98012715606141543,1.0955005541028737,0.043992240427104604,1.0147451705015114,24681357,canonical-shear-friction-v0.8.1
8fde6c1eb142b3c3e2e0009e490ff776a5e2b8d9c2010bf5850505d449e52ae7,ESM,IT-2012-0010,IT.MRN..HNN.D.IT-2012-0010.ACC.MP.ASC,training,6,nominal,true,1,1,0.050000000000000003,1,24681357,canonical-shear-friction-v0.8.1
37bb64d48cdefd6a345c368fd5784ce25f8f711fd31e02fc19989db890168d5a,ESM,IT-2012-0010,IT.MRN..HNN.D.IT-2012-0010.ACC.MP.ASC,training,6,lhs-1,false,1.055345003920092,0.91186441049273859,0.058766975947465362,1.0991779467262428,24681357,canonical-shear-friction-v0.8.1
870afd4ba3e43b5ecc62fd87392d02bc1fd9cd0d1e21728065b81c61689bc379,ESM,IT-2012-0010,IT.MRN..HNN.D.IT-2012-0010.ACC.MP.ASC,training,6,lhs-2,false,0.93530801801650687,0.953478937041492,0.050077687460435838,0.94748395915337158,24681357,canonical-shear-friction-v0.8.1
ecf2cda4278e75868639fcf4f21db61686ccf92acb3378f5758d727b0cd94ef0,ESM,IT-2012-0010,IT.MRN..HNN.D.IT-2012-0010.ACC.MP.ASC,training,6,lhs-3,false,0.98012715606141543,1.0955005541028737,0.043992240427104604,1.0147451705015114,24681357,canonical-shear-friction-v0.8.1
eff30c3352fdc233490a7eff56613050996190dd0a3954e3c3e1bed20f78fe68,ESM,IT-2012-0010,IT.MRN..HNN.D.IT-2012-0010.ACC.MP.ASC,training,10,nominal,true,1,1,0.050000000000000003,1,24681357,canonical-shear-friction-v0.8.1
55efbd6c4b90b2357f18892ee63f9ca2b21f2946861fa93dfb22982739446bc9,ESM,IT-2012-0010,IT.MRN..HNN.D.IT-2012-0010.ACC.MP.ASC,training,10,lhs-1,false,1.055345003920092,0.91186441049273859,0.058766975947465362,1.0991779467262428,24681357,canonical-shear-friction-v0.8.1
c7ce3a09494df82b952995ce20a9862a1794824c02be3383091dcd73ef681f28,ESM,IT-2012-0010,IT.MRN..HNN.D.IT-2012-0010.ACC.MP.ASC,training,10,lhs-2,false,0.93530801801650687,0.953478937041492,0.050077687460435838,0.94748395915337158,24681357,canonical-shear-friction-v0.8.1
b082a47a853a2e81823b9862c3e1bb13f835dbe72de9071c4cd36315f5148f4b,ESM,IT-2012-0010,IT.MRN..HNN.D.IT-2012-0010.ACC.MP.ASC,training,10,lhs-3,false,0.98012715606141543,1.0955005541028737,0.043992240427104604,1.0147451705015114,24681357,canonical-shear-friction-v0.8.1
d9ad936d162413afb50fe6ffbdb1ac22f1348f254001bc47554e1b44513a1a11,ESM,IT-2012-0010,IT.MRN..HNN.D.IT-2012-0010.ACC.MP.ASC,training,20,nominal,true,1,1,0.050000000000000003,1,24681357,canonical-shear-friction-v0.8.1
32948536136b0a068696147f6892142ef2dd12ac2a5102df252868e97a9ba607,ESM,IT-2012-0010,IT.MRN..HNN.D.IT-2012-0010.ACC.MP.ASC,training,20,lhs-1,false,1.055345003920092,0.91186441049273859,0.058766975947465362,1.0991779467262428,24681357,canonical-shear-friction-v0.8.1
5774b7ac5be46f3fbd2aae979c45d7cb46ce4f6af10778038ee8feb95aa05a0f,ESM,IT-2012-0010,IT.MRN..HNN.D.IT-2012-0010.ACC.MP.ASC,training,20,lhs-2,false,0.93530801801650687,0.953478937041492,0.050077687460435838,0.94748395915337158,24681357,canonical-shear-friction-v0.8.1
8a5e9f03664ef5033825005cc5ec6bca6544da2afadb7494e40b325da50e40a3,ESM,IT-2012-0010,IT.MRN..HNN.D.IT-2012-0010.ACC.MP.ASC,training,20,lhs-3,false,0.98012715606141543,1.0955005541028737,0.043992240427104604,1.0147451705015114,24681357,canonical-shear-friction-v0.8.1
bcc856502a68abc0e97687c8c09516f83b2c6a7200b3121e01a397b153113c10,ESM,IT-2012-0010,TV.MIR01..HNN.D.IT-2012-0010.ACC.MP.ASC,training,3,nominal,true,1,1,0.050000000000000003,1,24681357,canonical-shear-friction-v0.8.1
5bc54ca42417ad7ab91f024b2960df0638dbb48cca1cb46f5f2aa6de73f93a0c,ESM,IT-2012-0010,TV.MIR01..HNN.D.IT-2012-0010.ACC.MP.ASC,training,3,lhs-1,false,1.055345003920092,0.91186441049273859,0.058766975947465362,1.0991779467262428,24681357,canonical-shear-friction-v0.8.1
4c025e8d5dae7dc63d24c8709174f5f3ad298466a39096419c9899e25092308b,ESM,IT-2012-0010,TV.MIR01..HNN.D.IT-2012-0010.ACC.MP.ASC,training,3,lhs-2,false,0.93530801801650687,0.953478937041492,0.050077687460435838,0.94748395915337158,24681357,canonical-shear-friction-v0.8.1
e97f37d8142f0c605ef50015a989cfddb065b1d01487877bbac1c4240531e2c5,ESM,IT-2012-0010,TV.MIR01..HNN.D.IT-2012-0010.ACC.MP.ASC,training,3,lhs-3,false,0.98012715606141543,1.0955005541028737,0.043992240427104604,1.0147451705015114,24681357,canonical-shear-friction-v0.8.1
b7dfdfe1e9c7b2794f083220ac9e530c5386dbd2c6411e3cce63a64fdc3d728d,ESM,IT-2012-0010,TV.MIR01..HNN.D.IT-2012-0010.ACC.MP.ASC,training,6,nominal,true,1,1,0.050000000000000003,1,24681357,canonical-shear-friction-v0.8.1
ea8303b7bf1939691bc4c6381cd7f7c124ddf898b6669ea93874f6e9e45abf10,ESM,IT-2012-0010,TV.MIR01..HNN.D.IT-2012-0010.ACC.MP.ASC,training,6,lhs-1,false,1.055345003920092,0.91186441049273859,0.058766975947465362,1.0991779467262428,24681357,canonical-shear-friction-v0.8.1
d7d731ee40c103e4459c147151e7a5222a6ef665978ec6f0ba17785f1652e438,ESM,IT-2012-0010,TV.MIR01..HNN.D.IT-2012-0010.ACC.MP.ASC,training,6,lhs-2,false,0.93530801801650687,0.953478937041492,0.050077687460435838,0.94748395915337158,24681357,canonical-shear-friction-v0.8.1
88198af579bd845b995426d6c2472bee369009d58eb5c8332e248636330df5cd,ESM,IT-2012-0010,TV.MIR01..HNN.D.IT-2012-0010.ACC.MP.ASC,training,6,lhs-3,false,0.98012715606141543,1.0955005541028737,0.043992240427104604,1.0147451705015114,24681357,canonical-shear-friction-v0.8.1
d684796c1c6b0f4a3dee6f99e40a4eca943c348e405e5043da72a079b6ac96d5,ESM,IT-2012-0010,TV.MIR01..HNN.D.IT-2012-0010.ACC.MP.ASC,training,10,nominal,true,1,1,0.050000000000000003,1,24681357,canonical-shear-friction-v0.8.1
700d2277c40d8f4697eb3515a1a42031090b43e00d1761d17ed89bd8c9b2bfe7,ESM,IT-2012-0010,TV.MIR01..HNN.D.IT-2012-0010.ACC.MP.ASC,training,10,lhs-1,false,1.055345003920092,0.91186441049273859,0.058766975947465362,1.0991779467262428,24681357,canonical-shear-friction-v0.8.1
d09ca2fb282c945f9ec764e1832f7d81664da623de10f9d851ac09cdea96c63d,ESM,IT-2012-0010,TV.MIR01..HNN.D.IT-2012-0010.ACC.MP.ASC,training,10,lhs-2,false,0.93530801801650687,0.953478937041492,0.050077687460435838,0.94748395915337158,24681357,canonical-shear-friction-v0.8.1
51858109409e58de4a45aef9818841bd1f3ddbe5cae375b7e3c0cae542be37f8,ESM,IT-2012-0010,TV.MIR01..HNN.D.IT-2012-0010.ACC.MP.ASC,training,10,lhs-3,false,0.98012715606141543,1.0955005541028737,0.043992240427104604,1.0147451705015114,24681357,canonical-shear-friction-v0.8.1
7813dbaab18e8064cc70b5a2acaa3362807043581b1dc25086cd639abd1cda1f,ESM,IT-2012-0010,TV.MIR01..HNN.D.IT-2012-0010.ACC.MP.ASC,training,20,nominal,true,1,1,0.050000000000000003,1,24681357,canonical-shear-friction-v0.8.1
2fcf34b1db61a476223b75bae98e645341b665e4a1815f1d21140622263477a5,ESM,IT-2012-0010,TV.MIR01..HNN.D.IT-2012-0010.ACC.MP.ASC,training,20,lhs-1,false,1.055345003920092,0.91186441049273859,0.058766975947465362,1.0991779467262428,24681357,canonical-shear-friction-v0.8.1
40285ed81e84fb2f66cd1b34253b6664c51557cc3f286d1389f9d41fcb82fe81,ESM,IT-2012-0010,TV.MIR01..HNN.D.IT-2012-0010.ACC.MP.ASC,training,20,lhs-2,false,0.93530801801650687,0.953478937041492,0.050077687460435838,0.94748395915337158,24681357,canonical-shear-friction-v0.8.1
ddf630969edb154b4d7520f98f4324f63947a40d656a624c625ac5e691575de9,ESM,IT-2012-0010,TV.MIR01..HNN.D.IT-2012-0010.ACC.MP.ASC,training,20,lhs-3,false,0.98012715606141543,1.0955005541028737,0.043992240427104604,1.0147451705015114,24681357,canonical-shear-friction-v0.8.1
e97a2fd9e00098b4aaa5fe99bad1e2c941c4453ca12bcf3f14b8f3b91b197084,ESM,IT-2012-0010,5G.T0814..HNE.D.IT-2012-0010.ACC.MP.ASC,training,3,nominal,true,1,1,0.050000000000000003,1,24681357,canonical-shear-friction-v0.8.1
d91256ca5d7194348770ffb9e5849124bd810e9892f11b809ec9b4ee1d8bba15,ESM,IT-2012-0010,5G.T0814..HNE.D.IT-2012-0010.ACC.MP.ASC,training,3,lhs-1,false,1.055345003920092,0.91186441049273859,0.058766975947465362,1.0991779467262428,24681357,canonical-shear-friction-v0.8.1
42c8831dc08698fbcde0fb594a652c962be91ec0d6cb59121983ac5d4db45bbd,ESM,IT-2012-0010,5G.T0814..HNE.D.IT-2012-0010.ACC.MP.ASC,training,3,lhs-2,false,0.93530801801650687,0.953478937041492,0.050077687460435838,0.94748395915337158,24681357,canonical-shear-friction-v0.8.1
d826844a80d28a2dd3c69d1238568a65eee2100a0ded98c4fef4177bad304dbc,ESM,IT-2012-0010,5G.T0814..HNE.D.IT-2012-0010.ACC.MP.ASC,training,3,lhs-3,false,0.98012715606141543,1.0955005541028737,0.043992240427104604,1.0147451705015114,24681357,canonical-shear-friction-v0.8.1
708ee59cc886d629cc54ec060d523deda6bcf3233111059fda07570329c73a68,ESM,IT-2012-0010,5G.T0814..HNE.D.IT-2012-0010.ACC.MP.ASC,training,6,nominal,true,1,1,0.050000000000000003,1,24681357,canonical-shear-friction-v0.8.1
d69ab6ad843362fc9e9ae4650f07b6828f58300a20b7e43a6bae1ebc99942ea2,ESM,IT-2012-0010,5G.T0814..HNE.D.IT-2012-0010.ACC.MP.ASC,training,6,lhs-1,false,1.055345003920092,0.91186441049273859,0.058766975947465362,1.0991779467262428,24681357,canonical-shear-friction-v0.8.1
729fc03d1741002667562685aec3938e76216cae718de98e58a2f422a619e215,ESM,IT-2012-0010,5G.T0814..HNE.D.IT-2012-0010.ACC.MP.ASC,training,6,lhs-2,false,0.93530801801650687,0.953478937041492,0.050077687460435838,0.94748395915337158,24681357,canonical-shear-friction-v0.8.1
61b7876b0b87cce160cd4c08e3383ac863fb4345baaeb32f2903009769e09f76,ESM,IT-2012-0010,5G.T0814..HNE.D.IT-2012-0010.ACC.MP.ASC,training,6,lhs-3,false,0.98012715606141543,1.0955005541028737,0.043992240427104604,1.0147451705015114,24681357,canonical-shear-friction-v0.8.1
9b707a7d7373c94d3f4667b5d9c23cdfdb8d18bb2d69f824beeceaa7c2bd86c6,ESM,IT-2012-0010,5G.T0814..HNE.D.IT-2012-0010.ACC.MP.ASC,training,10,nominal,true,1,1,0.050000000000000003,1,24681357,canonical-shear-friction-v0.8.1
9fad9e2cc3a57953159824e15f2d6f95329a01911f823959debd87bddc3c502d,ESM,IT-2012-0010,5G.T0814..HNE.D.IT-2012-0010.ACC.MP.ASC,training,10,lhs-1,false,1.055345003920092,0.91186441049273859,0.058766975947465362,1.0991779467262428,24681357,canonical-shear-friction-v0.8.1
64e5514a96ddd961f5ec2da6d77844111438a1375820318cacd79bc6ed98970b,ESM,IT-2012-0010,5G.T0814..HNE.D.IT-2012-0010.ACC.MP.ASC,training,10,lhs-2,false,0.93530801801650687,0.953478937041492,0.050077687460435838,0.94748395915337158,24681357,canonical-shear-friction-v0.8.1
39da6cdaf0dc0fe5cfe4bb0a386de1cab70c6c5a5269ed69a1988d21a8dac99f,ESM,IT-2012-0010,5G.T0814..HNE.D.IT-2012-0010.ACC.MP.ASC,training,10,lhs-3,false,0.98012715606141543,1.0955005541028737,0.043992240427104604,1.0147451705015114,24681357,canonical-shear-friction-v0.8.1
4cf29b45357dbd424b3036c1c757e656d0cf533656fde881bf3fc7655c324b16,ESM,IT-2012-0010,5G.T0814..HNE.D.IT-2012-0010.ACC.MP.ASC,training,20,nominal,true,1,1,0.050000000000000003,1,24681357,canonical-shear-friction-v0.8.1
d10873cbba0b2f8fd6a680c8a0551827b31c789fbbd86ef4ae0419795ff9e5b4,ESM,IT-2012-0010,5G.T0814..HNE.D.IT-2012-0010.ACC.MP.ASC,training,20,lhs-1,false,1.055345003920092,0.91186441049273859,0.058766975947465362,1.0991779467262428,24681357,canonical-shear-friction-v0.8.1
adc3687be57f947e54a14e8ee80729fa5568c9a799c30f532df488f79f2b2eb4,ESM,IT-2012-0010,5G.T0814..HNE.D.IT-2012-0010.ACC.MP.ASC,training,20,lhs-2,false,0.93530801801650687,0.953478937041492,0.050077687460435838,0.94748395915337158,24681357,canonical-shear-friction-v0.8.1
dfc8142c6e9bdb0fc3405e1e002aa58e8f97885261d2178d5e9dc64d8b9020ec,ESM,IT-2012-0010,5G.T0814..HNE.D.IT-2012-0010.ACC.MP.ASC,training,20,lhs-3,false,0.98012715606141543,1.0955005541028737,0.043992240427104604,1.0147451705015114,24681357,canonical-shear-friction-v0.8.1
4208bc9191f20f627635ff75e84c349ed9540b1385eb0d04649bda6856118484,ESM,EMSC-20161026_0000133,IT.CMI..HGN.D.EMSC-20161026_0000133.ACC.MP.ASC,training,3,nominal,true,1,1,0.050000000000000003,1,24681357,canonical-shear-friction-v0.8.1
7b09927b008c296626799f6feb8d75f40fb6c769a2fe1b6c17285de16bcde9e7,ESM,EMSC-20161026_0000133,IT.CMI..HGN.D.EMSC-20161026_0000133.ACC.MP.ASC,training,3,lhs-1,false,1.055345003920092,0.91186441049273859,0.058766975947465362,1.0991779467262428,24681357,canonical-shear-friction-v0.8.1
11075792632055170b931f5f45b76a79fe8cdfc331efec4955263ff3fdc11968,ESM,EMSC-20161026_0000133,IT.CMI..HGN.D.EMSC-20161026_0000133.ACC.MP.ASC,training,3,lhs-2,false,0.93530801801650687,0.953478937041492,0.050077687460435838,0.94748395915337158,24681357,canonical-shear-friction-v0.8.1
f6be6fea8dbee213eca4343932aad2233edb801e8bb45a9f76087511fb6dc30f,ESM,EMSC-20161026_0000133,IT.CMI..HGN.D.EMSC-20161026_0000133.ACC.MP.ASC,training,3,lhs-3,false,0.98012715606141543,1.0955005541028737,0.043992240427104604,1.0147451705015114,24681357,canonical-shear-friction-v0.8.1
634f5d3e348ef7bf58bfab1724c7ed837c3be9fe1156c4610dc525858e6da54d,ESM,EMSC-20161026_0000133,IT.CMI..HGN.D.EMSC-20161026_0000133.ACC.MP.ASC,training,6,nominal,true,1,1,0.050000000000000003,1,24681357,canonical-shear-friction-v0.8.1
4cc9b650dd8d2e10f292ea46a450fe156918cb5284e86a606759bc258a3d0a7e,ESM,EMSC-20161026_0000133,IT.CMI..HGN.D.EMSC-20161026_0000133.ACC.MP.ASC,training,6,lhs-1,false,1.055345003920092,0.91186441049273859,0.058766975947465362,1.0991779467262428,24681357,canonical-shear-friction-v0.8.1
f6bd574af7b6abf4e18c6737de26104e99d697ad9311ec7cb78cff5bd20fc75c,ESM,EMSC-20161026_0000133,IT.CMI..HGN.D.EMSC-20161026_0000133.ACC.MP.ASC,training,6,lhs-2,false,0.93530801801650687,0.953478937041492,0.050077687460435838,0.94748395915337158,24681357,canonical-shear-friction-v0.8.1
93582b67a92eb04c1ec5bcdea7295e5ad252d638cb7c1e032c2e3b11f676c853,ESM,EMSC-20161026_0000133,IT.CMI..HGN.D.EMSC-20161026_0000133.ACC.MP.ASC,training,6,lhs-3,false,0.98012715606141543,1.0955005541028737,0.043992240427104604,1.0147451705015114,24681357,canonical-shear-friction-v0.8.1
6b56f39dc6f2f600e4722a1cb7c034a961fb7fd11a7be6985374e6c5da222fa8,ESM,EMSC-20161026_0000133,IT.CMI..HGN.D.EMSC-20161026_0000133.ACC.MP.ASC,training,10,nominal,true,1,1,0.050000000000000003,1,24681357,canonical-shear-friction-v0.8.1
132612c4f82efd96908da90e84ffc309694703552683e4863813c88e05936abb,ESM,EMSC-20161026_0000133,IT.CMI..HGN.D.EMSC-20161026_0000133.ACC.MP.ASC,training,10,lhs-1,false,1.055345003920092,0.91186441049273859,0.058766975947465362,1.0991779467262428,24681357,canonical-shear-friction-v0.8.1
cc5872a54eda8b58c9684518ce901c66f724b621c0a4346bc188996ea45d7806,ESM,EMSC-20161026_0000133,IT.CMI..HGN.D.EMSC-20161026_0000133.ACC.MP.ASC,training,10,lhs-2,false,0.93530801801650687,0.953478937041492,0.050077687460435838,0.94748395915337158,24681357,canonical-shear-friction-v0.8.1
8bfb14b0ae7a0a5d50975798aec2fdc65bb2c5401bdfbd274675a943ce426bd0,ESM,EMSC-20161026_0000133,IT.CMI..HGN.D.EMSC-20161026_0000133.ACC.MP.ASC,training,10,lhs-3,false,0.98012715606141543,1.0955005541028737,0.043992240427104604,1.0147451705015114,24681357,canonical-shear-friction-v0.8.1
b27e56dd034d4437b18e6dd78a237f14a9738b7f234ceb6c6582f9135762806b,ESM,EMSC-20161026_0000133,IT.CMI..HGN.D.EMSC-20161026_0000133.ACC.MP.ASC,training,20,nominal,true,1,1,0.050000000000000003,1,24681357,canonical-shear-friction-v0.8.1
8a85ae89a3b626f847d6075db56c8c3f076df1a39ea67f0ba4f074a848e07eea,ESM,EMSC-20161026_0000133,IT.CMI..HGN.D.EMSC-20161026_0000133.ACC.MP.ASC,training,20,lhs-1,false,1.055345003920092,0.91186441049273859,0.058766975947465362,1.0991779467262428,24681357,canonical-shear-friction-v0.8.1
74459ec532e555234730ce1441af24d07988b22e37b16fe2cdbe280b2c32f234,ESM,EMSC-20161026_0000133,IT.CMI..HGN.D.EMSC-20161026_0000133.ACC.MP.ASC,training,20,lhs-2,false,0.93530801801650687,0.953478937041492,0.050077687460435838,0.94748395915337158,24681357,canonical-shear-friction-v0.8.1
4f42ed5ca8449ff4460c0b55e897897f7cc49974a26bdf686debe8c6544fa56b,ESM,EMSC-20161026_0000133,IT.CMI..HGN.D.EMSC-20161026_0000133.ACC.MP.ASC,training,20,lhs-3,false,0.98012715606141543,1.0955005541028737,0.043992240427104604,1.0147451705015114,24681357,canonical-shear-friction-v0.8.1
fe1ce5152c89431043779690568a1986da9df40e76992aff38832cb53851adc5,ESM,EMSC-20161026_0000133,IT.CMI..HGE.D.EMSC-20161026_0000133.ACC.MP.ASC,training,3,nominal,true,1,1,0.050000000000000003,1,24681357,canonical-shear-friction-v0.8.1
f194f407784c2c1aa735c9d4ab95ff009ee23deb8e7e8a7bf325aad9f15d6f68,ESM,EMSC-20161026_0000133,IT.CMI..HGE.D.EMSC-20161026_0000133.ACC.MP.ASC,training,3,lhs-1,false,1.055345003920092,0.91186441049273859,0.058766975947465362,1.0991779467262428,24681357,canonical-shear-friction-v0.8.1
b37111ee0853e8d1c2ecf0eb1e8f35b06caa53eebe6eedff0a30623eacc66867,ESM,EMSC-20161026_0000133,IT.CMI..HGE.D.EMSC-20161026_0000133.ACC.MP.ASC,training,3,lhs-2,false,0.93530801801650687,0.953478937041492,0.050077687460435838,0.94748395915337158,24681357,canonical-shear-friction-v0.8.1
9eeeda3e75dc5075516d1f59a13008358f33eec8ec3f28f8080d7a038860fc2e,ESM,EMSC-20161026_0000133,IT.CMI..HGE.D.EMSC-20161026_0000133.ACC.MP.ASC,training,3,lhs-3,false,0.98012715606141543,1.0955005541028737,0.043992240427104604,1.0147451705015114,24681357,canonical-shear-friction-v0.8.1
90b949463e243cfe510b9f81a71292342ed4e3d13b840b389634ed099bb54b9b,ESM,EMSC-20161026_0000133,IT.CMI..HGE.D.EMSC-20161026_0000133.ACC.MP.ASC,training,6,nominal,true,1,1,0.050000000000000003,1,24681357,canonical-shear-friction-v0.8.1
4c118cf4e581b5465139bfdf3c0238a3ffff206501f97fb9287882903983fd14,ESM,EMSC-20161026_0000133,IT.CMI..HGE.D.EMSC-20161026_0000133.ACC.MP.ASC,training,6,lhs-1,false,1.055345003920092,0.91186441049273859,0.058766975947465362,1.0991779467262428,24681357,canonical-shear-friction-v0.8.1
b3273f7eb3604a115ea3b762e9b54a0458bb35dff6b40b6f4ee438767bc5503f,ESM,EMSC-20161026_0000133,IT.CMI..HGE.D.EMSC-20161026_0000133.ACC.MP.ASC,training,6,lhs-2,false,0.93530801801650687,0.953478937041492,0.050077687460435838,0.94748395915337158,24681357,canonical-shear-friction-v0.8.1
abecf21e12b8ca34c5028b1be9d9c21ff1ba3d7d691cea02156e34eb95710eb3,ESM,EMSC-20161026_0000133,IT.CMI..HGE.D.EMSC-20161026_0000133.ACC.MP.ASC,training,6,lhs-3,false,0.98012715606141543,1.0955005541028737,0.043992240427104604,1.0147451705015114,24681357,canonical-shear-friction-v0.8.1
d20f09be40e3aa77a5f7d789b714d9542dfb2ec453800f04ba8e48cd69b31367,ESM,EMSC-20161026_0000133,IT.CMI..HGE.D.EMSC-20161026_0000133.ACC.MP.ASC,training,10,nominal,true,1,1,0.050000000000000003,1,24681357,canonical-shear-friction-v0.8.1
f5cf6fa52e2dd117b1d76a892d8a0ff17367578dcadbd3eb3e318fa71741e5ef,ESM,EMSC-20161026_0000133,IT.CMI..HGE.D.EMSC-20161026_0000133.ACC.MP.ASC,training,10,lhs-1,false,1.055345003920092,0.91186441049273859,0.058766975947465362,1.0991779467262428,24681357,canonical-shear-friction-v0.8.1
182a60b363974dae38f31de0a7436e7e478523ad171f2db66922a0f490c1d602,ESM,EMSC-20161026_0000133,IT.CMI..HGE.D.EMSC-20161026_0000133.ACC.MP.ASC,training,10,lhs-2,false,0.93530801801650687,0.953478937041492,0.050077687460435838,0.94748395915337158,24681357,canonical-shear-friction-v0.8.1
113c8892dfe452506651cf3d3da53fb6ba430d590009f0277d35c3c17cfaabdd,ESM,EMSC-20161026_0000133,IT.CMI..HGE.D.EMSC-20161026_0000133.ACC.MP.ASC,training,10,lhs-3,false,0.98012715606141543,1.0955005541028737,0.043992240427104604,1.0147451705015114,24681357,canonical-shear-friction-v0.8.1
62acd1ebc6cc39decbc79036925ddb6d3eb11a0051f54cd4f325bb65c3678939,ESM,EMSC-20161026_0000133,IT.CMI..HGE.D.EMSC-20161026_0000133.ACC.MP.ASC,training,20,nominal,true,1,1,0.050000000000000003,1,24681357,canonical-shear-friction-v0.8.1
b4b5c771e1e996cb5097b076e7ef2b765f1cf4b99649b9079a7eb5a7d9960784,ESM,EMSC-20161026_0000133,IT.CMI..HGE.D.EMSC-20161026_0000133.ACC.MP.ASC,training,20,lhs-1,false,1.055345003920092,0.91186441049273859,0.058766975947465362,1.0991779467262428,24681357,canonical-shear-friction-v0.8.1
a05fb2858b3e5206051016f22928b598b9593f508cfcb13414f2cd7844e08a4d,ESM,EMSC-20161026_0000133,IT.CMI..HGE.D.EMSC-20161026_0000133.ACC.MP.ASC,training,20,lhs-2,false,0.93530801801650687,0.953478937041492,0.050077687460435838,0.94748395915337158,24681357,canonical-shear-friction-v0.8.1
42f6d8e42eacadf03848d3e15170885cacdc8fdd3622d1a394e2099d5d543a73,ESM,EMSC-20161026_0000133,IT.CMI..HGE.D.EMSC-20161026_0000133.ACC.MP.ASC,training,20,lhs-3,false,0.98012715606141543,1.0955005541028737,0.043992240427104604,1.0147451705015114,24681357,canonical-shear-friction-v0.8.1
61c797d6fdb1edca93d604969fcecbf14f1b6d37b834e3379db7c83c3eea761e,ESM,EMSC-20161026_0000133,8P.T1245..HNE.D.EMSC-20161026_0000133.ACC.MP.ASC,training,3,nominal,true,1,1,0.050000000000000003,1,24681357,canonical-shear-friction-v0.8.1
67848ee5ba091a53527a04a913e888b17aadb8a54cf03d990f17d8b89740bdf1,ESM,EMSC-20161026_0000133,8P.T1245..HNE.D.EMSC-20161026_0000133.ACC.MP.ASC,training,3,lhs-1,false,1.055345003920092,0.91186441049273859,0.058766975947465362,1.0991779467262428,24681357,canonical-shear-friction-v0.8.1
04a5059eaf391c95f9f039e9b8c916c615e44a67c742d15244f8b77694ce1786,ESM,EMSC-20161026_0000133,8P.T1245..HNE.D.EMSC-20161026_0000133.ACC.MP.ASC,training,3,lhs-2,false,0.93530801801650687,0.953478937041492,0.050077687460435838,0.94748395915337158,24681357,canonical-shear-friction-v0.8.1
a7010b0c8d04e5acaae454d45b879adecd203ac19dde6061aff766a6c62c4ab4,ESM,EMSC-20161026_0000133,8P.T1245..HNE.D.EMSC-20161026_0000133.ACC.MP.ASC,training,3,lhs-3,false,0.98012715606141543,1.0955005541028737,0.043992240427104604,1.0147451705015114,24681357,canonical-shear-friction-v0.8.1
e011dd3ef63193084ecb1709bc8dc9d351adcc3c2b2e49792563fd08865d5c8a,ESM,EMSC-20161026_0000133,8P.T1245..HNE.D.EMSC-20161026_0000133.ACC.MP.ASC,training,6,nominal,true,1,1,0.050000000000000003,1,24681357,canonical-shear-friction-v0.8.1
335a4f596a09065aa7d6178394753fdd04126d974b1ee1225c2a5021e6f73697,ESM,EMSC-20161026_0000133,8P.T1245..HNE.D.EMSC-20161026_0000133.ACC.MP.ASC,training,6,lhs-1,false,1.055345003920092,0.91186441049273859,0.058766975947465362,1.0991779467262428,24681357,canonical-shear-friction-v0.8.1
01ab0d8472f891c1240e8005a4e4dff97087e649c2a970bb2f41a03e9ff0f2ea,ESM,EMSC-20161026_0000133,8P.T1245..HNE.D.EMSC-20161026_0000133.ACC.MP.ASC,training,6,lhs-2,false,0.93530801801650687,0.953478937041492,0.050077687460435838,0.94748395915337158,24681357,canonical-shear-friction-v0.8.1
f0231a5ef0cc30780ecbd085b6e650a87a7c7479818ce2bf8de7e69240c755ba,ESM,EMSC-20161026_0000133,8P.T1245..HNE.D.EMSC-20161026_0000133.ACC.MP.ASC,training,6,lhs-3,false,0.98012715606141543,1.0955005541028737,0.043992240427104604,1.0147451705015114,24681357,canonical-shear-friction-v0.8.1
15bc47057a44589af978c5b6f8ba4c91647caf23afa7c91b17ba0d496e8d67a6,ESM,EMSC-20161026_0000133,8P.T1245..HNE.D.EMSC-20161026_0000133.ACC.MP.ASC,training,10,nominal,true,1,1,0.050000000000000003,1,24681357,canonical-shear-friction-v0.8.1
0edfca3896c15da5047a96786f06f463fc895dbcb5c97ce2ed2edea836b0a710,ESM,EMSC-20161026_0000133,8P.T1245..HNE.D.EMSC-20161026_0000133.ACC.MP.ASC,training,10,lhs-1,false,1.055345003920092,0.91186441049273859,0.058766975947465362,1.0991779467262428,24681357,canonical-shear-friction-v0.8.1
a7a826290f0c6df8461ca6d2fb456463ac4099df2a8ab3e9d3f5ed272e02084b,ESM,EMSC-20161026_0000133,8P.T1245..HNE.D.EMSC-20161026_0000133.ACC.MP.ASC,training,10,lhs-2,false,0.93530801801650687,0.953478937041492,0.050077687460435838,0.94748395915337158,24681357,canonical-shear-friction-v0.8.1
084634c4c8134bf6235bd65afe23f199a43e23c7b4122f7ee9e7f540ce31b8a3,ESM,EMSC-20161026_0000133,8P.T1245..HNE.D.EMSC-20161026_0000133.ACC.MP.ASC,training,10,lhs-3,false,0.98012715606141543,1.0955005541028737,0.043992240427104604,1.0147451705015114,24681357,canonical-shear-friction-v0.8.1
01fe04a8c1aa2b65b50078ab55b8b4d0289e6e231d070e2438fd9dc9688e5ec6,ESM,EMSC-20161026_0000133,8P.T1245..HNE.D.EMSC-20161026_0000133.ACC.MP.ASC,training,20,nominal,true,1,1,0.050000000000000003,1,24681357,canonical-shear-friction-v0.8.1
cdff6e7dd59e86af177abc2df2fd61337f88900eb5e400a197207f03f3bb8c22,ESM,EMSC-20161026_0000133,8P.T1245..HNE.D.EMSC-20161026_0000133.ACC.MP.ASC,training,20,lhs-1,false,1.055345003920092,0.91186441049273859,0.058766975947465362,1.0991779467262428,24681357,canonical-shear-friction-v0.8.1
3e0057ab64e79391433df4100019747f4379f4709a39fbeec5b62eaf9449ecc9,ESM,EMSC-20161026_0000133,8P.T1245..HNE.D.EMSC-20161026_0000133.ACC.MP.ASC,training,20,lhs-2,false,0.93530801801650687,0.953478937041492,0.050077687460435838,0.94748395915337158,24681357,canonical-shear-friction-v0.8.1
14e684175686297978b1cea36410968922c37e43284d711b2ed1476bff5c6247,ESM,EMSC-20161026_0000133,8P.T1245..HNE.D.EMSC-20161026_0000133.ACC.MP.ASC,training,20,lhs-3,false,0.98012715606141543,1.0955005541028737,0.043992240427104604,1.0147451705015114,24681357,canonical-shear-friction-v0.8.1
1b42fe9d7fa70c7c22eb2b869ede058ca20e6636b10da1d36c41fc958c1229a4,ESM,EMSC-20161026_0000133,IT.CNE..HGN.D.EMSC-20161026_0000133.ACC.MP.ASC,training,3,nominal,true,1,1,0.050000000000000003,1,24681357,canonical-shear-friction-v0.8.1
33e7422a652d55c0a06e037869a183176ae3d84f0ef83910c02b96178c871e43,ESM,EMSC-20161026_0000133,IT.CNE..HGN.D.EMSC-20161026_0000133.ACC.MP.ASC,training,3,lhs-1,false,1.055345003920092,0.91186441049273859,0.058766975947465362,1.0991779467262428,24681357,canonical-shear-friction-v0.8.1
28760b8d7cd91fff4d912e1a1883361e8a18014f5537e6650f06cf1c1264441a,ESM,EMSC-20161026_0000133,IT.CNE..HGN.D.EMSC-20161026_0000133.ACC.MP.ASC,training,3,lhs-2,false,0.93530801801650687,0.953478937041492,0.050077687460435838,0.94748395915337158,24681357,canonical-shear-friction-v0.8.1
c6e91916cad264b5784891a063eb50d1fd51bfc0c397943964d50697862273a1,ESM,EMSC-20161026_0000133,IT.CNE..HGN.D.EMSC-20161026_0000133.ACC.MP.ASC,training,3,lhs-3,false,0.98012715606141543,1.0955005541028737,0.043992240427104604,1.0147451705015114,24681357,canonical-shear-friction-v0.8.1
f5b437ccfef45d6f9ace2994858bc8f3eb6029aef37f24521f2d8e9f283363be,ESM,EMSC-20161026_0000133,IT.CNE..HGN.D.EMSC-20161026_0000133.ACC.MP.ASC,training,6,nominal,true,1,1,0.050000000000000003,1,24681357,canonical-shear-friction-v0.8.1
92a9fee659e90c762de80935340cc160b3633b5728f6e82d6ff4a6ee48c4a6d0,ESM,EMSC-20161026_0000133,IT.CNE..HGN.D.EMSC-20161026_0000133.ACC.MP.ASC,training,6,lhs-1,false,1.055345003920092,0.91186441049273859,0.058766975947465362,1.0991779467262428,24681357,canonical-shear-friction-v0.8.1
026c756b8e9819360fd69bee8e4c4c5262e7e989f1f7820619a1976be8a6def8,ESM,EMSC-20161026_0000133,IT.CNE..HGN.D.EMSC-20161026_0000133.ACC.MP.ASC,training,6,lhs-2,false,0.93530801801650687,0.953478937041492,0.050077687460435838,0.94748395915337158,24681357,canonical-shear-friction-v0.8.1
d01ec959acef451bc8b04b3485b3bd68b72ba7630789bd07771ecb027410d7be,ESM,EMSC-20161026_0000133,IT.CNE..HGN.D.EMSC-20161026_0000133.ACC.MP.ASC,training,6,lhs-3,false,0.98012715606141543,1.0955005541028737,0.043992240427104604,1.0147451705015114,24681357,canonical-shear-friction-v0.8.1
1ad30545047937d4832250a42ed48dd0bd16848567ef036924f7820edf82bca4,ESM,EMSC-20161026_0000133,IT.CNE..HGN.D.EMSC-20161026_0000133.ACC.MP.ASC,training,10,nominal,true,1,1,0.050000000000000003,1,24681357,canonical-shear-friction-v0.8.1
9ba979a02f8c345776b7ee4fe39d285c82198ed84cd32741ffa23e6bd06472ea,ESM,EMSC-20161026_0000133,IT.CNE..HGN.D.EMSC-20161026_0000133.ACC.MP.ASC,training,10,lhs-1,false,1.055345003920092,0.91186441049273859,0.058766975947465362,1.0991779467262428,24681357,canonical-shear-friction-v0.8.1
4249d2412722937475da3fd478339614d5a9085b31647d04239df455b7f40c82,ESM,EMSC-20161026_0000133,IT.CNE..HGN.D.EMSC-20161026_0000133.ACC.MP.ASC,training,10,lhs-2,false,0.93530801801650687,0.953478937041492,0.050077687460435838,0.94748395915337158,24681357,canonical-shear-friction-v0.8.1
ff620c5da3ef40fb796c3cb413d7a2d008fe69edac099456f14e2a878a308e0c,ESM,EMSC-20161026_0000133,IT.CNE..HGN.D.EMSC-20161026_0000133.ACC.MP.ASC,training,10,lhs-3,false,0.98012715606141543,1.0955005541028737,0.043992240427104604,1.0147451705015114,24681357,canonical-shear-friction-v0.8.1
63ba8fc657376f43ed115d0d82b01c5f09ed8a0e5c9240684371970568214ab8,ESM,EMSC-20161026_0000133,IT.CNE..HGN.D.EMSC-20161026_0000133.ACC.MP.ASC,training,20,nominal,true,1,1,0.050000000000000003,1,24681357,canonical-shear-friction-v0.8.1
a9504c23794cfba59a6eddf43302d8a9dccddda85d6b582bf89be59ae3fcb080,ESM,EMSC-20161026_0000133,IT.CNE..HGN.D.EMSC-20161026_0000133.ACC.MP.ASC,training,20,lhs-1,false,1.055345003920092,0.91186441049273859,0.058766975947465362,1.0991779467262428,24681357,canonical-shear-friction-v0.8.1
026e8cd4818362074514c376496fe3883fba2534af6f7bc6ccabd4a24804a78d,ESM,EMSC-20161026_0000133,IT.CNE..HGN.D.EMSC-20161026_0000133.ACC.MP.ASC,training,20,lhs-2,false,0.93530801801650687,0.953478937041492,0.050077687460435838,0.94748395915337158,24681357,canonical-shear-friction-v0.8.1
08c35978d68c78fb41812c72b9f7ea437300ec196c178889310d55643ece7a2a,ESM,EMSC-20161026_0000133,IT.CNE..HGN.D.EMSC-20161026_0000133.ACC.MP.ASC,training,20,lhs-3,false,0.98012715606141543,1.0955005541028737,0.043992240427104604,1.0147451705015114,24681357,canonical-shear-friction-v0.8.1
fa791d1b54b69059047c39d4eafd2fd97f35b2837352148efe7e7ee4870834f3,ESM,EMSC-20161026_0000077,8P.T1212..HNE.D.EMSC-20161026_0000077.ACC.MP.ASC,training,3,nominal,true,1,1,0.050000000000000003,1,24681357,canonical-shear-friction-v0.8.1
780e35c1be9c94f135d62d9308b9675b81fbe52aec0869e1ea677cb914256682,ESM,EMSC-20161026_0000077,8P.T1212..HNE.D.EMSC-20161026_0000077.ACC.MP.ASC,training,3,lhs-1,false,1.055345003920092,0.91186441049273859,0.058766975947465362,1.0991779467262428,24681357,canonical-shear-friction-v0.8.1
9622ed72ffb1aebb6ae33dfa3799430f0a07288cb59e309d981958e683db3b09,ESM,EMSC-20161026_0000077,8P.T1212..HNE.D.EMSC-20161026_0000077.ACC.MP.ASC,training,3,lhs-2,false,0.93530801801650687,0.953478937041492,0.050077687460435838,0.94748395915337158,24681357,canonical-shear-friction-v0.8.1
1b44f8d3fc7c04d8bfa4ac5f1368b7bb33cb60320a8c3e2f89656d23df9ee07e,ESM,EMSC-20161026_0000077,8P.T1212..HNE.D.EMSC-20161026_0000077.ACC.MP.ASC,training,3,lhs-3,false,0.98012715606141543,1.0955005541028737,0.043992240427104604,1.0147451705015114,24681357,canonical-shear-friction-v0.8.1
25aa0d9b11feb5c7d65985ddce313e389476a361a35abec586fecaade49f5c4e,ESM,EMSC-20161026_0000077,8P.T1212..HNE.D.EMSC-20161026_0000077.ACC.MP.ASC,training,6,nominal,true,1,1,0.050000000000000003,1,24681357,canonical-shear-friction-v0.8.1
418cef66ffc2298498aa5c366297416dfc1f3d0323d4c254e2a4d9b5a4f9d5db,ESM,EMSC-20161026_0000077,8P.T1212..HNE.D.EMSC-20161026_0000077.ACC.MP.ASC,training,6,lhs-1,false,1.055345003920092,0.91186441049273859,0.058766975947465362,1.0991779467262428,24681357,canonical-shear-friction-v0.8.1
2b2bf04f125e069cc035dae528396eeec3e84b2dcbeb925cc2b4835794b27486,ESM,EMSC-20161026_0000077,8P.T1212..HNE.D.EMSC-20161026_0000077.ACC.MP.ASC,training,6,lhs-2,false,0.93530801801650687,0.953478937041492,0.050077687460435838,0.94748395915337158,24681357,canonical-shear-friction-v0.8.1
ac0d9ebdfe9d000fce651915a810ef2c0e09aa1974afa235143a36f9e1e3ab22,ESM,EMSC-20161026_0000077,8P.T1212..HNE.D.EMSC-20161026_0000077.ACC.MP.ASC,training,6,lhs-3,false,0.98012715606141543,1.0955005541028737,0.043992240427104604,1.0147451705015114,24681357,canonical-shear-friction-v0.8.1
fe76d640eb16b273e2dcf074b9aa5c517830de9d414493cd2f9e0d732075ecb3,ESM,EMSC-20161026_0000077,8P.T1212..HNE.D.EMSC-20161026_0000077.ACC.MP.ASC,training,10,nominal,true,1,1,0.050000000000000003,1,24681357,canonical-shear-friction-v0.8.1
033cd7fd6bc406f3bc7c70c489d4863888501a1002485d34e799b36cc0dd7010,ESM,EMSC-20161026_0000077,8P.T1212..HNE.D.EMSC-20161026_0000077.ACC.MP.ASC,training,10,lhs-1,false,1.055345003920092,0.91186441049273859,0.058766975947465362,1.0991779467262428,24681357,canonical-shear-friction-v0.8.1
5d7c53b2d871a1fc978a2ba611bb3c94184b2ac270e9780d3131265bae44690b,ESM,EMSC-20161026_0000077,8P.T1212..HNE.D.EMSC-20161026_0000077.ACC.MP.ASC,training,10,lhs-2,false,0.93530801801650687,0.953478937041492,0.050077687460435838,0.94748395915337158,24681357,canonical-shear-friction-v0.8.1
296ab5d40ee6a116837eba75c2ebd5244f4cea76b45f4f27f21a33006298475c,ESM,EMSC-20161026_0000077,8P.T1212..HNE.D.EMSC-20161026_0000077.ACC.MP.ASC,training,10,lhs-3,false,0.98012715606141543,1.0955005541028737,0.043992240427104604,1.0147451705015114,24681357,canonical-shear-friction-v0.8.1
dd687bc6d2c5f24f11099bc10e31ca8260b7dcf9b854d573933113abce06f25c,ESM,EMSC-20161026_0000077,8P.T1212..HNE.D.EMSC-20161026_0000077.ACC.MP.ASC,training,20,nominal,true,1,1,0.050000000000000003,1,24681357,canonical-shear-friction-v0.8.1
2577edbd713d2e66f557e96d60423c821061744dfe944ca143f3a90b5d5426ad,ESM,EMSC-20161026_0000077,8P.T1212..HNE.D.EMSC-20161026_0000077.ACC.MP.ASC,training,20,lhs-1,false,1.055345003920092,0.91186441049273859,0.058766975947465362,1.0991779467262428,24681357,canonical-shear-friction-v0.8.1
c36d8a5923017814314617f7bc7688031ef06c560eda05961925edff8ed7f0cb,ESM,EMSC-20161026_0000077,8P.T1212..HNE.D.EMSC-20161026_0000077.ACC.MP.ASC,training,20,lhs-2,false,0.93530801801650687,0.953478937041492,0.050077687460435838,0.94748395915337158,24681357,canonical-shear-friction-v0.8.1
3695cf7b9e2bc7259116f1162b56de275a246c6bbd7b71a6b2d398672db77998,ESM,EMSC-20161026_0000077,8P.T1212..HNE.D.EMSC-20161026_0000077.ACC.MP.ASC,training,20,lhs-3,false,0.98012715606141543,1.0955005541028737,0.043992240427104604,1.0147451705015114,24681357,canonical-shear-friction-v0.8.1
8d5580516ef44f48a1258f8f53b8c2d6501a09b220cd89d51fa742a4863a54d5,ESM,EMSC-20161026_0000077,IT.MCV..HGE.D.EMSC-20161026_0000077.ACC.MP.ASC,training,3,nominal,true,1,1,0.050000000000000003,1,24681357,canonical-shear-friction-v0.8.1
cefc44fea2dd0cc9972dec731484c17e7247976c970524868036f4a3f69b75b3,ESM,EMSC-20161026_0000077,IT.MCV..HGE.D.EMSC-20161026_0000077.ACC.MP.ASC,training,3,lhs-1,false,1.055345003920092,0.91186441049273859,0.058766975947465362,1.0991779467262428,24681357,canonical-shear-friction-v0.8.1
117f55e8b14e57b64565d775940ed869f391b8054bf6c18f1b5579103716add1,ESM,EMSC-20161026_0000077,IT.MCV..HGE.D.EMSC-20161026_0000077.ACC.MP.ASC,training,3,lhs-2,false,0.93530801801650687,0.953478937041492,0.050077687460435838,0.94748395915337158,24681357,canonical-shear-friction-v0.8.1
f93e76f527a653a6dc12a45c518c30714b751b3e0213eb6f3c8b98d35885fad0,ESM,EMSC-20161026_0000077,IT.MCV..HGE.D.EMSC-20161026_0000077.ACC.MP.ASC,training,3,lhs-3,false,0.98012715606141543,1.0955005541028737,0.043992240427104604,1.0147451705015114,24681357,canonical-shear-friction-v0.8.1
7cf1f138bb29331c6fa2c136507f616f12ff881e1d56f879d85eebaf1abd6807,ESM,EMSC-20161026_0000077,IT.MCV..HGE.D.EMSC-20161026_0000077.ACC.MP.ASC,training,6,nominal,true,1,1,0.050000000000000003,1,24681357,canonical-shear-friction-v0.8.1
ceea4793cc74630fbdf147095cffe3e621cffa94d87418c78fe449fe76e8f1c9,ESM,EMSC-20161026_0000077,IT.MCV..HGE.D.EMSC-20161026_0000077.ACC.MP.ASC,training,6,lhs-1,false,1.055345003920092,0.91186441049273859,0.058766975947465362,1.0991779467262428,24681357,canonical-shear-friction-v0.8.1
e7fa7ef5988fdee3c7f292261d87ce23aad3538c78de1154b27f79c277483c65,ESM,EMSC-20161026_0000077,IT.MCV..HGE.D.EMSC-20161026_0000077.ACC.MP.ASC,training,6,lhs-2,false,0.93530801801650687,0.953478937041492,0.050077687460435838,0.94748395915337158,24681357,canonical-shear-friction-v0.8.1
bd31ad0f225670113d3b42b63761b5dbe448d345afd26347a4c671c8962700a1,ESM,EMSC-20161026_0000077,IT.MCV..HGE.D.EMSC-20161026_0000077.ACC.MP.ASC,training,6,lhs-3,false,0.98012715606141543,1.0955005541028737,0.043992240427104604,1.0147451705015114,24681357,canonical-shear-friction-v0.8.1
621eba900acdce2a95be5222ceac7e1abe0ddc73f921597bc0069f7d0f988514,ESM,EMSC-20161026_0000077,IT.MCV..HGE.D.EMSC-20161026_0000077.ACC.MP.ASC,training,10,nominal,true,1,1,0.050000000000000003,1,24681357,canonical-shear-friction-v0.8.1
d4959594a674de3dc9add11dc578bbbb09189679ec6c5c911156c1d4c24f58ba,ESM,EMSC-20161026_0000077,IT.MCV..HGE.D.EMSC-20161026_0000077.ACC.MP.ASC,training,10,lhs-1,false,1.055345003920092,0.91186441049273859,0.058766975947465362,1.0991779467262428,24681357,canonical-shear-friction-v0.8.1
b1339d58cc4d6463cfd48a935d6ac71e3efb353586cc13f45bea368c272f4e4f,ESM,EMSC-20161026_0000077,IT.MCV..HGE.D.EMSC-20161026_0000077.ACC.MP.ASC,training,10,lhs-2,false,0.93530801801650687,0.953478937041492,0.050077687460435838,0.94748395915337158,24681357,canonical-shear-friction-v0.8.1
5de8a5c14935c820623babe2d616ab4a6b3aced0c4379489ce1d5f5004419ecb,ESM,EMSC-20161026_0000077,IT.MCV..HGE.D.EMSC-20161026_0000077.ACC.MP.ASC,training,10,lhs-3,false,0.98012715606141543,1.0955005541028737,0.043992240427104604,1.0147451705015114,24681357,canonical-shear-friction-v0.8.1
7f97b2040295e9f0c6f749decc0271b201238ae918b2d37a1dbd11b7bc6145b5,ESM,EMSC-20161026_0000077,IT.MCV..HGE.D.EMSC-20161026_0000077.ACC.MP.ASC,training,20,nominal,true,1,1,0.050000000000000003,1,24681357,canonical-shear-friction-v0.8.1
67e530ba96b3bdd478044b28517fb36240a3921c8d3b9b8b4b9e0cdbe5bdeb6b,ESM,EMSC-20161026_0000077,IT.MCV..HGE.D.EMSC-20161026_0000077.ACC.MP.ASC,training,20,lhs-1,false,1.055345003920092,0.91186441049273859,0.058766975947465362,1.0991779467262428,24681357,canonical-shear-friction-v0.8.1
8b8cc6db0546ceb1da2e112e77638deaf3837e83d8dc8b8817caf0df7954d116,ESM,EMSC-20161026_0000077,IT.MCV..HGE.D.EMSC-20161026_0000077.ACC.MP.ASC,training,20,lhs-2,false,0.93530801801650687,0.953478937041492,0.050077687460435838,0.94748395915337158,24681357,canonical-shear-friction-v0.8.1
f00d8e6c4588ff6fd7d8af9ebfcc05b87fe6bf638d97da93981fac545ab8cb45,ESM,EMSC-20161026_0000077,IT.MCV..HGE.D.EMSC-20161026_0000077.ACC.MP.ASC,training,20,lhs-3,false,0.98012715606141543,1.0955005541028737,0.043992240427104604,1.0147451705015114,24681357,canonical-shear-friction-v0.8.1
44a4dee4ebfa0b018a2aa627d042a3a4ec0df7938b6bc8a27a68146355bb1c7d,ESM,EMSC-20161026_0000077,IT.PRE..HGE.D.EMSC-20161026_0000077.ACC.MP.ASC,training,3,nominal,true,1,1,0.050000000000000003,1,24681357,canonical-shear-friction-v0.8.1
1c97d5cd4865e1d72e9602267f80a9bfe8e6a73f3d6eb339c5f3d2fb9704aa89,ESM,EMSC-20161026_0000077,IT.PRE..HGE.D.EMSC-20161026_0000077.ACC.MP.ASC,training,3,lhs-1,false,1.055345003920092,0.91186441049273859,0.058766975947465362,1.0991779467262428,24681357,canonical-shear-friction-v0.8.1
161b6e5d5dcb5f98edca29028fba0581e853fc2525843181666c4208069a2115,ESM,EMSC-20161026_0000077,IT.PRE..HGE.D.EMSC-20161026_0000077.ACC.MP.ASC,training,3,lhs-2,false,0.93530801801650687,0.953478937041492,0.050077687460435838,0.94748395915337158,24681357,canonical-shear-friction-v0.8.1
cbb7fd10ddc0eb1f4981e12e3e24f260bdfb97ddde02b79326043ca553115ffe,ESM,EMSC-20161026_0000077,IT.PRE..HGE.D.EMSC-20161026_0000077.ACC.MP.ASC,training,3,lhs-3,false,0.98012715606141543,1.0955005541028737,0.043992240427104604,1.0147451705015114,24681357,canonical-shear-friction-v0.8.1
d4fa1bcb0cd20bf3edbc14b54989d44e504a009486e86f2a0bcf3bd7e22d21ee,ESM,EMSC-20161026_0000077,IT.PRE..HGE.D.EMSC-20161026_0000077.ACC.MP.ASC,training,6,nominal,true,1,1,0.050000000000000003,1,24681357,canonical-shear-friction-v0.8.1
1781b4c05754f5804371ba78a6d3fd8028e7de01e4429b19436d932479b18b61,ESM,EMSC-20161026_0000077,IT.PRE..HGE.D.EMSC-20161026_0000077.ACC.MP.ASC,training,6,lhs-1,false,1.055345003920092,0.91186441049273859,0.058766975947465362,1.0991779467262428,24681357,canonical-shear-friction-v0.8.1
7c743f313717d3c665a1136d68f03ef989efcbcf6c1371113c313335f3e8f0e2,ESM,EMSC-20161026_0000077,IT.PRE..HGE.D.EMSC-20161026_0000077.ACC.MP.ASC,training,6,lhs-2,false,0.93530801801650687,0.953478937041492,0.050077687460435838,0.94748395915337158,24681357,canonical-shear-friction-v0.8.1
bfe20071020b5aef353595ff2fa7b26cd46b43d452eee471c1478eeef21d07b1,ESM,EMSC-20161026_0000077,IT.PRE..HGE.D.EMSC-20161026_0000077.ACC.MP.ASC,training,6,lhs-3,false,0.98012715606141543,1.0955005541028737,0.043992240427104604,1.0147451705015114,24681357,canonical-shear-friction-v0.8.1
8152251bcd529ed95c7ce58a5dd77954efcbba5f2ffbf10999e87365f7e0d39d,ESM,EMSC-20161026_0000077,IT.PRE..HGE.D.EMSC-20161026_0000077.ACC.MP.ASC,training,10,nominal,true,1,1,0.050000000000000003,1,24681357,canonical-shear-friction-v0.8.1
66ffb2787449a4e5a578b37a338a90a7dac911a18ee18fcffd2833b0a477a22d,ESM,EMSC-20161026_0000077,IT.PRE..HGE.D.EMSC-20161026_0000077.ACC.MP.ASC,training,10,lhs-1,false,1.055345003920092,0.91186441049273859,0.058766975947465362,1.0991779467262428,24681357,canonical-shear-friction-v0.8.1
32f3a6eb23bab03de372bdac4bf907008550efcc66081ca60ca84c98deb971b6,ESM,EMSC-20161026_0000077,IT.PRE..HGE.D.EMSC-20161026_0000077.ACC.MP.ASC,training,10,lhs-2,false,0.93530801801650687,0.953478937041492,0.050077687460435838,0.94748395915337158,24681357,canonical-shear-friction-v0.8.1
e59f771e3c84e1ae682e4dc93689922af62f68c454b2d5e51be7cb78174ec63f,ESM,EMSC-20161026_0000077,IT.PRE..HGE.D.EMSC-20161026_0000077.ACC.MP.ASC,training,10,lhs-3,false,0.98012715606141543,1.0955005541028737,0.043992240427104604,1.0147451705015114,24681357,canonical-shear-friction-v0.8.1
37f9c0d7ea5b2e67c53806509085adfa8db7a476755376e97ba26fafa8b7dedd,ESM,EMSC-20161026_0000077,IT.PRE..HGE.D.EMSC-20161026_0000077.ACC.MP.ASC,training,20,nominal,true,1,1,0.050000000000000003,1,24681357,canonical-shear-friction-v0.8.1
8860f4ed43569b4e48e75ee7361074941e4918592d0019d4f332e07172e4cb5b,ESM,EMSC-20161026_0000077,IT.PRE..HGE.D.EMSC-20161026_0000077.ACC.MP.ASC,training,20,lhs-1,false,1.055345003920092,0.91186441049273859,0.058766975947465362,1.0991779467262428,24681357,canonical-shear-friction-v0.8.1
44f784d45801dbdc524645d9df33d684d054a2f9a58991687cd295c95066c47d,ESM,EMSC-20161026_0000077,IT.PRE..HGE.D.EMSC-20161026_0000077.ACC.MP.ASC,training,20,lhs-2,false,0.93530801801650687,0.953478937041492,0.050077687460435838,0.94748395915337158,24681357,canonical-shear-friction-v0.8.1
db553fe7422a8340d107ba8d4248c2422e108e79144856e5e077089e0ea6ac5b,ESM,EMSC-20161026_0000077,IT.PRE..HGE.D.EMSC-20161026_0000077.ACC.MP.ASC,training,20,lhs-3,false,0.98012715606141543,1.0955005541028737,0.043992240427104604,1.0147451705015114,24681357,canonical-shear-friction-v0.8.1
584719a8d1908d9498b6e64f702d327686c1e6aa49e4ebe0ef2f4b1940ab461c,ESM,EMSC-20161026_0000077,IT.NOR..HGE.D.EMSC-20161026_0000077.ACC.MP.ASC,training,3,nominal,true,1,1,0.050000000000000003,1,24681357,canonical-shear-friction-v0.8.1
9bbf501a2d43e5cc1795fa7666d1ad4409469f9d640dd365cd777d81303aa4d9,ESM,EMSC-20161026_0000077,IT.NOR..HGE.D.EMSC-20161026_0000077.ACC.MP.ASC,training,3,lhs-1,false,1.055345003920092,0.91186441049273859,0.058766975947465362,1.0991779467262428,24681357,canonical-shear-friction-v0.8.1
dcc503e2ff03a2ae8935696ae9de1427708f17c0d3b873c60fd8449fb1d4ec45,ESM,EMSC-20161026_0000077,IT.NOR..HGE.D.EMSC-20161026_0000077.ACC.MP.ASC,training,3,lhs-2,false,0.93530801801650687,0.953478937041492,0.050077687460435838,0.94748395915337158,24681357,canonical-shear-friction-v0.8.1
cc1dba290ffa461575fb8fcbbd91c864cfc9add213ab8e42bab14b63bd9998a7,ESM,EMSC-20161026_0000077,IT.NOR..HGE.D.EMSC-20161026_0000077.ACC.MP.ASC,training,3,lhs-3,false,0.98012715606141543,1.0955005541028737,0.043992240427104604,1.0147451705015114,24681357,canonical-shear-friction-v0.8.1
0dd1e7ec5063442166c65be7b57c313a17308904f0586811cfdd2fe0aaa71fe6,ESM,EMSC-20161026_0000077,IT.NOR..HGE.D.EMSC-20161026_0000077.ACC.MP.ASC,training,6,nominal,true,1,1,0.050000000000000003,1,24681357,canonical-shear-friction-v0.8.1
9f6b07d0ba076f0cca26f3e50f35fe0ca426e65a49e88da0745cbe62d108a810,ESM,EMSC-20161026_0000077,IT.NOR..HGE.D.EMSC-20161026_0000077.ACC.MP.ASC,training,6,lhs-1,false,1.055345003920092,0.91186441049273859,0.058766975947465362,1.0991779467262428,24681357,canonical-shear-friction-v0.8.1
1e745481ceb982b8004bb4ddc41bd3de83f47e347a06b85f98ff256c85a4f073,ESM,EMSC-20161026_0000077,IT.NOR..HGE.D.EMSC-20161026_0000077.ACC.MP.ASC,training,6,lhs-2,false,0.93530801801650687,0.953478937041492,0.050077687460435838,0.94748395915337158,24681357,canonical-shear-friction-v0.8.1
6fff2632e2d05a9336078aa2bb10c37c9a43e152a1baf61e0b965a9ffc0b023d,ESM,EMSC-20161026_0000077,IT.NOR..HGE.D.EMSC-20161026_0000077.ACC.MP.ASC,training,6,lhs-3,false,0.98012715606141543,1.0955005541028737,0.043992240427104604,1.0147451705015114,24681357,canonical-shear-friction-v0.8.1
12652294118ee333c19a672e7692444d2628fc30af4e842d178befae31cd7ff7,ESM,EMSC-20161026_0000077,IT.NOR..HGE.D.EMSC-20161026_0000077.ACC.MP.ASC,training,10,nominal,true,1,1,0.050000000000000003,1,24681357,canonical-shear-friction-v0.8.1
bac1767893e390120aea6d5ecaeca26ef3908a8dcd6f1e778a05a4e33d72122c,ESM,EMSC-20161026_0000077,IT.NOR..HGE.D.EMSC-20161026_0000077.ACC.MP.ASC,training,10,lhs-1,false,1.055345003920092,0.91186441049273859,0.058766975947465362,1.0991779467262428,24681357,canonical-shear-friction-v0.8.1
59a159d57eadc4a96343d1ccbb947f16709ac948cf41fbf8e7b3fe0f8f46dd6a,ESM,EMSC-20161026_0000077,IT.NOR..HGE.D.EMSC-20161026_0000077.ACC.MP.ASC,training,10,lhs-2,false,0.93530801801650687,0.953478937041492,0.050077687460435838,0.94748395915337158,24681357,canonical-shear-friction-v0.8.1
aff138fe9cda546940f95fbbaec0587e06589fd7e499eab56193748ed5311791,ESM,EMSC-20161026_0000077,IT.NOR..HGE.D.EMSC-20161026_0000077.ACC.MP.ASC,training,10,lhs-3,false,0.98012715606141543,1.0955005541028737,0.043992240427104604,1.0147451705015114,24681357,canonical-shear-friction-v0.8.1
2e57be2a9e0c1ed5201764a500dc8e99488d6919c5e4a047a0b4a5ebfed7fc9a,ESM,EMSC-20161026_0000077,IT.NOR..HGE.D.EMSC-20161026_0000077.ACC.MP.ASC,training,20,nominal,true,1,1,0.050000000000000003,1,24681357,canonical-shear-friction-v0.8.1
7226e1b513fa2da6012b1c65fbf0241d40cab76620de458ca3f290d2f3b7afab,ESM,EMSC-20161026_0000077,IT.NOR..HGE.D.EMSC-20161026_0000077.ACC.MP.ASC,training,20,lhs-1,false,1.055345003920092,0.91186441049273859,0.058766975947465362,1.0991779467262428,24681357,canonical-shear-friction-v0.8.1
0354fd4b48285f8480dd098e9a077a2d916b35612745ae1ec36c2169d6e78deb,ESM,EMSC-20161026_0000077,IT.NOR..HGE.D.EMSC-20161026_0000077.ACC.MP.ASC,training,20,lhs-2,false,0.93530801801650687,0.953478937041492,0.050077687460435838,0.94748395915337158,24681357,canonical-shear-friction-v0.8.1
7ff25ac9027fc3497e17428fb62ea3c358ff63dcd6221771dfcb2ef7bde3faf6,ESM,EMSC-20161026_0000077,IT.NOR..HGE.D.EMSC-20161026_0000077.ACC.MP.ASC,training,20,lhs-3,false,0.98012715606141543,1.0955005541028737,0.043992240427104604,1.0147451705015114,24681357,canonical-shear-friction-v0.8.1
dac4320c08df7b9e6f5c68c2072c7f49e6e31f1d362a2199fa2f8fafa8cd72e1,ESM,IT-2012-0028,5G.T0813..HNE.D.IT-2012-0028.ACC.MP.ASC,training,3,nominal,true,1,1,0.050000000000000003,1,24681357,canonical-shear-friction-v0.8.1
a836cfc96dcf0ce54f7ffabc4a93ccf3313e244d8b208aab98d39b1b97f5a660,ESM,IT-2012-0028,5G.T0813..HNE.D.IT-2012-0028.ACC.MP.ASC,training,3,lhs-1,false,1.055345003920092,0.91186441049273859,0.058766975947465362,1.0991779467262428,24681357,canonical-shear-friction-v0.8.1
d9bd77bd66a9d431423ae80d58e9c31b89eb11cceae0e636c5239083d83cb09f,ESM,IT-2012-0028,5G.T0813..HNE.D.IT-2012-0028.ACC.MP.ASC,training,3,lhs-2,false,0.93530801801650687,0.953478937041492,0.050077687460435838,0.94748395915337158,24681357,canonical-shear-friction-v0.8.1
ee428d86c8d46240993a60afcedb636fe5b602cbfc6eb02dfbaab9911daa3f51,ESM,IT-2012-0028,5G.T0813..HNE.D.IT-2012-0028.ACC.MP.ASC,training,3,lhs-3,false,0.98012715606141543,1.0955005541028737,0.043992240427104604,1.0147451705015114,24681357,canonical-shear-friction-v0.8.1
96f09d866dad80dc6375c0d87084c0d2b27a9af8b873797dc197d4eea0805b9c,ESM,IT-2012-0028,5G.T0813..HNE.D.IT-2012-0028.ACC.MP.ASC,training,6,nominal,true,1,1,0.050000000000000003,1,24681357,canonical-shear-friction-v0.8.1
d451292c497f95d9292f14f3805c572a209cd8ad07a58637852793d9f522588c,ESM,IT-2012-0028,5G.T0813..HNE.D.IT-2012-0028.ACC.MP.ASC,training,6,lhs-1,false,1.055345003920092,0.91186441049273859,0.058766975947465362,1.0991779467262428,24681357,canonical-shear-friction-v0.8.1
f43e26a8133b4bd092c2a599e1f3fc88e168ad1fc3ef49a4c01a0effa7f7f018,ESM,IT-2012-0028,5G.T0813..HNE.D.IT-2012-0028.ACC.MP.ASC,training,6,lhs-2,false,0.93530801801650687,0.953478937041492,0.050077687460435838,0.94748395915337158,24681357,canonical-shear-friction-v0.8.1
f9c17a4396a6811f8f46a6707e3638707458cfd5fd5758ab4983aea3ebf8bb28,ESM,IT-2012-0028,5G.T0813..HNE.D.IT-2012-0028.ACC.MP.ASC,training,6,lhs-3,false,0.98012715606141543,1.0955005541028737,0.043992240427104604,1.0147451705015114,24681357,canonical-shear-friction-v0.8.1
62e166107e10e1e012a46df6c424cf504e3d2a6378645c1d0aefc8290dfed774,ESM,IT-2012-0028,5G.T0813..HNE.D.IT-2012-0028.ACC.MP.ASC,training,10,nominal,true,1,1,0.050000000000000003,1,24681357,canonical-shear-friction-v0.8.1
ec0cd8759254307990fbf1a4c31163ce4b6e1b389134c8dc994cddccdd3e43c0,ESM,IT-2012-0028,5G.T0813..HNE.D.IT-2012-0028.ACC.MP.ASC,training,10,lhs-1,false,1.055345003920092,0.91186441049273859,0.058766975947465362,1.0991779467262428,24681357,canonical-shear-friction-v0.8.1
1db4f2c7aea8681707d2ee31e91083746d1b590f13faea8c93ece0b0366dafe2,ESM,IT-2012-0028,5G.T0813..HNE.D.IT-2012-0028.ACC.MP.ASC,training,10,lhs-2,false,0.93530801801650687,0.953478937041492,0.050077687460435838,0.94748395915337158,24681357,canonical-shear-friction-v0.8.1
3928fb017ab488927aca65b0126ac0ea06ef4c56d5289b7661942a4e7770205c,ESM,IT-2012-0028,5G.T0813..HNE.D.IT-2012-0028.ACC.MP.ASC,training,10,lhs-3,false,0.98012715606141543,1.0955005541028737,0.043992240427104604,1.0147451705015114,24681357,canonical-shear-friction-v0.8.1
9cbb045d6910174c8374328bffa4c68aa1873d7098b72724fe64dbd67805d61d,ESM,IT-2012-0028,5G.T0813..HNE.D.IT-2012-0028.ACC.MP.ASC,training,20,nominal,true,1,1,0.050000000000000003,1,24681357,canonical-shear-friction-v0.8.1
431f86be83fa283b0e442fdafcdda1e9a87e5c0ba1a2bff98e59120faeb97dfa,ESM,IT-2012-0028,5G.T0813..HNE.D.IT-2012-0028.ACC.MP.ASC,training,20,lhs-1,false,1.055345003920092,0.91186441049273859,0.058766975947465362,1.0991779467262428,24681357,canonical-shear-friction-v0.8.1
b5c8bd6d2452b0f04cd7970d4930367dbbf052244031646c35bf3f50e36e5360,ESM,IT-2012-0028,5G.T0813..HNE.D.IT-2012-0028.ACC.MP.ASC,training,20,lhs-2,false,0.93530801801650687,0.953478937041492,0.050077687460435838,0.94748395915337158,24681357,canonical-shear-friction-v0.8.1
1581554fa33cd157bf6c140d8173981dd64df3b243d87b4b0bd7f54487cafb20,ESM,IT-2012-0028,5G.T0813..HNE.D.IT-2012-0028.ACC.MP.ASC,training,20,lhs-3,false,0.98012715606141543,1.0955005541028737,0.043992240427104604,1.0147451705015114,24681357,canonical-shear-friction-v0.8.1
8cedf090538ad23039873c1c55bf2c072aa3adfeff8ce6fed4687765786abc2c,ESM,IT-2012-0028,TV.MIR04..HNN.D.IT-2012-0028.ACC.MP.ASC,training,3,nominal,true,1,1,0.050000000000000003,1,24681357,canonical-shear-friction-v0.8.1
3a5d8792cc2bf6ae6fff3fca0cb5c5ad4466e49d52c6832cf921ec04935606cc,ESM,IT-2012-0028,TV.MIR04..HNN.D.IT-2012-0028.ACC.MP.ASC,training,3,lhs-1,false,1.055345003920092,0.91186441049273859,0.058766975947465362,1.0991779467262428,24681357,canonical-shear-friction-v0.8.1
73411c908a982022713b256efd31be63ca79db22604be730f1efc07e92a79b3f,ESM,IT-2012-0028,TV.MIR04..HNN.D.IT-2012-0028.ACC.MP.ASC,training,3,lhs-2,false,0.93530801801650687,0.953478937041492,0.050077687460435838,0.94748395915337158,24681357,canonical-shear-friction-v0.8.1
f248a9bf33bed01ab48ba1c8ee2dcf0fab424a3a5f392f686460a3a6515040b6,ESM,IT-2012-0028,TV.MIR04..HNN.D.IT-2012-0028.ACC.MP.ASC,training,3,lhs-3,false,0.98012715606141543,1.0955005541028737,0.043992240427104604,1.0147451705015114,24681357,canonical-shear-friction-v0.8.1
7a4aa09ed85fca22b1e183f1a202ca3f257c3608507f9fbe429880d56d8393a0,ESM,IT-2012-0028,TV.MIR04..HNN.D.IT-2012-0028.ACC.MP.ASC,training,6,nominal,true,1,1,0.050000000000000003,1,24681357,canonical-shear-friction-v0.8.1
501e67d2d8fa2ec323e2f91ff2385e8b35d263a5aa04d542a03a71fd043f68b8,ESM,IT-2012-0028,TV.MIR04..HNN.D.IT-2012-0028.ACC.MP.ASC,training,6,lhs-1,false,1.055345003920092,0.91186441049273859,0.058766975947465362,1.0991779467262428,24681357,canonical-shear-friction-v0.8.1
9795fe63ac044fc4d7182d86c402c54d11d1a4130bca7fc66abe0ddcbcd69e30,ESM,IT-2012-0028,TV.MIR04..HNN.D.IT-2012-0028.ACC.MP.ASC,training,6,lhs-2,false,0.93530801801650687,0.953478937041492,0.050077687460435838,0.94748395915337158,24681357,canonical-shear-friction-v0.8.1
0c878e322891d6d780d5057a9dc5fa3855ee7e796ad94525e9aa7236475d454e,ESM,IT-2012-0028,TV.MIR04..HNN.D.IT-2012-0028.ACC.MP.ASC,training,6,lhs-3,false,0.98012715606141543,1.0955005541028737,0.043992240427104604,1.0147451705015114,24681357,canonical-shear-friction-v0.8.1
875ab691aab416ab9afe4552138ce9a1e3eb1fd492059e45e09025b6c384b3e3,ESM,IT-2012-0028,TV.MIR04..HNN.D.IT-2012-0028.ACC.MP.ASC,training,10,nominal,true,1,1,0.050000000000000003,1,24681357,canonical-shear-friction-v0.8.1
1a707fd33a7cdedadf0cbeb0750c0340599a80801f23e99c16ba34e9fed8aece,ESM,IT-2012-0028,TV.MIR04..HNN.D.IT-2012-0028.ACC.MP.ASC,training,10,lhs-1,false,1.055345003920092,0.91186441049273859,0.058766975947465362,1.0991779467262428,24681357,canonical-shear-friction-v0.8.1
a7679c76d6d0253c625be1f064898a078ae796922bf6380506bbe79ca8590846,ESM,IT-2012-0028,TV.MIR04..HNN.D.IT-2012-0028.ACC.MP.ASC,training,10,lhs-2,false,0.93530801801650687,0.953478937041492,0.050077687460435838,0.94748395915337158,24681357,canonical-shear-friction-v0.8.1
d1f9a6f86c7d8d151c1063542b48066717b9752f9da16b0953bdaae7924e0304,ESM,IT-2012-0028,TV.MIR04..HNN.D.IT-2012-0028.ACC.MP.ASC,training,10,lhs-3,false,0.98012715606141543,1.0955005541028737,0.043992240427104604,1.0147451705015114,24681357,canonical-shear-friction-v0.8.1
baa774da55e52cee70a480b9355bd0e99abae190dbd9392c6f16674816bb243f,ESM,IT-2012-0028,TV.MIR04..HNN.D.IT-2012-0028.ACC.MP.ASC,training,20,nominal,true,1,1,0.050000000000000003,1,24681357,canonical-shear-friction-v0.8.1
376221f3da180a79257177288d9bfdb098bd9b96726ff416d5b63e4e266ea171,ESM,IT-2012-0028,TV.MIR04..HNN.D.IT-2012-0028.ACC.MP.ASC,training,20,lhs-1,false,1.055345003920092,0.91186441049273859,0.058766975947465362,1.0991779467262428,24681357,canonical-shear-friction-v0.8.1
6a316d65a0c95cfadb2c22160d2362b2afc1c0537ed3b150a0025c691e7ea06f,ESM,IT-2012-0028,TV.MIR04..HNN.D.IT-2012-0028.ACC.MP.ASC,training,20,lhs-2,false,0.93530801801650687,0.953478937041492,0.050077687460435838,0.94748395915337158,24681357,canonical-shear-friction-v0.8.1
43d57ab22d56eb62c0ace08ea8d5d52a3ec97d5575d48a596b274d89947c609e,ESM,IT-2012-0028,TV.MIR04..HNN.D.IT-2012-0028.ACC.MP.ASC,training,20,lhs-3,false,0.98012715606141543,1.0955005541028737,0.043992240427104604,1.0147451705015114,24681357,canonical-shear-friction-v0.8.1
c98df755a2a47741b8a7571cea3af9a4d5cb3e22bb56685e6bee1127f70a9b33,ESM,IT-2012-0028,5G.T0800..HNE.D.IT-2012-0028.ACC.MP.ASC,training,3,nominal,true,1,1,0.050000000000000003,1,24681357,canonical-shear-friction-v0.8.1
81ce26fd83634d75064ab0524c91a6a3e3a455fdb42305d3d51121ea056c8410,ESM,IT-2012-0028,5G.T0800..HNE.D.IT-2012-0028.ACC.MP.ASC,training,3,lhs-1,false,1.055345003920092,0.91186441049273859,0.058766975947465362,1.0991779467262428,24681357,canonical-shear-friction-v0.8.1
e85cd35c24842443ed3198523a9c736b5cf8e4ead4675c8efbaf952c35350aa3,ESM,IT-2012-0028,5G.T0800..HNE.D.IT-2012-0028.ACC.MP.ASC,training,3,lhs-2,false,0.93530801801650687,0.953478937041492,0.050077687460435838,0.94748395915337158,24681357,canonical-shear-friction-v0.8.1
19f7c54da70b8d0c6911abe2d551cefc974a211360ccc1e0e118164c172f71d2,ESM,IT-2012-0028,5G.T0800..HNE.D.IT-2012-0028.ACC.MP.ASC,training,3,lhs-3,false,0.98012715606141543,1.0955005541028737,0.043992240427104604,1.0147451705015114,24681357,canonical-shear-friction-v0.8.1
5e7a7b674e158d2714337ff39e484426e6bc5709e2c82e75979be74e751120cf,ESM,IT-2012-0028,5G.T0800..HNE.D.IT-2012-0028.ACC.MP.ASC,training,6,nominal,true,1,1,0.050000000000000003,1,24681357,canonical-shear-friction-v0.8.1
1baa97dd7f50409adccbf3675e8886f23cf824cf2d365414d7f9b399e789086e,ESM,IT-2012-0028,5G.T0800..HNE.D.IT-2012-0028.ACC.MP.ASC,training,6,lhs-1,false,1.055345003920092,0.91186441049273859,0.058766975947465362,1.0991779467262428,24681357,canonical-shear-friction-v0.8.1
c25ee527ab2da13409f6d57de904d6103405bc875e5a14a01727dbff2ad76670,ESM,IT-2012-0028,5G.T0800..HNE.D.IT-2012-0028.ACC.MP.ASC,training,6,lhs-2,false,0.93530801801650687,0.953478937041492,0.050077687460435838,0.94748395915337158,24681357,canonical-shear-friction-v0.8.1
d05367419851eb1ed572f1cf3cc9b5ef1aa91eba17fca3c8017af8b6baad0ef6,ESM,IT-2012-0028,5G.T0800..HNE.D.IT-2012-0028.ACC.MP.ASC,training,6,lhs-3,false,0.98012715606141543,1.0955005541028737,0.043992240427104604,1.0147451705015114,24681357,canonical-shear-friction-v0.8.1
d2986ce46c902c23044dcf422e02befa54b962555dc52e529de4ae5d9b137629,ESM,IT-2012-0028,5G.T0800..HNE.D.IT-2012-0028.ACC.MP.ASC,training,10,nominal,true,1,1,0.050000000000000003,1,24681357,canonical-shear-friction-v0.8.1
4326761309bddd3308dceb037e253796b6b8ab30552e05a435cf4dbac4b724b2,ESM,IT-2012-0028,5G.T0800..HNE.D.IT-2012-0028.ACC.MP.ASC,training,10,lhs-1,false,1.055345003920092,0.91186441049273859,0.058766975947465362,1.0991779467262428,24681357,canonical-shear-friction-v0.8.1
ddcac6e0d90d53788a64c01617b28282e375574fe2fb8f0f76a8a43d46e0e280,ESM,IT-2012-0028,5G.T0800..HNE.D.IT-2012-0028.ACC.MP.ASC,training,10,lhs-2,false,0.93530801801650687,0.953478937041492,0.050077687460435838,0.94748395915337158,24681357,canonical-shear-friction-v0.8.1
02b59048ee906483ed374f6d75f66f4ef71e4bdd12585107525a867669b5e67d,ESM,IT-2012-0028,5G.T0800..HNE.D.IT-2012-0028.ACC.MP.ASC,training,10,lhs-3,false,0.98012715606141543,1.0955005541028737,0.043992240427104604,1.0147451705015114,24681357,canonical-shear-friction-v0.8.1
b76ff88c1e2671eada55e6bf50294b54cdf5a0b1564736099df40b9b4183368a,ESM,IT-2012-0028,5G.T0800..HNE.D.IT-2012-0028.ACC.MP.ASC,training,20,nominal,true,1,1,0.050000000000000003,1,24681357,canonical-shear-friction-v0.8.1
f0279a148de891035781da7b26cdc20f84684785049ae2f4ac146c538348890f,ESM,IT-2012-0028,5G.T0800..HNE.D.IT-2012-0028.ACC.MP.ASC,training,20,lhs-1,false,1.055345003920092,0.91186441049273859,0.058766975947465362,1.0991779467262428,24681357,canonical-shear-friction-v0.8.1
8cab6e46f136669ad90232c63cffdbc01319af7201d3e63938ffe2cc5319347d,ESM,IT-2012-0028,5G.T0800..HNE.D.IT-2012-0028.ACC.MP.ASC,training,20,lhs-2,false,0.93530801801650687,0.953478937041492,0.050077687460435838,0.94748395915337158,24681357,canonical-shear-friction-v0.8.1
516cd917164536eb3d79e28cccf5da4c82d071d9f2b5e190da93e4abf6a9572b,ESM,IT-2012-0028,5G.T0800..HNE.D.IT-2012-0028.ACC.MP.ASC,training,20,lhs-3,false,0.98012715606141543,1.0955005541028737,0.043992240427104604,1.0147451705015114,24681357,canonical-shear-friction-v0.8.1
da9f45fe2ad5f4b83fd648b771be0cc7276d2bb041dabd21cad9ed8922326658,ESM,IT-2012-0028,5G.T0813..HNN.D.IT-2012-0028.ACC.MP.ASC,training,3,nominal,true,1,1,0.050000000000000003,1,24681357,canonical-shear-friction-v0.8.1
ad9db8769e10fd6cc4d7861a3011d19bb8a510d9279a8b32736753c2a2ae8342,ESM,IT-2012-0028,5G.T0813..HNN.D.IT-2012-0028.ACC.MP.ASC,training,3,lhs-1,false,1.055345003920092,0.91186441049273859,0.058766975947465362,1.0991779467262428,24681357,canonical-shear-friction-v0.8.1
3c9a65ecbac30b3fe0998545bbaa9a21749de2faa33323b8b897d0c69742b635,ESM,IT-2012-0028,5G.T0813..HNN.D.IT-2012-0028.ACC.MP.ASC,training,3,lhs-2,false,0.93530801801650687,0.953478937041492,0.050077687460435838,0.94748395915337158,24681357,canonical-shear-friction-v0.8.1
4fd9aec5bea3686fd0df9cc6ccf1eea34d637d17b2493f8c176258331e9c409e,ESM,IT-2012-0028,5G.T0813..HNN.D.IT-2012-0028.ACC.MP.ASC,training,3,lhs-3,false,0.98012715606141543,1.0955005541028737,0.043992240427104604,1.0147451705015114,24681357,canonical-shear-friction-v0.8.1
46192c24f3cc2150141ab2bc4631f296af85e2a2d5d98b8466bbfb085cf25457,ESM,IT-2012-0028,5G.T0813..HNN.D.IT-2012-0028.ACC.MP.ASC,training,6,nominal,true,1,1,0.050000000000000003,1,24681357,canonical-shear-friction-v0.8.1
8807686c94817e9346524ccabaa3ea2b79c884769e0feec17ffc7166e263a593,ESM,IT-2012-0028,5G.T0813..HNN.D.IT-2012-0028.ACC.MP.ASC,training,6,lhs-1,false,1.055345003920092,0.91186441049273859,0.058766975947465362,1.0991779467262428,24681357,canonical-shear-friction-v0.8.1
81b444b083dc8b1eb0ef3dd4e272a2f2a173b1cc30f02a984d47aab2d714e3dc,ESM,IT-2012-0028,5G.T0813..HNN.D.IT-2012-0028.ACC.MP.ASC,training,6,lhs-2,false,0.93530801801650687,0.953478937041492,0.050077687460435838,0.94748395915337158,24681357,canonical-shear-friction-v0.8.1
cb5bcd921f85ee4102b1291b42f1fb464a5dfad004eb01e92361de57d8ecf4bc,ESM,IT-2012-0028,5G.T0813..HNN.D.IT-2012-0028.ACC.MP.ASC,training,6,lhs-3,false,0.98012715606141543,1.0955005541028737,0.043992240427104604,1.0147451705015114,24681357,canonical-shear-friction-v0.8.1
03f5399ba2844111425d27916e77f0efd0e204c046049b219748795e7e47bfbd,ESM,IT-2012-0028,5G.T0813..HNN.D.IT-2012-0028.ACC.MP.ASC,training,10,nominal,true,1,1,0.050000000000000003,1,24681357,canonical-shear-friction-v0.8.1
6e39afb0b33e4ddec559ef9b1ed15f6c5c9f226b6a88980c07c00e7519a8d3fc,ESM,IT-2012-0028,5G.T0813..HNN.D.IT-2012-0028.ACC.MP.ASC,training,10,lhs-1,false,1.055345003920092,0.91186441049273859,0.058766975947465362,1.0991779467262428,24681357,canonical-shear-friction-v0.8.1
02def39e5cc921081c81c858e1c06f7c422d85e80f95471930d97cba581cd0e4,ESM,IT-2012-0028,5G.T0813..HNN.D.IT-2012-0028.ACC.MP.ASC,training,10,lhs-2,false,0.93530801801650687,0.953478937041492,0.050077687460435838,0.94748395915337158,24681357,canonical-shear-friction-v0.8.1
4444b1afce746d558859d5fbc0c71258856b7af5d2f07a992ae82cad8bb03bc0,ESM,IT-2012-0028,5G.T0813..HNN.D.IT-2012-0028.ACC.MP.ASC,training,10,lhs-3,false,0.98012715606141543,1.0955005541028737,0.043992240427104604,1.0147451705015114,24681357,canonical-shear-friction-v0.8.1
a6ccd3dbf03d228d25908696478ea135c5e9a42190bcf0773a80dcc3f30e3070,ESM,IT-2012-0028,5G.T0813..HNN.D.IT-2012-0028.ACC.MP.ASC,training,20,nominal,true,1,1,0.050000000000000003,1,24681357,canonical-shear-friction-v0.8.1
c15d63b7433d428ae0029006ed0f3e31a906e08ddbf0fbbaa5698a3293b323ad,ESM,IT-2012-0028,5G.T0813..HNN.D.IT-2012-0028.ACC.MP.ASC,training,20,lhs-1,false,1.055345003920092,0.91186441049273859,0.058766975947465362,1.0991779467262428,24681357,canonical-shear-friction-v0.8.1
ab7eac6dddf60d68d87d8fa91940089745784db94c8d656c0bc88aed67952239,ESM,IT-2012-0028,5G.T0813..HNN.D.IT-2012-0028.ACC.MP.ASC,training,20,lhs-2,false,0.93530801801650687,0.953478937041492,0.050077687460435838,0.94748395915337158,24681357,canonical-shear-friction-v0.8.1
37432d6e02da1517768ddf7ffc9efb52bd30f6b3046beb7c4fb70c2773adbae2,ESM,IT-2012-0028,5G.T0813..HNN.D.IT-2012-0028.ACC.MP.ASC,training,20,lhs-3,false,0.98012715606141543,1.0955005541028737,0.043992240427104604,1.0147451705015114,24681357,canonical-shear-friction-v0.8.1
e9585bb5f3f4f67c122a8711d2dd075f29558b85ffe05034ca1b4e08bb0669b0,ESM,IT-2009-0105,IT.AQP..HNN.D.IT-2009-0105.ACC.MP.ASC,training,3,nominal,true,1,1,0.050000000000000003,1,24681357,canonical-shear-friction-v0.8.1
a3e09e7ec575fe6ae4d2705b359c6468773f8844afbbe5d826f0965da8f65242,ESM,IT-2009-0105,IT.AQP..HNN.D.IT-2009-0105.ACC.MP.ASC,training,3,lhs-1,false,1.055345003920092,0.91186441049273859,0.058766975947465362,1.0991779467262428,24681357,canonical-shear-friction-v0.8.1
81d3b717f2d6f299bf5b88dd7ac6e36c34e972be56e2a0af676c815a82cd324c,ESM,IT-2009-0105,IT.AQP..HNN.D.IT-2009-0105.ACC.MP.ASC,training,3,lhs-2,false,0.93530801801650687,0.953478937041492,0.050077687460435838,0.94748395915337158,24681357,canonical-shear-friction-v0.8.1
78a961175d207395685449f8211d05f928a6a237676f128ebcd3e9cc90523a11,ESM,IT-2009-0105,IT.AQP..HNN.D.IT-2009-0105.ACC.MP.ASC,training,3,lhs-3,false,0.98012715606141543,1.0955005541028737,0.043992240427104604,1.0147451705015114,24681357,canonical-shear-friction-v0.8.1
fb11d17b77e3bcfadf6479a13bc8ed18b9c5c6abc464c21ca37a6a97a5e54ab4,ESM,IT-2009-0105,IT.AQP..HNN.D.IT-2009-0105.ACC.MP.ASC,training,6,nominal,true,1,1,0.050000000000000003,1,24681357,canonical-shear-friction-v0.8.1
d9ef8bd8d8475528c573f56c5fefd956b26662044a0cd66d43d9244d78c76ee7,ESM,IT-2009-0105,IT.AQP..HNN.D.IT-2009-0105.ACC.MP.ASC,training,6,lhs-1,false,1.055345003920092,0.91186441049273859,0.058766975947465362,1.0991779467262428,24681357,canonical-shear-friction-v0.8.1
fbde9dfe44f886db97be331c661c0470ea8bebfc37326cac33e8b1fdde50dacf,ESM,IT-2009-0105,IT.AQP..HNN.D.IT-2009-0105.ACC.MP.ASC,training,6,lhs-2,false,0.93530801801650687,0.953478937041492,0.050077687460435838,0.94748395915337158,24681357,canonical-shear-friction-v0.8.1
401abc02d65774e57694dc41820147c16d60904986aeaea351ba73a5aef7e9e7,ESM,IT-2009-0105,IT.AQP..HNN.D.IT-2009-0105.ACC.MP.ASC,training,6,lhs-3,false,0.98012715606141543,1.0955005541028737,0.043992240427104604,1.0147451705015114,24681357,canonical-shear-friction-v0.8.1
d19e492f8620a2c756f584a042194c7c4baebb2b323bdcacb73b0b67e8b8de9c,ESM,IT-2009-0105,IT.AQP..HNN.D.IT-2009-0105.ACC.MP.ASC,training,10,nominal,true,1,1,0.050000000000000003,1,24681357,canonical-shear-friction-v0.8.1
d3ab2598db7616acb689f0ca50c53d7e68c83add7e8607776469a87f680576b8,ESM,IT-2009-0105,IT.AQP..HNN.D.IT-2009-0105.ACC.MP.ASC,training,10,lhs-1,false,1.055345003920092,0.91186441049273859,0.058766975947465362,1.0991779467262428,24681357,canonical-shear-friction-v0.8.1
62d786adc5572552e4479c2b38860b28b7f0c1e87e815b901ad4bff543501f3a,ESM,IT-2009-0105,IT.AQP..HNN.D.IT-2009-0105.ACC.MP.ASC,training,10,lhs-2,false,0.93530801801650687,0.953478937041492,0.050077687460435838,0.94748395915337158,24681357,canonical-shear-friction-v0.8.1
e9376b212062b6814a0792011500d5337995bcc2a916f1d9d8877bcc3dcd5cb2,ESM,IT-2009-0105,IT.AQP..HNN.D.IT-2009-0105.ACC.MP.ASC,training,10,lhs-3,false,0.98012715606141543,1.0955005541028737,0.043992240427104604,1.0147451705015114,24681357,canonical-shear-friction-v0.8.1
d0fe04f28353eae49ba1e9b11f4cb0ae7cd8a140be6de6be612cfd4a7138db7a,ESM,IT-2009-0105,IT.AQP..HNN.D.IT-2009-0105.ACC.MP.ASC,training,20,nominal,true,1,1,0.050000000000000003,1,24681357,canonical-shear-friction-v0.8.1
d77f5700918430d953ed7425549ea667278ab57719e4ecc731e936563370689f,ESM,IT-2009-0105,IT.AQP..HNN.D.IT-2009-0105.ACC.MP.ASC,training,20,lhs-1,false,1.055345003920092,0.91186441049273859,0.058766975947465362,1.0991779467262428,24681357,canonical-shear-friction-v0.8.1
e009b628750953755eae6161b01211e7ca493f9b7088e976eaf52c81aff62c30,ESM,IT-2009-0105,IT.AQP..HNN.D.IT-2009-0105.ACC.MP.ASC,training,20,lhs-2,false,0.93530801801650687,0.953478937041492,0.050077687460435838,0.94748395915337158,24681357,canonical-shear-friction-v0.8.1
8c2edef4af41686133dc5475fa4d41ffbd387884ff3387534602dddf0ae7259f,ESM,IT-2009-0105,IT.AQP..HNN.D.IT-2009-0105.ACC.MP.ASC,training,20,lhs-3,false,0.98012715606141543,1.0955005541028737,0.043992240427104604,1.0147451705015114,24681357,canonical-shear-friction-v0.8.1
88cf1a4b7fdd0a3eb8a940a74531a73dbf8bdb39cf1eff1429e0623d84e8392a,ESM,IT-2009-0105,IT.AQP..HNE.D.IT-2009-0105.ACC.MP.ASC,training,3,nominal,true,1,1,0.050000000000000003,1,24681357,canonical-shear-friction-v0.8.1
b346b45c357229d8bfe5438290440cd8fd4e6a852d1331345959b716a809e6a1,ESM,IT-2009-0105,IT.AQP..HNE.D.IT-2009-0105.ACC.MP.ASC,training,3,lhs-1,false,1.055345003920092,0.91186441049273859,0.058766975947465362,1.0991779467262428,24681357,canonical-shear-friction-v0.8.1
039cc287cba81203afdc654e172f2fbeb58aa704d303be37a13b68f2fdbd0eb7,ESM,IT-2009-0105,IT.AQP..HNE.D.IT-2009-0105.ACC.MP.ASC,training,3,lhs-2,false,0.93530801801650687,0.953478937041492,0.050077687460435838,0.94748395915337158,24681357,canonical-shear-friction-v0.8.1
b506671f7b9bf2272fa0956584acaaa560009563fd082eb0636eae9f98c39307,ESM,IT-2009-0105,IT.AQP..HNE.D.IT-2009-0105.ACC.MP.ASC,training,3,lhs-3,false,0.98012715606141543,1.0955005541028737,0.043992240427104604,1.0147451705015114,24681357,canonical-shear-friction-v0.8.1
ba5b6cc5959abe29afc45b1d6652f12f18352b7943bff04b191ffd71ef917544,ESM,IT-2009-0105,IT.AQP..HNE.D.IT-2009-0105.ACC.MP.ASC,training,6,nominal,true,1,1,0.050000000000000003,1,24681357,canonical-shear-friction-v0.8.1
b4ade8e50d19af97f34c749b29bf24d280ec831bc49d4d0123fedbc50342ba6f,ESM,IT-2009-0105,IT.AQP..HNE.D.IT-2009-0105.ACC.MP.ASC,training,6,lhs-1,false,1.055345003920092,0.91186441049273859,0.058766975947465362,1.0991779467262428,24681357,canonical-shear-friction-v0.8.1
a655407669c0a12bd71e261f6daa9666958985b3ff370960f35d168540077ece,ESM,IT-2009-0105,IT.AQP..HNE.D.IT-2009-0105.ACC.MP.ASC,training,6,lhs-2,false,0.93530801801650687,0.953478937041492,0.050077687460435838,0.94748395915337158,24681357,canonical-shear-friction-v0.8.1
5f4b5c92651487414b7c118fa862a56ab3bb2d95049f0cb690c366e38b3451b1,ESM,IT-2009-0105,IT.AQP..HNE.D.IT-2009-0105.ACC.MP.ASC,training,6,lhs-3,false,0.98012715606141543,1.0955005541028737,0.043992240427104604,1.0147451705015114,24681357,canonical-shear-friction-v0.8.1
6d463c89afcdfc796ca1e4936d001d5567bf9371dfbecd90267354acf84a4a02,ESM,IT-2009-0105,IT.AQP..HNE.D.IT-2009-0105.ACC.MP.ASC,training,10,nominal,true,1,1,0.050000000000000003,1,24681357,canonical-shear-friction-v0.8.1
0e286355eb37162b98900410aa5aaa00d6beecdfdf727a71ef94701abfca4720,ESM,IT-2009-0105,IT.AQP..HNE.D.IT-2009-0105.ACC.MP.ASC,training,10,lhs-1,false,1.055345003920092,0.91186441049273859,0.058766975947465362,1.0991779467262428,24681357,canonical-shear-friction-v0.8.1
96a0c9aabc9ca8fb31dd603527b7e025d2547c59e81fe5fa0bc5d0f05e4ad920,ESM,IT-2009-0105,IT.AQP..HNE.D.IT-2009-0105.ACC.MP.ASC,training,10,lhs-2,false,0.93530801801650687,0.953478937041492,0.050077687460435838,0.94748395915337158,24681357,canonical-shear-friction-v0.8.1
9b9e16b663cfde934ec1f37b21399dcd4ffa747e2a263432603aa6a057923f01,ESM,IT-2009-0105,IT.AQP..HNE.D.IT-2009-0105.ACC.MP.ASC,training,10,lhs-3,false,0.98012715606141543,1.0955005541028737,0.043992240427104604,1.0147451705015114,24681357,canonical-shear-friction-v0.8.1
a81657f558ce35f2099af2b969220ca68c4c4245ce1b2e8f0a97892bce84d00f,ESM,IT-2009-0105,IT.AQP..HNE.D.IT-2009-0105.ACC.MP.ASC,training,20,nominal,true,1,1,0.050000000000000003,1,24681357,canonical-shear-friction-v0.8.1
990fa00a75d5c308a59c52eaea6270d6f9128c79e454e7addfda06cd60f734f8,ESM,IT-2009-0105,IT.AQP..HNE.D.IT-2009-0105.ACC.MP.ASC,training,20,lhs-1,false,1.055345003920092,0.91186441049273859,0.058766975947465362,1.0991779467262428,24681357,canonical-shear-friction-v0.8.1
afe82571d4ab023e89564bc475806f3b703b8a72a469511d367d7c50846312d9,ESM,IT-2009-0105,IT.AQP..HNE.D.IT-2009-0105.ACC.MP.ASC,training,20,lhs-2,false,0.93530801801650687,0.953478937041492,0.050077687460435838,0.94748395915337158,24681357,canonical-shear-friction-v0.8.1
6ebdce918b82b6133bb4384ec75fb3236d2eae26633a53fd1e5b0aaddc906466,ESM,IT-2009-0105,IT.AQP..HNE.D.IT-2009-0105.ACC.MP.ASC,training,20,lhs-3,false,0.98012715606141543,1.0955005541028737,0.043992240427104604,1.0147451705015114,24681357,canonical-shear-friction-v0.8.1
a711ff0f9f364ca8a17d609e0609665adfba153b7771c5f6ce82bbf1f189638c,ESM,IT-2009-0105,IT.AQK..HNN.D.IT-2009-0105.ACC.MP.ASC,training,3,nominal,true,1,1,0.050000000000000003,1,24681357,canonical-shear-friction-v0.8.1
8520fed455f9c4d2a037082797537531ebed921de7cd7e44c27f0f2512595b1a,ESM,IT-2009-0105,IT.AQK..HNN.D.IT-2009-0105.ACC.MP.ASC,training,3,lhs-1,false,1.055345003920092,0.91186441049273859,0.058766975947465362,1.0991779467262428,24681357,canonical-shear-friction-v0.8.1
cbbb03531cf53d5735be15d15a05d00e8e549b168d7f0545bf22ec864a3fca1d,ESM,IT-2009-0105,IT.AQK..HNN.D.IT-2009-0105.ACC.MP.ASC,training,3,lhs-2,false,0.93530801801650687,0.953478937041492,0.050077687460435838,0.94748395915337158,24681357,canonical-shear-friction-v0.8.1
b787bbadb3a95222b4f82263264ef3beb25c9da5f8117075c771ed274e868cd1,ESM,IT-2009-0105,IT.AQK..HNN.D.IT-2009-0105.ACC.MP.ASC,training,3,lhs-3,false,0.98012715606141543,1.0955005541028737,0.043992240427104604,1.0147451705015114,24681357,canonical-shear-friction-v0.8.1
b4bf8c1288ec3a2f2621873243691536206eb71d6be38af559dd0ca35cbe3373,ESM,IT-2009-0105,IT.AQK..HNN.D.IT-2009-0105.ACC.MP.ASC,training,6,nominal,true,1,1,0.050000000000000003,1,24681357,canonical-shear-friction-v0.8.1
83995ac61009c68ae8a835e932fb2520403a0998f1b7f5bdae4612058cd5e127,ESM,IT-2009-0105,IT.AQK..HNN.D.IT-2009-0105.ACC.MP.ASC,training,6,lhs-1,false,1.055345003920092,0.91186441049273859,0.058766975947465362,1.0991779467262428,24681357,canonical-shear-friction-v0.8.1
f55235b0b60b508d9a33c567e4f9634995abaca16cfb4a41cf6463d67ff52dc6,ESM,IT-2009-0105,IT.AQK..HNN.D.IT-2009-0105.ACC.MP.ASC,training,6,lhs-2,false,0.93530801801650687,0.953478937041492,0.050077687460435838,0.94748395915337158,24681357,canonical-shear-friction-v0.8.1
94b09e0251e483994976c5f2525ec32b0d359deb2bb826b3e36b80c947030eb6,ESM,IT-2009-0105,IT.AQK..HNN.D.IT-2009-0105.ACC.MP.ASC,training,6,lhs-3,false,0.98012715606141543,1.0955005541028737,0.043992240427104604,1.0147451705015114,24681357,canonical-shear-friction-v0.8.1
ba0f904512ed2a9291b2d85dcd6926fd6284f16683f316ecadc1f6971da6ac63,ESM,IT-2009-0105,IT.AQK..HNN.D.IT-2009-0105.ACC.MP.ASC,training,10,nominal,true,1,1,0.050000000000000003,1,24681357,canonical-shear-friction-v0.8.1
1b1a45eb787eab5bbc7bd50afb5a4d271a8bd0ae2e9d25595b64a92f5c9cb1fe,ESM,IT-2009-0105,IT.AQK..HNN.D.IT-2009-0105.ACC.MP.ASC,training,10,lhs-1,false,1.055345003920092,0.91186441049273859,0.058766975947465362,1.0991779467262428,24681357,canonical-shear-friction-v0.8.1
4b1324e8218090bde9cba54937bd4b13e47d2676a7bc5dcfe231483066506251,ESM,IT-2009-0105,IT.AQK..HNN.D.IT-2009-0105.ACC.MP.ASC,training,10,lhs-2,false,0.93530801801650687,0.953478937041492,0.050077687460435838,0.94748395915337158,24681357,canonical-shear-friction-v0.8.1
95fa0e4f6368ff84b79d6cb3a0e7d5cef4e8f59f98d3630e123704894e193740,ESM,IT-2009-0105,IT.AQK..HNN.D.IT-2009-0105.ACC.MP.ASC,training,10,lhs-3,false,0.98012715606141543,1.0955005541028737,0.043992240427104604,1.0147451705015114,24681357,canonical-shear-friction-v0.8.1
f13990632ce82cc44c779dfb44005289bf3e9b437aa6fc818015dc940b289174,ESM,IT-2009-0105,IT.AQK..HNN.D.IT-2009-0105.ACC.MP.ASC,training,20,nominal,true,1,1,0.050000000000000003,1,24681357,canonical-shear-friction-v0.8.1
cc886d7e0f2425f2a3d389e1dfb19ce3a149899b747638e2fc8514ab9d0f16cc,ESM,IT-2009-0105,IT.AQK..HNN.D.IT-2009-0105.ACC.MP.ASC,training,20,lhs-1,false,1.055345003920092,0.91186441049273859,0.058766975947465362,1.0991779467262428,24681357,canonical-shear-friction-v0.8.1
0fe179a2f17c7a88a12080a4a722277787adac9a015efcd8629b8edc9a105fdd,ESM,IT-2009-0105,IT.AQK..HNN.D.IT-2009-0105.ACC.MP.ASC,training,20,lhs-2,false,0.93530801801650687,0.953478937041492,0.050077687460435838,0.94748395915337158,24681357,canonical-shear-friction-v0.8.1
e6938177a75d642bbc674632abe86c3041ea2851861c87876a313f0b13d1796b,ESM,IT-2009-0105,IT.AQK..HNN.D.IT-2009-0105.ACC.MP.ASC,training,20,lhs-3,false,0.98012715606141543,1.0955005541028737,0.043992240427104604,1.0147451705015114,24681357,canonical-shear-friction-v0.8.1
9bf8806d4ca1c27e9cad5df3bbf9e84aa295f5bddb0385028d23a375b20ce4e3,ESM,IT-2009-0105,8H.RM07..HNE.D.IT-2009-0105.ACC.MP.ASC,training,3,nominal,true,1,1,0.050000000000000003,1,24681357,canonical-shear-friction-v0.8.1
172c03bcd8b8b2fa704382a48542aa7ea372e79c4176421104cdd446df0eaa21,ESM,IT-2009-0105,8H.RM07..HNE.D.IT-2009-0105.ACC.MP.ASC,training,3,lhs-1,false,1.055345003920092,0.91186441049273859,0.058766975947465362,1.0991779467262428,24681357,canonical-shear-friction-v0.8.1
fba6c9fd61102aff292e5b54d2e324de4de5759dd64503d5a59bf8d7fbb21d8c,ESM,IT-2009-0105,8H.RM07..HNE.D.IT-2009-0105.ACC.MP.ASC,training,3,lhs-2,false,0.93530801801650687,0.953478937041492,0.050077687460435838,0.94748395915337158,24681357,canonical-shear-friction-v0.8.1
ecd741f3f4fd88c8a9fbf6d6e7c2a6e07de5c7888a12c31ad0e1918bdc54ee27,ESM,IT-2009-0105,8H.RM07..HNE.D.IT-2009-0105.ACC.MP.ASC,training,3,lhs-3,false,0.98012715606141543,1.0955005541028737,0.043992240427104604,1.0147451705015114,24681357,canonical-shear-friction-v0.8.1
32d12f2c21375ce1dfe3158213c2cd69f28fc286b79cc799dcf0c9c8a839088a,ESM,IT-2009-0105,8H.RM07..HNE.D.IT-2009-0105.ACC.MP.ASC,training,6,nominal,true,1,1,0.050000000000000003,1,24681357,canonical-shear-friction-v0.8.1
b410c1112a9453d4fabda6079c6930decde4824450ceb6addf7bd7348809c6c9,ESM,IT-2009-0105,8H.RM07..HNE.D.IT-2009-0105.ACC.MP.ASC,training,6,lhs-1,false,1.055345003920092,0.91186441049273859,0.058766975947465362,1.0991779467262428,24681357,canonical-shear-friction-v0.8.1
57e636bb795bddee1f810c8a165c383ea3783ab1de64f731f19020e84bbf266d,ESM,IT-2009-0105,8H.RM07..HNE.D.IT-2009-0105.ACC.MP.ASC,training,6,lhs-2,false,0.93530801801650687,0.953478937041492,0.050077687460435838,0.94748395915337158,24681357,canonical-shear-friction-v0.8.1
d79d8f4f6cc60343813515b3bfdb11c37d28425003be5b77ba031044af7e2541,ESM,IT-2009-0105,8H.RM07..HNE.D.IT-2009-0105.ACC.MP.ASC,training,6,lhs-3,false,0.98012715606141543,1.0955005541028737,0.043992240427104604,1.0147451705015114,24681357,canonical-shear-friction-v0.8.1
b7ac5d0cd9499dc4aa873f9ebf813fe3bafc16f592d55284533f78e88bbe447d,ESM,IT-2009-0105,8H.RM07..HNE.D.IT-2009-0105.ACC.MP.ASC,training,10,nominal,true,1,1,0.050000000000000003,1,24681357,canonical-shear-friction-v0.8.1
d32ba45b887e42b5740ee16c76351bbf745741659750bc927d55210113599a47,ESM,IT-2009-0105,8H.RM07..HNE.D.IT-2009-0105.ACC.MP.ASC,training,10,lhs-1,false,1.055345003920092,0.91186441049273859,0.058766975947465362,1.0991779467262428,24681357,canonical-shear-friction-v0.8.1
5f98541a1e8c70688abea77504a4cfb338e3d67b5e2fc2545d56c66be59892b7,ESM,IT-2009-0105,8H.RM07..HNE.D.IT-2009-0105.ACC.MP.ASC,training,10,lhs-2,false,0.93530801801650687,0.953478937041492,0.050077687460435838,0.94748395915337158,24681357,canonical-shear-friction-v0.8.1
0a3df3960138c7a3cb2c018429e76b84984f3e8a685a4222cf4c950dfcc8445e,ESM,IT-2009-0105,8H.RM07..HNE.D.IT-2009-0105.ACC.MP.ASC,training,10,lhs-3,false,0.98012715606141543,1.0955005541028737,0.043992240427104604,1.0147451705015114,24681357,canonical-shear-friction-v0.8.1
db909b78cf9bcdc38f45b26cbe1d6b9fa941086d8f609b3139b39a2a07877841,ESM,IT-2009-0105,8H.RM07..HNE.D.IT-2009-0105.ACC.MP.ASC,training,20,nominal,true,1,1,0.050000000000000003,1,24681357,canonical-shear-friction-v0.8.1
797772ca3ede45286b788fc4363005b7771b68d19cc85fa51cbf5f7a4d26c560,ESM,IT-2009-0105,8H.RM07..HNE.D.IT-2009-0105.ACC.MP.ASC,training,20,lhs-1,false,1.055345003920092,0.91186441049273859,0.058766975947465362,1.0991779467262428,24681357,canonical-shear-friction-v0.8.1
9e24edb92f7e70ffb5bfaf1049f39442753525271ce95e23ca775961877ec447,ESM,IT-2009-0105,8H.RM07..HNE.D.IT-2009-0105.ACC.MP.ASC,training,20,lhs-2,false,0.93530801801650687,0.953478937041492,0.050077687460435838,0.94748395915337158,24681357,canonical-shear-friction-v0.8.1
5606bb60bdc8ea58ee86d607c12307ac4d5df37c8bf19f8d7cee904bdcbd6ef5,ESM,IT-2009-0105,8H.RM07..HNE.D.IT-2009-0105.ACC.MP.ASC,training,20,lhs-3,false,0.98012715606141543,1.0955005541028737,0.043992240427104604,1.0147451705015114,24681357,canonical-shear-friction-v0.8.1
3ad2588ec00504f677b1d48752a3677c0897698f61b08d3f85931e740a5b7edf,ESM,IT-1997-0011,IT.NCR..HNN.D.IT-1997-0011.ACC.MP.ASC,training,3,nominal,true,1,1,0.050000000000000003,1,24681357,canonical-shear-friction-v0.8.1
88b082f9ace92cb0d32d302a12ae81c986a7c3caf4a72e2d7b97e87f9bb04c58,ESM,IT-1997-0011,IT.NCR..HNN.D.IT-1997-0011.ACC.MP.ASC,training,3,lhs-1,false,1.055345003920092,0.91186441049273859,0.058766975947465362,1.0991779467262428,24681357,canonical-shear-friction-v0.8.1
fa82a5348e17f149aed48a20cd8dcb109747a2af2d6af2af127e2cf9af74580d,ESM,IT-1997-0011,IT.NCR..HNN.D.IT-1997-0011.ACC.MP.ASC,training,3,lhs-2,false,0.93530801801650687,0.953478937041492,0.050077687460435838,0.94748395915337158,24681357,canonical-shear-friction-v0.8.1
93fde0c49b09b8de17e3c6d210c003fedd329a92432ea025693cd53736a0054a,ESM,IT-1997-0011,IT.NCR..HNN.D.IT-1997-0011.ACC.MP.ASC,training,3,lhs-3,false,0.98012715606141543,1.0955005541028737,0.043992240427104604,1.0147451705015114,24681357,canonical-shear-friction-v0.8.1
5cf17fd53fcfe44990a9a01751504c67aafb7174650ec7eaebf4c16a2a92e9d5,ESM,IT-1997-0011,IT.NCR..HNN.D.IT-1997-0011.ACC.MP.ASC,training,6,nominal,true,1,1,0.050000000000000003,1,24681357,canonical-shear-friction-v0.8.1
51d24e1131ff7c21b635b940edf827f14911477d88be841a0133ab3fc2c5d95e,ESM,IT-1997-0011,IT.NCR..HNN.D.IT-1997-0011.ACC.MP.ASC,training,6,lhs-1,false,1.055345003920092,0.91186441049273859,0.058766975947465362,1.0991779467262428,24681357,canonical-shear-friction-v0.8.1
de659c1ec951bc7b6eb0f79ee9474b6ded293aa336cd8882e4f33502990e7eda,ESM,IT-1997-0011,IT.NCR..HNN.D.IT-1997-0011.ACC.MP.ASC,training,6,lhs-2,false,0.93530801801650687,0.953478937041492,0.050077687460435838,0.94748395915337158,24681357,canonical-shear-friction-v0.8.1
e4aba68e0fbf920796cdab569746403b545bb1823986298e9ab96753000344eb,ESM,IT-1997-0011,IT.NCR..HNN.D.IT-1997-0011.ACC.MP.ASC,training,6,lhs-3,false,0.98012715606141543,1.0955005541028737,0.043992240427104604,1.0147451705015114,24681357,canonical-shear-friction-v0.8.1
ed4baee71661d52488f8cc0f5f0c1a25f4ab518f698fd2d1f7a0fd5e4bf67a87,ESM,IT-1997-0011,IT.NCR..HNN.D.IT-1997-0011.ACC.MP.ASC,training,10,nominal,true,1,1,0.050000000000000003,1,24681357,canonical-shear-friction-v0.8.1
b1a4b5ff0ec15044f0a2a200a0a246551b50bf35fc2ecfdd1e92fc760e982447,ESM,IT-1997-0011,IT.NCR..HNN.D.IT-1997-0011.ACC.MP.ASC,training,10,lhs-1,false,1.055345003920092,0.91186441049273859,0.058766975947465362,1.0991779467262428,24681357,canonical-shear-friction-v0.8.1
b4aaff51ddcc04d9dcd326c79beffb5106c36bb90c5ff46d74aaa173592407ea,ESM,IT-1997-0011,IT.NCR..HNN.D.IT-1997-0011.ACC.MP.ASC,training,10,lhs-2,false,0.93530801801650687,0.953478937041492,0.050077687460435838,0.94748395915337158,24681357,canonical-shear-friction-v0.8.1
56a1ac8537839493209af3014ec3e86c90c82f80b6aad7d5bb85e4bf90731bff,ESM,IT-1997-0011,IT.NCR..HNN.D.IT-1997-0011.ACC.MP.ASC,training,10,lhs-3,false,0.98012715606141543,1.0955005541028737,0.043992240427104604,1.0147451705015114,24681357,canonical-shear-friction-v0.8.1
ab2caceb7acd49012d4ef7ef665a71ba945494656ef0e8eed3fc41881f0aef8b,ESM,IT-1997-0011,IT.NCR..HNN.D.IT-1997-0011.ACC.MP.ASC,training,20,nominal,true,1,1,0.050000000000000003,1,24681357,canonical-shear-friction-v0.8.1
5db0b13d1f86f0694def1843f38f634a665c68954e39aaf41d3f685602723474,ESM,IT-1997-0011,IT.NCR..HNN.D.IT-1997-0011.ACC.MP.ASC,training,20,lhs-1,false,1.055345003920092,0.91186441049273859,0.058766975947465362,1.0991779467262428,24681357,canonical-shear-friction-v0.8.1
0c3973b380a9d047586b453abb5445162db15590d62e13c7bf3e4159a6bdd461,ESM,IT-1997-0011,IT.NCR..HNN.D.IT-1997-0011.ACC.MP.ASC,training,20,lhs-2,false,0.93530801801650687,0.953478937041492,0.050077687460435838,0.94748395915337158,24681357,canonical-shear-friction-v0.8.1
87fd1ea4008b179a20ac5423c75c6266da74162335d107617c0342584a3e4b1d,ESM,IT-1997-0011,IT.NCR..HNN.D.IT-1997-0011.ACC.MP.ASC,training,20,lhs-3,false,0.98012715606141543,1.0955005541028737,0.043992240427104604,1.0147451705015114,24681357,canonical-shear-friction-v0.8.1
0682fa01d65ba4bfa93164f3688aed5db795a77c40c13f47d227feb4a7156c35,ESM,IT-1997-0011,IT.NCB..HNN.D.IT-1997-0011.ACC.MP.ASC,training,3,nominal,true,1,1,0.050000000000000003,1,24681357,canonical-shear-friction-v0.8.1
ce644f7e40eb18d8154b2aea0b9eb461c721e2c9a9cb3fd2ed6e4ad06ac9f7d3,ESM,IT-1997-0011,IT.NCB..HNN.D.IT-1997-0011.ACC.MP.ASC,training,3,lhs-1,false,1.055345003920092,0.91186441049273859,0.058766975947465362,1.0991779467262428,24681357,canonical-shear-friction-v0.8.1
0963ce42d5cb0d5b23a656269b06208c1aef18a2192c239c03b3411c43a9c28d,ESM,IT-1997-0011,IT.NCB..HNN.D.IT-1997-0011.ACC.MP.ASC,training,3,lhs-2,false,0.93530801801650687,0.953478937041492,0.050077687460435838,0.94748395915337158,24681357,canonical-shear-friction-v0.8.1
ef567b6f11d03318447cac0ba729a388b4ee17b8852af06373be8dd34325e39a,ESM,IT-1997-0011,IT.NCB..HNN.D.IT-1997-0011.ACC.MP.ASC,training,3,lhs-3,false,0.98012715606141543,1.0955005541028737,0.043992240427104604,1.0147451705015114,24681357,canonical-shear-friction-v0.8.1
582b94c18f66791a61aa409d84882cb127deb39e20bc08f7ca58cea9472c6c2c,ESM,IT-1997-0011,IT.NCB..HNN.D.IT-1997-0011.ACC.MP.ASC,training,6,nominal,true,1,1,0.050000000000000003,1,24681357,canonical-shear-friction-v0.8.1
17f9ea41501c8d2a349ee7e5fad0ccc7c89330decc5b0b1f48ef15b7cbdb5f5d,ESM,IT-1997-0011,IT.NCB..HNN.D.IT-1997-0011.ACC.MP.ASC,training,6,lhs-1,false,1.055345003920092,0.91186441049273859,0.058766975947465362,1.0991779467262428,24681357,canonical-shear-friction-v0.8.1
9bcded71b26b5a497027ca5c576a1bfa265e30927db932ddd33e2d804de5d2f4,ESM,IT-1997-0011,IT.NCB..HNN.D.IT-1997-0011.ACC.MP.ASC,training,6,lhs-2,false,0.93530801801650687,0.953478937041492,0.050077687460435838,0.94748395915337158,24681357,canonical-shear-friction-v0.8.1
4e7a882481c4d7ae64e67beda576d77a8f3cf497fd423b4837f52c35923374fa,ESM,IT-1997-0011,IT.NCB..HNN.D.IT-1997-0011.ACC.MP.ASC,training,6,lhs-3,false,0.98012715606141543,1.0955005541028737,0.043992240427104604,1.0147451705015114,24681357,canonical-shear-friction-v0.8.1
bed823f87c7d67891f580698d6d4d27da1dea781a17591d2fe43da03b298d8ed,ESM,IT-1997-0011,IT.NCB..HNN.D.IT-1997-0011.ACC.MP.ASC,training,10,nominal,true,1,1,0.050000000000000003,1,24681357,canonical-shear-friction-v0.8.1
7637eae866bc4066740a3059ff3784890c4afca22d8ee5c7fad8f7b8c42b3dac,ESM,IT-1997-0011,IT.NCB..HNN.D.IT-1997-0011.ACC.MP.ASC,training,10,lhs-1,false,1.055345003920092,0.91186441049273859,0.058766975947465362,1.0991779467262428,24681357,canonical-shear-friction-v0.8.1
5e928860f9817523cecfe4fe7f9737edb8821cfa605e17cfad52e7463df9f144,ESM,IT-1997-0011,IT.NCB..HNN.D.IT-1997-0011.ACC.MP.ASC,training,10,lhs-2,false,0.93530801801650687,0.953478937041492,0.050077687460435838,0.94748395915337158,24681357,canonical-shear-friction-v0.8.1
ef061c012667ac2465845099296fc0c3d78698cb397d8d36588624c8f54238a4,ESM,IT-1997-0011,IT.NCB..HNN.D.IT-1997-0011.ACC.MP.ASC,training,10,lhs-3,false,0.98012715606141543,1.0955005541028737,0.043992240427104604,1.0147451705015114,24681357,canonical-shear-friction-v0.8.1
6c48ac0f679073e936646835d2c31ac1e748049e763dd1dde1299b4bf71520a5,ESM,IT-1997-0011,IT.NCB..HNN.D.IT-1997-0011.ACC.MP.ASC,training,20,nominal,true,1,1,0.050000000000000003,1,24681357,canonical-shear-friction-v0.8.1
d154953354c1442902141b58c2bc2c6f738d024ca8b6eb1563b7f44566d93f46,ESM,IT-1997-0011,IT.NCB..HNN.D.IT-1997-0011.ACC.MP.ASC,training,20,lhs-1,false,1.055345003920092,0.91186441049273859,0.058766975947465362,1.0991779467262428,24681357,canonical-shear-friction-v0.8.1
7139556c17f989d2d4bb00c4a47962d2375f025a65d4cae2ec6179622bddc55a,ESM,IT-1997-0011,IT.NCB..HNN.D.IT-1997-0011.ACC.MP.ASC,training,20,lhs-2,false,0.93530801801650687,0.953478937041492,0.050077687460435838,0.94748395915337158,24681357,canonical-shear-friction-v0.8.1
bc061a6a7945d237656b6c5cbd75dac5a543c32355eab7250163a57bf782278c,ESM,IT-1997-0011,IT.NCB..HNN.D.IT-1997-0011.ACC.MP.ASC,training,20,lhs-3,false,0.98012715606141543,1.0955005541028737,0.043992240427104604,1.0147451705015114,24681357,canonical-shear-friction-v0.8.1
2a36b769c2356f85aeb77649a89a00eba1fca477adccd68bf2334a102ae6d702,ESM,IT-1997-0011,IT.NCB..HNE.D.IT-1997-0011.ACC.MP.ASC,training,3,nominal,true,1,1,0.050000000000000003,1,24681357,canonical-shear-friction-v0.8.1
f5e910c52f42a18630655e1f3fdf10b3864d99503f64a90666709453d4beea57,ESM,IT-1997-0011,IT.NCB..HNE.D.IT-1997-0011.ACC.MP.ASC,training,3,lhs-1,false,1.055345003920092,0.91186441049273859,0.058766975947465362,1.0991779467262428,24681357,canonical-shear-friction-v0.8.1
d45992f3e38589c15b64086a9f283c6ed085701b1d26ed345d3dfe499fc9e740,ESM,IT-1997-0011,IT.NCB..HNE.D.IT-1997-0011.ACC.MP.ASC,training,3,lhs-2,false,0.93530801801650687,0.953478937041492,0.050077687460435838,0.94748395915337158,24681357,canonical-shear-friction-v0.8.1
70f1e6a8a457b7ba818ad8add5a6f1446c7d445247a976d820f10ac4ef0d25da,ESM,IT-1997-0011,IT.NCB..HNE.D.IT-1997-0011.ACC.MP.ASC,training,3,lhs-3,false,0.98012715606141543,1.0955005541028737,0.043992240427104604,1.0147451705015114,24681357,canonical-shear-friction-v0.8.1
0bc559b9ff01a9ae133541a1f211ffc886b1b65986b078feaafa5cf1b4a8809f,ESM,IT-1997-0011,IT.NCB..HNE.D.IT-1997-0011.ACC.MP.ASC,training,6,nominal,true,1,1,0.050000000000000003,1,24681357,canonical-shear-friction-v0.8.1
47c7b62ac30a6c5d9abe2469c1125a99c1b9d16a990db4bc01b6e3500fedba29,ESM,IT-1997-0011,IT.NCB..HNE.D.IT-1997-0011.ACC.MP.ASC,training,6,lhs-1,false,1.055345003920092,0.91186441049273859,0.058766975947465362,1.0991779467262428,24681357,canonical-shear-friction-v0.8.1
eac2941280d855c62f3ce45b46660dd5aaad431a41ac4a9fb810894335d619a0,ESM,IT-1997-0011,IT.NCB..HNE.D.IT-1997-0011.ACC.MP.ASC,training,6,lhs-2,false,0.93530801801650687,0.953478937041492,0.050077687460435838,0.94748395915337158,24681357,canonical-shear-friction-v0.8.1
7ddd3db5654a33ce005432729de262b3a34aec76a77385640d4b742326cba67a,ESM,IT-1997-0011,IT.NCB..HNE.D.IT-1997-0011.ACC.MP.ASC,training,6,lhs-3,false,0.98012715606141543,1.0955005541028737,0.043992240427104604,1.0147451705015114,24681357,canonical-shear-friction-v0.8.1
7c86d5c826661bc0f14b1915940c7af566532f07efeebfaa12c1b9b02555c1cb,ESM,IT-1997-0011,IT.NCB..HNE.D.IT-1997-0011.ACC.MP.ASC,training,10,nominal,true,1,1,0.050000000000000003,1,24681357,canonical-shear-friction-v0.8.1
b3f970c27df3d63b6e2e935c7b10bdbf6837b8a60fb824307900a2f74f3d6f05,ESM,IT-1997-0011,IT.NCB..HNE.D.IT-1997-0011.ACC.MP.ASC,training,10,lhs-1,false,1.055345003920092,0.91186441049273859,0.058766975947465362,1.0991779467262428,24681357,canonical-shear-friction-v0.8.1
2b3b0da8daf53656a36e27c15ecc3e048db4104340326f5b36599283f864baf0,ESM,IT-1997-0011,IT.NCB..HNE.D.IT-1997-0011.ACC.MP.ASC,training,10,lhs-2,false,0.93530801801650687,0.953478937041492,0.050077687460435838,0.94748395915337158,24681357,canonical-shear-friction-v0.8.1
e66597f9f8dc29dbc39f30451e12c5c55560c5270453222546f2ababc1ece074,ESM,IT-1997-0011,IT.NCB..HNE.D.IT-1997-0011.ACC.MP.ASC,training,10,lhs-3,false,0.98012715606141543,1.0955005541028737,0.043992240427104604,1.0147451705015114,24681357,canonical-shear-friction-v0.8.1
955e06262092a40606888134784ac27fd3e4d26997c0f8aa033310146b9e3489,ESM,IT-1997-0011,IT.NCB..HNE.D.IT-1997-0011.ACC.MP.ASC,training,20,nominal,true,1,1,0.050000000000000003,1,24681357,canonical-shear-friction-v0.8.1
dea7141e3e28f83c89fbd3ca8aa1da185643ea3bbce3966039c339b225c5f33e,ESM,IT-1997-0011,IT.NCB..HNE.D.IT-1997-0011.ACC.MP.ASC,training,20,lhs-1,false,1.055345003920092,0.91186441049273859,0.058766975947465362,1.0991779467262428,24681357,canonical-shear-friction-v0.8.1
94f587e9d1058fc77dd45d8e3dd6b408beacfd4499c6a61cdb6aea63f9f7a100,ESM,IT-1997-0011,IT.NCB..HNE.D.IT-1997-0011.ACC.MP.ASC,training,20,lhs-2,false,0.93530801801650687,0.953478937041492,0.050077687460435838,0.94748395915337158,24681357,canonical-shear-friction-v0.8.1
977058009c0dc57cd5e44589fe2c2db30240d61715d63c119569f682801ce1ba,ESM,IT-1997-0011,IT.NCB..HNE.D.IT-1997-0011.ACC.MP.ASC,training,20,lhs-3,false,0.98012715606141543,1.0955005541028737,0.043992240427104604,1.0147451705015114,24681357,canonical-shear-friction-v0.8.1
0d36c9c6b6a95700ce995ee8a75ccaa1d9b0d4a35527f81b45a4cc924f37edd2,ESM,IT-1997-0011,IT.NCR..HNE.D.IT-1997-0011.ACC.MP.ASC,training,3,nominal,true,1,1,0.050000000000000003,1,24681357,canonical-shear-friction-v0.8.1
925ca3037548037e247e286cbef13a6cddcc2609c3b53d0abad0fc60f5d6c346,ESM,IT-1997-0011,IT.NCR..HNE.D.IT-1997-0011.ACC.MP.ASC,training,3,lhs-1,false,1.055345003920092,0.91186441049273859,0.058766975947465362,1.0991779467262428,24681357,canonical-shear-friction-v0.8.1
13520b08d24bdabb43c1abc1a2b7a36efcfd185b50aeea8cf4afa0c54872bea1,ESM,IT-1997-0011,IT.NCR..HNE.D.IT-1997-0011.ACC.MP.ASC,training,3,lhs-2,false,0.93530801801650687,0.953478937041492,0.050077687460435838,0.94748395915337158,24681357,canonical-shear-friction-v0.8.1
d2f64c8291512247515f51cf650cf159d596ccb195da929df507a51960730f28,ESM,IT-1997-0011,IT.NCR..HNE.D.IT-1997-0011.ACC.MP.ASC,training,3,lhs-3,false,0.98012715606141543,1.0955005541028737,0.043992240427104604,1.0147451705015114,24681357,canonical-shear-friction-v0.8.1
534c2578e36f15d852c3d71e3879d7f1b3b7e72baf684bec6f0193eff9e34e5c,ESM,IT-1997-0011,IT.NCR..HNE.D.IT-1997-0011.ACC.MP.ASC,training,6,nominal,true,1,1,0.050000000000000003,1,24681357,canonical-shear-friction-v0.8.1
13c7e5f9deb1dd96b66bfd4fcace24a64483c39c144b45928a4096a30c23dbe8,ESM,IT-1997-0011,IT.NCR..HNE.D.IT-1997-0011.ACC.MP.ASC,training,6,lhs-1,false,1.055345003920092,0.91186441049273859,0.058766975947465362,1.0991779467262428,24681357,canonical-shear-friction-v0.8.1
3f46788f6705308f4eeab7df8b7f4ef1dc5deed4fb8b2fc4ec8ff59e0c7747cc,ESM,IT-1997-0011,IT.NCR..HNE.D.IT-1997-0011.ACC.MP.ASC,training,6,lhs-2,false,0.93530801801650687,0.953478937041492,0.050077687460435838,0.94748395915337158,24681357,canonical-shear-friction-v0.8.1
5551acb7509ff681a88a5ff0e734186a1efb17b31e26974124a55098646301ad,ESM,IT-1997-0011,IT.NCR..HNE.D.IT-1997-0011.ACC.MP.ASC,training,6,lhs-3,false,0.98012715606141543,1.0955005541028737,0.043992240427104604,1.0147451705015114,24681357,canonical-shear-friction-v0.8.1
0d8512951babf4e24bfc87cad5bb56c25284542e6e95a5f3b1b76fd36c710ea2,ESM,IT-1997-0011,IT.NCR..HNE.D.IT-1997-0011.ACC.MP.ASC,training,10,nominal,true,1,1,0.050000000000000003,1,24681357,canonical-shear-friction-v0.8.1
893b43dacb49b2e2bbaf8c09d15a31efa843e1255724220c280392d7d6707544,ESM,IT-1997-0011,IT.NCR..HNE.D.IT-1997-0011.ACC.MP.ASC,training,10,lhs-1,false,1.055345003920092,0.91186441049273859,0.058766975947465362,1.0991779467262428,24681357,canonical-shear-friction-v0.8.1
cd1adbe588c864792813014032cba145a2b30a61338b95f5e1e786470b035bc1,ESM,IT-1997-0011,IT.NCR..HNE.D.IT-1997-0011.ACC.MP.ASC,training,10,lhs-2,false,0.93530801801650687,0.953478937041492,0.050077687460435838,0.94748395915337158,24681357,canonical-shear-friction-v0.8.1
793feedd453c117414595396c9df44b2734a9bd13e16f9bbf034759f68ff7c4e,ESM,IT-1997-0011,IT.NCR..HNE.D.IT-1997-0011.ACC.MP.ASC,training,10,lhs-3,false,0.98012715606141543,1.0955005541028737,0.043992240427104604,1.0147451705015114,24681357,canonical-shear-friction-v0.8.1
6d6db956f0d13add0086912bef495fba5e442c22b8fc7b3f95553d230d4b4f9a,ESM,IT-1997-0011,IT.NCR..HNE.D.IT-1997-0011.ACC.MP.ASC,training,20,nominal,true,1,1,0.050000000000000003,1,24681357,canonical-shear-friction-v0.8.1
740f4d5bdc28381ea8e0ad912b6c6881f75ca4793377b9e0695b90a3403196e1,ESM,IT-1997-0011,IT.NCR..HNE.D.IT-1997-0011.ACC.MP.ASC,training,20,lhs-1,false,1.055345003920092,0.91186441049273859,0.058766975947465362,1.0991779467262428,24681357,canonical-shear-friction-v0.8.1
f47d811192c7890986d1a60b525a77aa7cefc4764a60d4ed862a5463e3939ae8,ESM,IT-1997-0011,IT.NCR..HNE.D.IT-1997-0011.ACC.MP.ASC,training,20,lhs-2,false,0.93530801801650687,0.953478937041492,0.050077687460435838,0.94748395915337158,24681357,canonical-shear-friction-v0.8.1
9f575bd2e30a982d62c7be6107ca1a4290632b5fe1e2b11caee03dbc768f01ec,ESM,IT-1997-0011,IT.NCR..HNE.D.IT-1997-0011.ACC.MP.ASC,training,20,lhs-3,false,0.98012715606141543,1.0955005541028737,0.043992240427104604,1.0147451705015114,24681357,canonical-shear-friction-v0.8.1
4f60e1e5e287a4f6adbe23c3ab660d32e9aeaeceb82f1d55987a831988fdb6e4,ESM,EMSC-20161030_0000029,IT.CNE..HGE.D.EMSC-20161030_0000029.ACC.MB.ASC,training,3,nominal,true,1,1,0.050000000000000003,1,24681357,canonical-shear-friction-v0.8.1
ba8d431e05c8d35a4e1b90b95cf72270831c2f03290acc37775e675f071b8060,ESM,EMSC-20161030_0000029,IT.CNE..HGE.D.EMSC-20161030_0000029.ACC.MB.ASC,training,3,lhs-1,false,1.055345003920092,0.91186441049273859,0.058766975947465362,1.0991779467262428,24681357,canonical-shear-friction-v0.8.1
d673c87667752ed98df555426284fdb058e2b281fd281da97a8d6e4133ae64e5,ESM,EMSC-20161030_0000029,IT.CNE..HGE.D.EMSC-20161030_0000029.ACC.MB.ASC,training,3,lhs-2,false,0.93530801801650687,0.953478937041492,0.050077687460435838,0.94748395915337158,24681357,canonical-shear-friction-v0.8.1
c3fe82f2bedb2c599bb36553d91aaa1e34e3d6c0bd5ef8b14dcd1f43b47e7306,ESM,EMSC-20161030_0000029,IT.CNE..HGE.D.EMSC-20161030_0000029.ACC.MB.ASC,training,3,lhs-3,false,0.98012715606141543,1.0955005541028737,0.043992240427104604,1.0147451705015114,24681357,canonical-shear-friction-v0.8.1
140060047dc34121e29a8f4723ef3a4b3895239cd6f1bd9428c251033632aa77,ESM,EMSC-20161030_0000029,IT.CNE..HGE.D.EMSC-20161030_0000029.ACC.MB.ASC,training,6,nominal,true,1,1,0.050000000000000003,1,24681357,canonical-shear-friction-v0.8.1
9de89fd5054c995b1b1a0ad56cba3e798d5635add48aae4b611e49616962bc46,ESM,EMSC-20161030_0000029,IT.CNE..HGE.D.EMSC-20161030_0000029.ACC.MB.ASC,training,6,lhs-1,false,1.055345003920092,0.91186441049273859,0.058766975947465362,1.0991779467262428,24681357,canonical-shear-friction-v0.8.1
2c91b45fdad043aeacb74750f39bfff293ab99b4ea90f94aa1281111140db7c9,ESM,EMSC-20161030_0000029,IT.CNE..HGE.D.EMSC-20161030_0000029.ACC.MB.ASC,training,6,lhs-2,false,0.93530801801650687,0.953478937041492,0.050077687460435838,0.94748395915337158,24681357,canonical-shear-friction-v0.8.1
3e154151ebf03300fe1c870835ffea9f3af7606e060cb2093ce2c7380694e9fd,ESM,EMSC-20161030_0000029,IT.CNE..HGE.D.EMSC-20161030_0000029.ACC.MB.ASC,training,6,lhs-3,false,0.98012715606141543,1.0955005541028737,0.043992240427104604,1.0147451705015114,24681357,canonical-shear-friction-v0.8.1
3a3125e002ae237272de800606cc2876633bcf627ac99cf05615d02d96018c04,ESM,EMSC-20161030_0000029,IT.CNE..HGE.D.EMSC-20161030_0000029.ACC.MB.ASC,training,10,nominal,true,1,1,0.050000000000000003,1,24681357,canonical-shear-friction-v0.8.1
8637422e02d25ead6327a031d07ab9d1f5bfd4a470ca65dafedac297b4ceb57c,ESM,EMSC-20161030_0000029,IT.CNE..HGE.D.EMSC-20161030_0000029.ACC.MB.ASC,training,10,lhs-1,false,1.055345003920092,0.91186441049273859,0.058766975947465362,1.0991779467262428,24681357,canonical-shear-friction-v0.8.1
4b0f11b9c0680c160214656a12c17d57c02cf04565b8ce90172ba77864b9f44c,ESM,EMSC-20161030_0000029,IT.CNE..HGE.D.EMSC-20161030_0000029.ACC.MB.ASC,training,10,lhs-2,false,0.93530801801650687,0.953478937041492,0.050077687460435838,0.94748395915337158,24681357,canonical-shear-friction-v0.8.1
22f95018c47d4bacea79787301337b5a88443e8393be70daa99dc36979b07817,ESM,EMSC-20161030_0000029,IT.CNE..HGE.D.EMSC-20161030_0000029.ACC.MB.ASC,training,10,lhs-3,false,0.98012715606141543,1.0955005541028737,0.043992240427104604,1.0147451705015114,24681357,canonical-shear-friction-v0.8.1
fa0391e40f5f15dd3eb8a6323793d89ef1950cede0c101803c4b2f682f0a2edb,ESM,EMSC-20161030_0000029,IT.CNE..HGE.D.EMSC-20161030_0000029.ACC.MB.ASC,training,20,nominal,true,1,1,0.050000000000000003,1,24681357,canonical-shear-friction-v0.8.1
e88cbdf206b4e0fe4f275e3099ee97f7a67cf01cfdf45c15ab085b62721c11fb,ESM,EMSC-20161030_0000029,IT.CNE..HGE.D.EMSC-20161030_0000029.ACC.MB.ASC,training,20,lhs-1,false,1.055345003920092,0.91186441049273859,0.058766975947465362,1.0991779467262428,24681357,canonical-shear-friction-v0.8.1
1393cf146b40c9d2e033c268aa9bde9d817865da56703862ab0549344302dd1c,ESM,EMSC-20161030_0000029,IT.CNE..HGE.D.EMSC-20161030_0000029.ACC.MB.ASC,training,20,lhs-2,false,0.93530801801650687,0.953478937041492,0.050077687460435838,0.94748395915337158,24681357,canonical-shear-friction-v0.8.1
4f8828047bfc4f4d9ac10d5889c0e1c893f8683b3e920001a30faf160c602154,ESM,EMSC-20161030_0000029,IT.CNE..HGE.D.EMSC-20161030_0000029.ACC.MB.ASC,training,20,lhs-3,false,0.98012715606141543,1.0955005541028737,0.043992240427104604,1.0147451705015114,24681357,canonical-shear-friction-v0.8.1
de9bf78e0e06d1f08a4a4031b27c0c6119d10165b6c3c75e1ce2f7aff495c723,ESM,EMSC-20161030_0000029,IT.NCR..HGN.D.EMSC-20161030_0000029.ACC.MP.ASC,training,3,nominal,true,1,1,0.050000000000000003,1,24681357,canonical-shear-friction-v0.8.1
c49827e89b67e2415addd6487d0410dd7c130f90b45368a88633875930852cac,ESM,EMSC-20161030_0000029,IT.NCR..HGN.D.EMSC-20161030_0000029.ACC.MP.ASC,training,3,lhs-1,false,1.055345003920092,0.91186441049273859,0.058766975947465362,1.0991779467262428,24681357,canonical-shear-friction-v0.8.1
303ab4d4d944313a400962f6866427bff4c91e733a2653c1785a1affb8890d03,ESM,EMSC-20161030_0000029,IT.NCR..HGN.D.EMSC-20161030_0000029.ACC.MP.ASC,training,3,lhs-2,false,0.93530801801650687,0.953478937041492,0.050077687460435838,0.94748395915337158,24681357,canonical-shear-friction-v0.8.1
8005ff79b11bbcf45086e9e03e4a456cb3074e84db22a7565860831be18e8594,ESM,EMSC-20161030_0000029,IT.NCR..HGN.D.EMSC-20161030_0000029.ACC.MP.ASC,training,3,lhs-3,false,0.98012715606141543,1.0955005541028737,0.043992240427104604,1.0147451705015114,24681357,canonical-shear-friction-v0.8.1
8392a47d7216955c8ae0f77ec0551ad1d267104a6fd7d09dcb70374f4aafbc5b,ESM,EMSC-20161030_0000029,IT.NCR..HGN.D.EMSC-20161030_0000029.ACC.MP.ASC,training,6,nominal,true,1,1,0.050000000000000003,1,24681357,canonical-shear-friction-v0.8.1
127a9301479a14b626ec5b1a57e7e3e68a8266f3f86f09eca5dfd1ca6fdbaf43,ESM,EMSC-20161030_0000029,IT.NCR..HGN.D.EMSC-20161030_0000029.ACC.MP.ASC,training,6,lhs-1,false,1.055345003920092,0.91186441049273859,0.058766975947465362,1.0991779467262428,24681357,canonical-shear-friction-v0.8.1
a16bc4220116d3f22d1e7017955bf43a3792f8c9cfd70cab180fa86e422ba978,ESM,EMSC-20161030_0000029,IT.NCR..HGN.D.EMSC-20161030_0000029.ACC.MP.ASC,training,6,lhs-2,false,0.93530801801650687,0.953478937041492,0.050077687460435838,0.94748395915337158,24681357,canonical-shear-friction-v0.8.1
87b29f6461a2d4b28a437e0a389ba9f74e86916f55aaeb447deafa4c301e195c,ESM,EMSC-20161030_0000029,IT.NCR..HGN.D.EMSC-20161030_0000029.ACC.MP.ASC,training,6,lhs-3,false,0.98012715606141543,1.0955005541028737,0.043992240427104604,1.0147451705015114,24681357,canonical-shear-friction-v0.8.1
01754935b6d6497ba64e63bfb09ee05249c8a234c976ffccb8b6969c8997b1b1,ESM,EMSC-20161030_0000029,IT.NCR..HGN.D.EMSC-20161030_0000029.ACC.MP.ASC,training,10,nominal,true,1,1,0.050000000000000003,1,24681357,canonical-shear-friction-v0.8.1
cf81c2961f4464b2bc3abb44af03345e1c1be05a6895c610a6a64803f835eb2c,ESM,EMSC-20161030_0000029,IT.NCR..HGN.D.EMSC-20161030_0000029.ACC.MP.ASC,training,10,lhs-1,false,1.055345003920092,0.91186441049273859,0.058766975947465362,1.0991779467262428,24681357,canonical-shear-friction-v0.8.1
c62a4e4f6b141410a7941251da87ed50af5e2506c70e8b1a3858b31db6cdd031,ESM,EMSC-20161030_0000029,IT.NCR..HGN.D.EMSC-20161030_0000029.ACC.MP.ASC,training,10,lhs-2,false,0.93530801801650687,0.953478937041492,0.050077687460435838,0.94748395915337158,24681357,canonical-shear-friction-v0.8.1
2bc01c7352ef4c83c45368e05657bfffc2b49540f7c5ddd8e207c652f1c9e8b1,ESM,EMSC-20161030_0000029,IT.NCR..HGN.D.EMSC-20161030_0000029.ACC.MP.ASC,training,10,lhs-3,false,0.98012715606141543,1.0955005541028737,0.043992240427104604,1.0147451705015114,24681357,canonical-shear-friction-v0.8.1
fa92cd8256e907086f07a56c0ff54fff2754666ef6a1260b2db768d80236c638,ESM,EMSC-20161030_0000029,IT.NCR..HGN.D.EMSC-20161030_0000029.ACC.MP.ASC,training,20,nominal,true,1,1,0.050000000000000003,1,24681357,canonical-shear-friction-v0.8.1
bf9b81c0422f093598767bc9d81a79e99701047c467e7ac70e1dfc397aac5591,ESM,EMSC-20161030_0000029,IT.NCR..HGN.D.EMSC-20161030_0000029.ACC.MP.ASC,training,20,lhs-1,false,1.055345003920092,0.91186441049273859,0.058766975947465362,1.0991779467262428,24681357,canonical-shear-friction-v0.8.1
1b99e077fd4a0a2a925db89ed39c671ea5dfa58f9f87729a26f99a158129a133,ESM,EMSC-20161030_0000029,IT.NCR..HGN.D.EMSC-20161030_0000029.ACC.MP.ASC,training,20,lhs-2,false,0.93530801801650687,0.953478937041492,0.050077687460435838,0.94748395915337158,24681357,canonical-shear-friction-v0.8.1
bdd272dc0dd9ecc825e3b12b6fa17a6f6f6bf28772e57f094a17b685726a4d1e,ESM,EMSC-20161030_0000029,IT.NCR..HGN.D.EMSC-20161030_0000029.ACC.MP.ASC,training,20,lhs-3,false,0.98012715606141543,1.0955005541028737,0.043992240427104604,1.0147451705015114,24681357,canonical-shear-friction-v0.8.1
341c43500e93c53537effcec413a74e8c754279dde1977498041ecfaefe81b0c,ESM,EMSC-20161030_0000029,IT.AMT..HGE.D.EMSC-20161030_0000029.ACC.MP.ASC,training,3,nominal,true,1,1,0.050000000000000003,1,24681357,canonical-shear-friction-v0.8.1
a09938b6c6e9c6b1faf01a18b8678a2d26d745252e9742b6ae14aaf60edf61dd,ESM,EMSC-20161030_0000029,IT.AMT..HGE.D.EMSC-20161030_0000029.ACC.MP.ASC,training,3,lhs-1,false,1.055345003920092,0.91186441049273859,0.058766975947465362,1.0991779467262428,24681357,canonical-shear-friction-v0.8.1
1841e96541493aa90074735e492ea766804ab50554166ec2b39faf921a80672a,ESM,EMSC-20161030_0000029,IT.AMT..HGE.D.EMSC-20161030_0000029.ACC.MP.ASC,training,3,lhs-2,false,0.93530801801650687,0.953478937041492,0.050077687460435838,0.94748395915337158,24681357,canonical-shear-friction-v0.8.1
87c573b862b42731494dc6e5fa5d7e7c2e1301becb572859b314904751bf68f9,ESM,EMSC-20161030_0000029,IT.AMT..HGE.D.EMSC-20161030_0000029.ACC.MP.ASC,training,3,lhs-3,false,0.98012715606141543,1.0955005541028737,0.043992240427104604,1.0147451705015114,24681357,canonical-shear-friction-v0.8.1
c228a69726cca3d639e74adf576687cee9bf7ad8872d84c9ed284d5c4bf36be0,ESM,EMSC-20161030_0000029,IT.AMT..HGE.D.EMSC-20161030_0000029.ACC.MP.ASC,training,6,nominal,true,1,1,0.050000000000000003,1,24681357,canonical-shear-friction-v0.8.1
bc779996852d6c0f2a78bbd4e564807acd561b56b66a9886f42266c99a14fe6a,ESM,EMSC-20161030_0000029,IT.AMT..HGE.D.EMSC-20161030_0000029.ACC.MP.ASC,training,6,lhs-1,false,1.055345003920092,0.91186441049273859,0.058766975947465362,1.0991779467262428,24681357,canonical-shear-friction-v0.8.1
7702e9cc9bac559a59d6e6a75abb6efb576d859c3fd06f02f93a7d39d9f2b7ef,ESM,EMSC-20161030_0000029,IT.AMT..HGE.D.EMSC-20161030_0000029.ACC.MP.ASC,training,6,lhs-2,false,0.93530801801650687,0.953478937041492,0.050077687460435838,0.94748395915337158,24681357,canonical-shear-friction-v0.8.1
48fd6db54a85290529f822700714bdcf6cb57a322ff8a7edf1de1e6ec0b61849,ESM,EMSC-20161030_0000029,IT.AMT..HGE.D.EMSC-20161030_0000029.ACC.MP.ASC,training,6,lhs-3,false,0.98012715606141543,1.0955005541028737,0.043992240427104604,1.0147451705015114,24681357,canonical-shear-friction-v0.8.1
cb346be0515b10b27a4c7c2bb4144d4032d023871c55267093f8537f34fd8f6d,ESM,EMSC-20161030_0000029,IT.AMT..HGE.D.EMSC-20161030_0000029.ACC.MP.ASC,training,10,nominal,true,1,1,0.050000000000000003,1,24681357,canonical-shear-friction-v0.8.1
ca68e73bf6b4abfa9f2e9cc1d199b25d0cd3abe324b8341bb35eb1ba01cfcbc9,ESM,EMSC-20161030_0000029,IT.AMT..HGE.D.EMSC-20161030_0000029.ACC.MP.ASC,training,10,lhs-1,false,1.055345003920092,0.91186441049273859,0.058766975947465362,1.0991779467262428,24681357,canonical-shear-friction-v0.8.1
fdf97dabdaf84f636b6496b050bbdd335b085a0ec1449944be49c129c7bd4336,ESM,EMSC-20161030_0000029,IT.AMT..HGE.D.EMSC-20161030_0000029.ACC.MP.ASC,training,10,lhs-2,false,0.93530801801650687,0.953478937041492,0.050077687460435838,0.94748395915337158,24681357,canonical-shear-friction-v0.8.1
714931d9dbe8c8b295d74d3e63938205dbd57a1bf929e676d6602d52fea78565,ESM,EMSC-20161030_0000029,IT.AMT..HGE.D.EMSC-20161030_0000029.ACC.MP.ASC,training,10,lhs-3,false,0.98012715606141543,1.0955005541028737,0.043992240427104604,1.0147451705015114,24681357,canonical-shear-friction-v0.8.1
a9695a3980868fabd7548efff54a26baed55cd52c4f3527d2879881fd5ee11f9,ESM,EMSC-20161030_0000029,IT.AMT..HGE.D.EMSC-20161030_0000029.ACC.MP.ASC,training,20,nominal,true,1,1,0.050000000000000003,1,24681357,canonical-shear-friction-v0.8.1
4338e13e58f7a33c4e28a707055cf11f072ccec9a9d902775f00fc8f91306f71,ESM,EMSC-20161030_0000029,IT.AMT..HGE.D.EMSC-20161030_0000029.ACC.MP.ASC,training,20,lhs-1,false,1.055345003920092,0.91186441049273859,0.058766975947465362,1.0991779467262428,24681357,canonical-shear-friction-v0.8.1
2d32b42e45b7de8e4905cb146049ab8fa976afac633f4474b3c758be9ab2c486,ESM,EMSC-20161030_0000029,IT.AMT..HGE.D.EMSC-20161030_0000029.ACC.MP.ASC,training,20,lhs-2,false,0.93530801801650687,0.953478937041492,0.050077687460435838,0.94748395915337158,24681357,canonical-shear-friction-v0.8.1
5efab0f66c930a0b7eb2bc5f48080be43dea3547c6397ddafa917e0b9baebe0b,ESM,EMSC-20161030_0000029,IT.AMT..HGE.D.EMSC-20161030_0000029.ACC.MP.ASC,training,20,lhs-3,false,0.98012715606141543,1.0955005541028737,0.043992240427104604,1.0147451705015114,24681357,canonical-shear-friction-v0.8.1
e22b811dbbb1adf6c6f49db01203ec470fd0d5b023788f7c957f888178b20b2a,ESM,EMSC-20161030_0000029,IT.PRE..HGE.D.EMSC-20161030_0000029.ACC.MB.ASC,training,3,nominal,true,1,1,0.050000000000000003,1,24681357,canonical-shear-friction-v0.8.1
7ea3b1f3ee0c88f847f4ec6d5c4237489c9bb001a6d5b2b8d2e14e8acbec657f,ESM,EMSC-20161030_0000029,IT.PRE..HGE.D.EMSC-20161030_0000029.ACC.MB.ASC,training,3,lhs-1,false,1.055345003920092,0.91186441049273859,0.058766975947465362,1.0991779467262428,24681357,canonical-shear-friction-v0.8.1
0e390adea89ef430395ee7a3e5834f7eddaa9d0191662e900d945354693cb58e,ESM,EMSC-20161030_0000029,IT.PRE..HGE.D.EMSC-20161030_0000029.ACC.MB.ASC,training,3,lhs-2,false,0.93530801801650687,0.953478937041492,0.050077687460435838,0.94748395915337158,24681357,canonical-shear-friction-v0.8.1
35f9109c17c94a540e3620137665343d132012723ca0fe90883d19ce6ca5a60f,ESM,EMSC-20161030_0000029,IT.PRE..HGE.D.EMSC-20161030_0000029.ACC.MB.ASC,training,3,lhs-3,false,0.98012715606141543,1.0955005541028737,0.043992240427104604,1.0147451705015114,24681357,canonical-shear-friction-v0.8.1
7db458e670f74f75f9c3ddbdb97b9f0791bd15c43ca9ca749e50581dba7d691c,ESM,EMSC-20161030_0000029,IT.PRE..HGE.D.EMSC-20161030_0000029.ACC.MB.ASC,training,6,nominal,true,1,1,0.050000000000000003,1,24681357,canonical-shear-friction-v0.8.1
0a9bc285154740ac5a2ac94767634b03812a2ea53b196ed97fcadd9f3df54820,ESM,EMSC-20161030_0000029,IT.PRE..HGE.D.EMSC-20161030_0000029.ACC.MB.ASC,training,6,lhs-1,false,1.055345003920092,0.91186441049273859,0.058766975947465362,1.0991779467262428,24681357,canonical-shear-friction-v0.8.1
73ada978e1d7effb083f98e87e7fa158a1907fd01917497c5346d10e5001f142,ESM,EMSC-20161030_0000029,IT.PRE..HGE.D.EMSC-20161030_0000029.ACC.MB.ASC,training,6,lhs-2,false,0.93530801801650687,0.953478937041492,0.050077687460435838,0.94748395915337158,24681357,canonical-shear-friction-v0.8.1
bca242cd8980a3027bbce44f0fe027f777f243b17a3f4ecaac4ae423437f2279,ESM,EMSC-20161030_0000029,IT.PRE..HGE.D.EMSC-20161030_0000029.ACC.MB.ASC,training,6,lhs-3,false,0.98012715606141543,1.0955005541028737,0.043992240427104604,1.0147451705015114,24681357,canonical-shear-friction-v0.8.1
ab22782e21b94999755629e0c32aa2367ae5d6d6f36cc9499ea1c8f7856cf583,ESM,EMSC-20161030_0000029,IT.PRE..HGE.D.EMSC-20161030_0000029.ACC.MB.ASC,training,10,nominal,true,1,1,0.050000000000000003,1,24681357,canonical-shear-friction-v0.8.1
586c45deb96ef918443f8018a4ba56d6e18904921547596de88334b18ca20946,ESM,EMSC-20161030_0000029,IT.PRE..HGE.D.EMSC-20161030_0000029.ACC.MB.ASC,training,10,lhs-1,false,1.055345003920092,0.91186441049273859,0.058766975947465362,1.0991779467262428,24681357,canonical-shear-friction-v0.8.1
11562b55e1f56aaec01d5ecd8ed34ca2bed57c0058b0084c59a66950e17cfe6e,ESM,EMSC-20161030_0000029,IT.PRE..HGE.D.EMSC-20161030_0000029.ACC.MB.ASC,training,10,lhs-2,false,0.93530801801650687,0.953478937041492,0.050077687460435838,0.94748395915337158,24681357,canonical-shear-friction-v0.8.1
8e9beb32d9dc066e74055e7c36590ffc5b93e07252d479eb2c25152044bedd92,ESM,EMSC-20161030_0000029,IT.PRE..HGE.D.EMSC-20161030_0000029.ACC.MB.ASC,training,10,lhs-3,false,0.98012715606141543,1.0955005541028737,0.043992240427104604,1.0147451705015114,24681357,canonical-shear-friction-v0.8.1
99abb1bc821b31fac099a50b534d066bd8299a72c48801277ee5ef7e550e2701,ESM,EMSC-20161030_0000029,IT.PRE..HGE.D.EMSC-20161030_0000029.ACC.MB.ASC,training,20,nominal,true,1,1,0.050000000000000003,1,24681357,canonical-shear-friction-v0.8.1
8c965992b5185bf14317c6d71405bb9492fcf74b38574b7647a083a990710388,ESM,EMSC-20161030_0000029,IT.PRE..HGE.D.EMSC-20161030_0000029.ACC.MB.ASC,training,20,lhs-1,false,1.055345003920092,0.91186441049273859,0.058766975947465362,1.0991779467262428,24681357,canonical-shear-friction-v0.8.1
4c44116111fa2eb52f3334d44d2b821c2d05b4e2b70ca500b8dbaff7109c8d14,ESM,EMSC-20161030_0000029,IT.PRE..HGE.D.EMSC-20161030_0000029.ACC.MB.ASC,training,20,lhs-2,false,0.93530801801650687,0.953478937041492,0.050077687460435838,0.94748395915337158,24681357,canonical-shear-friction-v0.8.1
80e2754dda4375a52bc6e9c40fdb5b7a47236caa5207021ffee99df5756e9497,ESM,EMSC-20161030_0000029,IT.PRE..HGE.D.EMSC-20161030_0000029.ACC.MB.ASC,training,20,lhs-3,false,0.98012715606141543,1.0955005541028737,0.043992240427104604,1.0147451705015114,24681357,canonical-shear-friction-v0.8.1
a0268272b0b2f7b6bbea6cbbba4d1bc4568b4d91f8c7e1b5914123c1971f210e,ESM,IT-1997-0124,IT.NCR2..HNN.D.IT-1997-0124.ACC.MP.ASC,validation,3,nominal,true,1,1,0.050000000000000003,1,24681357,canonical-shear-friction-v0.8.1
c31418a7332ebbf86e2a2d1fd45fbf470cdc31052604924f9497e4e8e9c8f467,ESM,IT-1997-0124,IT.NCR2..HNN.D.IT-1997-0124.ACC.MP.ASC,validation,3,lhs-1,false,1.055345003920092,0.91186441049273859,0.058766975947465362,1.0991779467262428,24681357,canonical-shear-friction-v0.8.1
b39ba569701c070bbb70e586c848a895a985610108a9d1891a5624ec5885b98b,ESM,IT-1997-0124,IT.NCR2..HNN.D.IT-1997-0124.ACC.MP.ASC,validation,3,lhs-2,false,0.93530801801650687,0.953478937041492,0.050077687460435838,0.94748395915337158,24681357,canonical-shear-friction-v0.8.1
cb931ee979b8c700f9153ed45f78cde08c4398b2f31abb9a7e6c9f84751d8502,ESM,IT-1997-0124,IT.NCR2..HNN.D.IT-1997-0124.ACC.MP.ASC,validation,3,lhs-3,false,0.98012715606141543,1.0955005541028737,0.043992240427104604,1.0147451705015114,24681357,canonical-shear-friction-v0.8.1
ea0e823ea015cfa47620d67090977224a78fc175c49db4b31a6cb7c3596a927e,ESM,IT-1997-0124,IT.NCR2..HNN.D.IT-1997-0124.ACC.MP.ASC,validation,6,nominal,true,1,1,0.050000000000000003,1,24681357,canonical-shear-friction-v0.8.1
9b7e3b72ac9f028d11a95eeb7d3f3a1b6dacefb7c2e8eeec00e19147248f7f0e,ESM,IT-1997-0124,IT.NCR2..HNN.D.IT-1997-0124.ACC.MP.ASC,validation,6,lhs-1,false,1.055345003920092,0.91186441049273859,0.058766975947465362,1.0991779467262428,24681357,canonical-shear-friction-v0.8.1
e5ed2e4de7bcfeab8525b2396bb85d09bd62d69e2c85edf8f8ea19f32cbca68f,ESM,IT-1997-0124,IT.NCR2..HNN.D.IT-1997-0124.ACC.MP.ASC,validation,6,lhs-2,false,0.93530801801650687,0.953478937041492,0.050077687460435838,0.94748395915337158,24681357,canonical-shear-friction-v0.8.1
1fbb9cb6129bc2e971e5c80199c2d4c56bf9f700a117b48908c37058651dc2f9,ESM,IT-1997-0124,IT.NCR2..HNN.D.IT-1997-0124.ACC.MP.ASC,validation,6,lhs-3,false,0.98012715606141543,1.0955005541028737,0.043992240427104604,1.0147451705015114,24681357,canonical-shear-friction-v0.8.1
00e758a322a58182b39e119835aee63b9bb767e4e0105a65de19db8e72656673,ESM,IT-1997-0124,IT.NCR2..HNN.D.IT-1997-0124.ACC.MP.ASC,validation,10,nominal,true,1,1,0.050000000000000003,1,24681357,canonical-shear-friction-v0.8.1
a0c5e5a0a768a12d6f45b2219ddd9631ca475199a9ef60247bd50203d2851217,ESM,IT-1997-0124,IT.NCR2..HNN.D.IT-1997-0124.ACC.MP.ASC,validation,10,lhs-1,false,1.055345003920092,0.91186441049273859,0.058766975947465362,1.0991779467262428,24681357,canonical-shear-friction-v0.8.1
b8b5e2234078e1bcc1674cd633233adca3e91b865d2dc07199552f4d027ac961,ESM,IT-1997-0124,IT.NCR2..HNN.D.IT-1997-0124.ACC.MP.ASC,validation,10,lhs-2,false,0.93530801801650687,0.953478937041492,0.050077687460435838,0.94748395915337158,24681357,canonical-shear-friction-v0.8.1
3c14a9d93fbd59b13b6fcbc4517ddb694c22d5abb0c437f88c8d9b8acee2e2f5,ESM,IT-1997-0124,IT.NCR2..HNN.D.IT-1997-0124.ACC.MP.ASC,validation,10,lhs-3,false,0.98012715606141543,1.0955005541028737,0.043992240427104604,1.0147451705015114,24681357,canonical-shear-friction-v0.8.1
2752e1201d08280bebcbbc69478ac895d8c1fd51d9ac04ff2c808a3f774d2b28,ESM,IT-1997-0124,IT.NCR2..HNN.D.IT-1997-0124.ACC.MP.ASC,validation,20,nominal,true,1,1,0.050000000000000003,1,24681357,canonical-shear-friction-v0.8.1
bdb72dc882463a3fc7b0892a59ca0b1a91a2b48f34f2d8ca0fcf16e8632842bc,ESM,IT-1997-0124,IT.NCR2..HNN.D.IT-1997-0124.ACC.MP.ASC,validation,20,lhs-1,false,1.055345003920092,0.91186441049273859,0.058766975947465362,1.0991779467262428,24681357,canonical-shear-friction-v0.8.1
546d7e397bc7997583c9f7832acd2a1fb03002128a15174510ed0828d61bac3a,ESM,IT-1997-0124,IT.NCR2..HNN.D.IT-1997-0124.ACC.MP.ASC,validation,20,lhs-2,false,0.93530801801650687,0.953478937041492,0.050077687460435838,0.94748395915337158,24681357,canonical-shear-friction-v0.8.1
35b97069e079c2a1fa039dadfd47083e53fdd56a026012c00a2a6a38029f5c68,ESM,IT-1997-0124,IT.NCR2..HNN.D.IT-1997-0124.ACC.MP.ASC,validation,20,lhs-3,false,0.98012715606141543,1.0955005541028737,0.043992240427104604,1.0147451705015114,24681357,canonical-shear-friction-v0.8.1
8918aee0ee5c15ec2835a7ba7990a0ef14167437c8944cf335aacdd3b7ab4ef1,ESM,IT-1997-0124,IT.NCR..HNE.D.IT-1997-0124.ACC.MP.ASC,validation,3,nominal,true,1,1,0.050000000000000003,1,24681357,canonical-shear-friction-v0.8.1
2876f8efc0a0b379e509c996687455e42ad87ad84452868447fee1224e89f500,ESM,IT-1997-0124,IT.NCR..HNE.D.IT-1997-0124.ACC.MP.ASC,validation,3,lhs-1,false,1.055345003920092,0.91186441049273859,0.058766975947465362,1.0991779467262428,24681357,canonical-shear-friction-v0.8.1
155013d667b9e0f07816984b65f47391dac1d48e9ace56f390f2778143db04e7,ESM,IT-1997-0124,IT.NCR..HNE.D.IT-1997-0124.ACC.MP.ASC,validation,3,lhs-2,false,0.93530801801650687,0.953478937041492,0.050077687460435838,0.94748395915337158,24681357,canonical-shear-friction-v0.8.1
1b5396399d525b081357b440ea68e0f4982374bd067d08f323ccc6b32b05a82c,ESM,IT-1997-0124,IT.NCR..HNE.D.IT-1997-0124.ACC.MP.ASC,validation,3,lhs-3,false,0.98012715606141543,1.0955005541028737,0.043992240427104604,1.0147451705015114,24681357,canonical-shear-friction-v0.8.1
af58d27810cd0e4af8ca61d8dc37dcf90064d7b931106d56afc3067b1cc7cc80,ESM,IT-1997-0124,IT.NCR..HNE.D.IT-1997-0124.ACC.MP.ASC,validation,6,nominal,true,1,1,0.050000000000000003,1,24681357,canonical-shear-friction-v0.8.1
3a6856295fe35e5a41b35119bdde2ec8d5450fd59584363991acb1b5395c0209,ESM,IT-1997-0124,IT.NCR..HNE.D.IT-1997-0124.ACC.MP.ASC,validation,6,lhs-1,false,1.055345003920092,0.91186441049273859,0.058766975947465362,1.0991779467262428,24681357,canonical-shear-friction-v0.8.1
f83ee8f9d91ce8eb9cf8a06c3cf3560b758e2ecee4f31387404496f9b33a8047,ESM,IT-1997-0124,IT.NCR..HNE.D.IT-1997-0124.ACC.MP.ASC,validation,6,lhs-2,false,0.93530801801650687,0.953478937041492,0.050077687460435838,0.94748395915337158,24681357,canonical-shear-friction-v0.8.1
77738bcfd5f67956e26ad741e2263b3cc0329104ae25dcd9438d8b018c8915b7,ESM,IT-1997-0124,IT.NCR..HNE.D.IT-1997-0124.ACC.MP.ASC,validation,6,lhs-3,false,0.98012715606141543,1.0955005541028737,0.043992240427104604,1.0147451705015114,24681357,canonical-shear-friction-v0.8.1
611a7052aeba798003e1bcaab113fe8f7f18bc3a3591dacf953d1dfff16da771,ESM,IT-1997-0124,IT.NCR..HNE.D.IT-1997-0124.ACC.MP.ASC,validation,10,nominal,true,1,1,0.050000000000000003,1,24681357,canonical-shear-friction-v0.8.1
c51365d40ae72bcbf941a210515d9b453f7d2cdf4bf2e96dd270d770c9b09fce,ESM,IT-1997-0124,IT.NCR..HNE.D.IT-1997-0124.ACC.MP.ASC,validation,10,lhs-1,false,1.055345003920092,0.91186441049273859,0.058766975947465362,1.0991779467262428,24681357,canonical-shear-friction-v0.8.1
15ea8589be0186caa51e175b97ee49a00bde6d1243e0905ccaf8dde3a6307a5b,ESM,IT-1997-0124,IT.NCR..HNE.D.IT-1997-0124.ACC.MP.ASC,validation,10,lhs-2,false,0.93530801801650687,0.953478937041492,0.050077687460435838,0.94748395915337158,24681357,canonical-shear-friction-v0.8.1
3bf3d83556a46eacc1e1eb3cac536f538d7ba457c86fd566ace7b21cc33aa279,ESM,IT-1997-0124,IT.NCR..HNE.D.IT-1997-0124.ACC.MP.ASC,validation,10,lhs-3,false,0.98012715606141543,1.0955005541028737,0.043992240427104604,1.0147451705015114,24681357,canonical-shear-friction-v0.8.1
da9ce86c7348a0799b5c0b2096fe2c27e09126e95d3ebe00d46499ee89a14e0f,ESM,IT-1997-0124,IT.NCR..HNE.D.IT-1997-0124.ACC.MP.ASC,validation,20,nominal,true,1,1,0.050000000000000003,1,24681357,canonical-shear-friction-v0.8.1
b3f3e99fe33bf512085952691d4a010c0970ebecf33ce5bd62e16b08eff6b5b0,ESM,IT-1997-0124,IT.NCR..HNE.D.IT-1997-0124.ACC.MP.ASC,validation,20,lhs-1,false,1.055345003920092,0.91186441049273859,0.058766975947465362,1.0991779467262428,24681357,canonical-shear-friction-v0.8.1
b3ebb9bbc64ba6c3aa94bf00f2fd2d8b72a4bd1c08698f617830b178974c070a,ESM,IT-1997-0124,IT.NCR..HNE.D.IT-1997-0124.ACC.MP.ASC,validation,20,lhs-2,false,0.93530801801650687,0.953478937041492,0.050077687460435838,0.94748395915337158,24681357,canonical-shear-friction-v0.8.1
467d8c21aad83c4e2f5c978139571312d2d6692ec8a15fbb56edd1f83be3b30f,ESM,IT-1997-0124,IT.NCR..HNE.D.IT-1997-0124.ACC.MP.ASC,validation,20,lhs-3,false,0.98012715606141543,1.0955005541028737,0.043992240427104604,1.0147451705015114,24681357,canonical-shear-friction-v0.8.1
9b59923caa64dfba0569633c954fea15845a0ce3b4f7b84008b8e1b93065922b,ESM,IT-1997-0124,IT.NCR..HNN.D.IT-1997-0124.ACC.MP.ASC,validation,3,nominal,true,1,1,0.050000000000000003,1,24681357,canonical-shear-friction-v0.8.1
d9817fb68180315240e7066e130d12ba6c6e18ce26a123e520fc8ad046d7fa36,ESM,IT-1997-0124,IT.NCR..HNN.D.IT-1997-0124.ACC.MP.ASC,validation,3,lhs-1,false,1.055345003920092,0.91186441049273859,0.058766975947465362,1.0991779467262428,24681357,canonical-shear-friction-v0.8.1
152004cc9941a811b59834dff8b5fc17a35690f6a9b5a22f8e78aafdb2e33cd0,ESM,IT-1997-0124,IT.NCR..HNN.D.IT-1997-0124.ACC.MP.ASC,validation,3,lhs-2,false,0.93530801801650687,0.953478937041492,0.050077687460435838,0.94748395915337158,24681357,canonical-shear-friction-v0.8.1
19de07d41987f7660064ca8c1ff8c5b460dfe09eec5fb890b2b770f22e645eec,ESM,IT-1997-0124,IT.NCR..HNN.D.IT-1997-0124.ACC.MP.ASC,validation,3,lhs-3,false,0.98012715606141543,1.0955005541028737,0.043992240427104604,1.0147451705015114,24681357,canonical-shear-friction-v0.8.1
f1c54f0dad065030ad4a0f87129b4a62ac129410fad409d87dd0cdafb7c7a502,ESM,IT-1997-0124,IT.NCR..HNN.D.IT-1997-0124.ACC.MP.ASC,validation,6,nominal,true,1,1,0.050000000000000003,1,24681357,canonical-shear-friction-v0.8.1
c7d9f8741b28e38a18ba1a33f2b4fd703608ed118d5ef00f629e54ed25135e80,ESM,IT-1997-0124,IT.NCR..HNN.D.IT-1997-0124.ACC.MP.ASC,validation,6,lhs-1,false,1.055345003920092,0.91186441049273859,0.058766975947465362,1.0991779467262428,24681357,canonical-shear-friction-v0.8.1
e7263f7e4b7479237b22598c62c891dd8c34f2f9aac0424fd960a439ce66b480,ESM,IT-1997-0124,IT.NCR..HNN.D.IT-1997-0124.ACC.MP.ASC,validation,6,lhs-2,false,0.93530801801650687,0.953478937041492,0.050077687460435838,0.94748395915337158,24681357,canonical-shear-friction-v0.8.1
6092b35563afb2d3388161d3fb41a13ed9d74e34f5f2926482607a2d9d751bd9,ESM,IT-1997-0124,IT.NCR..HNN.D.IT-1997-0124.ACC.MP.ASC,validation,6,lhs-3,false,0.98012715606141543,1.0955005541028737,0.043992240427104604,1.0147451705015114,24681357,canonical-shear-friction-v0.8.1
ae57b4d64631ba0290eb781e8abc3b13eb2d400a49970886bacc395ee4830641,ESM,IT-1997-0124,IT.NCR..HNN.D.IT-1997-0124.ACC.MP.ASC,validation,10,nominal,true,1,1,0.050000000000000003,1,24681357,canonical-shear-friction-v0.8.1
5840b0bdd2014eed130f953db8a3f477397078ab6c33957445c16cbbb3fd9cbf,ESM,IT-1997-0124,IT.NCR..HNN.D.IT-1997-0124.ACC.MP.ASC,validation,10,lhs-1,false,1.055345003920092,0.91186441049273859,0.058766975947465362,1.0991779467262428,24681357,canonical-shear-friction-v0.8.1
d6acc8fc0f8f6587a1155503cd75daec761c103347094f32d69177f8d2f979e2,ESM,IT-1997-0124,IT.NCR..HNN.D.IT-1997-0124.ACC.MP.ASC,validation,10,lhs-2,false,0.93530801801650687,0.953478937041492,0.050077687460435838,0.94748395915337158,24681357,canonical-shear-friction-v0.8.1
a83e99ab3b0728a0e130a53fe72d7e309beca0555bb200738db4496fb3c95577,ESM,IT-1997-0124,IT.NCR..HNN.D.IT-1997-0124.ACC.MP.ASC,validation,10,lhs-3,false,0.98012715606141543,1.0955005541028737,0.043992240427104604,1.0147451705015114,24681357,canonical-shear-friction-v0.8.1
decf4d84ee64a27b4023cfe3fb46623b4e6c107738147c4c4a6ab086ff62cc69,ESM,IT-1997-0124,IT.NCR..HNN.D.IT-1997-0124.ACC.MP.ASC,validation,20,nominal,true,1,1,0.050000000000000003,1,24681357,canonical-shear-friction-v0.8.1
72b91a1b67e00765ec742651768886dd323f8e45f25bd4db822a7d288125c713,ESM,IT-1997-0124,IT.NCR..HNN.D.IT-1997-0124.ACC.MP.ASC,validation,20,lhs-1,false,1.055345003920092,0.91186441049273859,0.058766975947465362,1.0991779467262428,24681357,canonical-shear-friction-v0.8.1
e48ba902e7ce175fd354fa9cb90278b5029aaccad794bc2a0b76e0f78e38497c,ESM,IT-1997-0124,IT.NCR..HNN.D.IT-1997-0124.ACC.MP.ASC,validation,20,lhs-2,false,0.93530801801650687,0.953478937041492,0.050077687460435838,0.94748395915337158,24681357,canonical-shear-friction-v0.8.1
734ed8785fc3bcf6dd3689e512a805befe943dfb2f1316077a5a087bd406ca50,ESM,IT-1997-0124,IT.NCR..HNN.D.IT-1997-0124.ACC.MP.ASC,validation,20,lhs-3,false,0.98012715606141543,1.0955005541028737,0.043992240427104604,1.0147451705015114,24681357,canonical-shear-friction-v0.8.1
bf453f359eae369c7a37d30099eaac5e930f3e5ae9668e1166e35cf52a1913db,ESM,IT-1997-0124,IT.NCR2..HNE.D.IT-1997-0124.ACC.MP.ASC,validation,3,nominal,true,1,1,0.050000000000000003,1,24681357,canonical-shear-friction-v0.8.1
dfb1016248d8b4aa3516507691059726923d6b0a4ee48a3d3799d41fb965d85c,ESM,IT-1997-0124,IT.NCR2..HNE.D.IT-1997-0124.ACC.MP.ASC,validation,3,lhs-1,false,1.055345003920092,0.91186441049273859,0.058766975947465362,1.0991779467262428,24681357,canonical-shear-friction-v0.8.1
0a36f49c6567e12c7c4e6c34a286e9b421096532deb5e1c8e6af35e2bc143d46,ESM,IT-1997-0124,IT.NCR2..HNE.D.IT-1997-0124.ACC.MP.ASC,validation,3,lhs-2,false,0.93530801801650687,0.953478937041492,0.050077687460435838,0.94748395915337158,24681357,canonical-shear-friction-v0.8.1
6b5a39dcfe5e695701577936ab725c179ab80ca71d6de76667d5ef7d659b154a,ESM,IT-1997-0124,IT.NCR2..HNE.D.IT-1997-0124.ACC.MP.ASC,validation,3,lhs-3,false,0.98012715606141543,1.0955005541028737,0.043992240427104604,1.0147451705015114,24681357,canonical-shear-friction-v0.8.1
d0fb9d162565c4f85643e4a33ab2632927611c8fea94b2b0505f7121f603b466,ESM,IT-1997-0124,IT.NCR2..HNE.D.IT-1997-0124.ACC.MP.ASC,validation,6,nominal,true,1,1,0.050000000000000003,1,24681357,canonical-shear-friction-v0.8.1
e439e3f271327e5b80641e00730efd959d927ea4c441cbc898a029f3a9732db1,ESM,IT-1997-0124,IT.NCR2..HNE.D.IT-1997-0124.ACC.MP.ASC,validation,6,lhs-1,false,1.055345003920092,0.91186441049273859,0.058766975947465362,1.0991779467262428,24681357,canonical-shear-friction-v0.8.1
a1e73fc933a42e9122ed6d1e0a7448723c5b2c0563deb7e48eee2e4fe2b0c406,ESM,IT-1997-0124,IT.NCR2..HNE.D.IT-1997-0124.ACC.MP.ASC,validation,6,lhs-2,false,0.93530801801650687,0.953478937041492,0.050077687460435838,0.94748395915337158,24681357,canonical-shear-friction-v0.8.1
0df88905375878f3badfadba79194cbc7423a13fde4ea04d53ecf2f9b8eccd7f,ESM,IT-1997-0124,IT.NCR2..HNE.D.IT-1997-0124.ACC.MP.ASC,validation,6,lhs-3,false,0.98012715606141543,1.0955005541028737,0.043992240427104604,1.0147451705015114,24681357,canonical-shear-friction-v0.8.1
2dc14ffb05edd5752ee6280c14374f82a8f35b773ff496dc41ac04bb779b3c20,ESM,IT-1997-0124,IT.NCR2..HNE.D.IT-1997-0124.ACC.MP.ASC,validation,10,nominal,true,1,1,0.050000000000000003,1,24681357,canonical-shear-friction-v0.8.1
7f0d4a65b62a981d408fdd4599442158d0f6284b5f70534c97ccc45dc5d77b5a,ESM,IT-1997-0124,IT.NCR2..HNE.D.IT-1997-0124.ACC.MP.ASC,validation,10,lhs-1,false,1.055345003920092,0.91186441049273859,0.058766975947465362,1.0991779467262428,24681357,canonical-shear-friction-v0.8.1
3fdadada98910c8a2a3fd56e128fcce1f2c254e3aeba1d137812ec8abf3ea5c0,ESM,IT-1997-0124,IT.NCR2..HNE.D.IT-1997-0124.ACC.MP.ASC,validation,10,lhs-2,false,0.93530801801650687,0.953478937041492,0.050077687460435838,0.94748395915337158,24681357,canonical-shear-friction-v0.8.1
517017234130790fe5cd454f730cddfdfa3d9d890f9b642557d53db13a352eff,ESM,IT-1997-0124,IT.NCR2..HNE.D.IT-1997-0124.ACC.MP.ASC,validation,10,lhs-3,false,0.98012715606141543,1.0955005541028737,0.043992240427104604,1.0147451705015114,24681357,canonical-shear-friction-v0.8.1
6bbedaef1130fa89e065a28062b36dd64e7b6d3774b6dab398a56dc7d04e8b27,ESM,IT-1997-0124,IT.NCR2..HNE.D.IT-1997-0124.ACC.MP.ASC,validation,20,nominal,true,1,1,0.050000000000000003,1,24681357,canonical-shear-friction-v0.8.1
2291981b66a6d9edfdbdb79994c65787aa49e40207713b8dd5fb7278eec1d75b,ESM,IT-1997-0124,IT.NCR2..HNE.D.IT-1997-0124.ACC.MP.ASC,validation,20,lhs-1,false,1.055345003920092,0.91186441049273859,0.058766975947465362,1.0991779467262428,24681357,canonical-shear-friction-v0.8.1
20b4ac58e310abec6a07742c92f9675ac67a88c870a94bd4e95cb0e1d5f143cf,ESM,IT-1997-0124,IT.NCR2..HNE.D.IT-1997-0124.ACC.MP.ASC,validation,20,lhs-2,false,0.93530801801650687,0.953478937041492,0.050077687460435838,0.94748395915337158,24681357,canonical-shear-friction-v0.8.1
9748c0da96270c78a341e81e6863d588bd18d4c9ffdc1d6f5cd2bd220074dd6f,ESM,IT-1997-0124,IT.NCR2..HNE.D.IT-1997-0124.ACC.MP.ASC,validation,20,lhs-3,false,0.98012715606141543,1.0955005541028737,0.043992240427104604,1.0147451705015114,24681357,canonical-shear-friction-v0.8.1
efa177718aff2ec66b5b3c44ac56cb617468bd4ce26d2552aafb6175684641ba,ESM,IT-2012-0032,5G.T0814..HNE.D.IT-2012-0032.ACC.MP.ASC,validation,3,nominal,true,1,1,0.050000000000000003,1,24681357,canonical-shear-friction-v0.8.1
0f9be6ecfcef623fc7ea79a7bbe7dcfd4303d476735e3d1b165a38fe15c518dd,ESM,IT-2012-0032,5G.T0814..HNE.D.IT-2012-0032.ACC.MP.ASC,validation,3,lhs-1,false,1.055345003920092,0.91186441049273859,0.058766975947465362,1.0991779467262428,24681357,canonical-shear-friction-v0.8.1
2fc452b7c5810eeebd661c5af8b0e1c37954ec44d24f97ec938bc593d82c7f9e,ESM,IT-2012-0032,5G.T0814..HNE.D.IT-2012-0032.ACC.MP.ASC,validation,3,lhs-2,false,0.93530801801650687,0.953478937041492,0.050077687460435838,0.94748395915337158,24681357,canonical-shear-friction-v0.8.1
83c68b0ed015a580bf5df7924b489591affb53bdafe426066809164df7bcc6a7,ESM,IT-2012-0032,5G.T0814..HNE.D.IT-2012-0032.ACC.MP.ASC,validation,3,lhs-3,false,0.98012715606141543,1.0955005541028737,0.043992240427104604,1.0147451705015114,24681357,canonical-shear-friction-v0.8.1
17576dec4cf6b2d5d28d583a174626493864e61ca78e747a43833052ad63346a,ESM,IT-2012-0032,5G.T0814..HNE.D.IT-2012-0032.ACC.MP.ASC,validation,6,nominal,true,1,1,0.050000000000000003,1,24681357,canonical-shear-friction-v0.8.1
4ecd00b211033e49246ea6bfd9bc8e529c9274de3674b28e2c521e881800aef3,ESM,IT-2012-0032,5G.T0814..HNE.D.IT-2012-0032.ACC.MP.ASC,validation,6,lhs-1,false,1.055345003920092,0.91186441049273859,0.058766975947465362,1.0991779467262428,24681357,canonical-shear-friction-v0.8.1
09d79519438a47c24637f2e950f5b18b0739e2aa57b8765ec9b4f446895bec67,ESM,IT-2012-0032,5G.T0814..HNE.D.IT-2012-0032.ACC.MP.ASC,validation,6,lhs-2,false,0.93530801801650687,0.953478937041492,0.050077687460435838,0.94748395915337158,24681357,canonical-shear-friction-v0.8.1
0ad66ac3023d1b5777916751468328de655a3ae08bce106e2197ef8931373028,ESM,IT-2012-0032,5G.T0814..HNE.D.IT-2012-0032.ACC.MP.ASC,validation,6,lhs-3,false,0.98012715606141543,1.0955005541028737,0.043992240427104604,1.0147451705015114,24681357,canonical-shear-friction-v0.8.1
af9d71ba85b5d8866fd41706365d8bba1c9f9fea46d854e41e06d707859ecbd6,ESM,IT-2012-0032,5G.T0814..HNE.D.IT-2012-0032.ACC.MP.ASC,validation,10,nominal,true,1,1,0.050000000000000003,1,24681357,canonical-shear-friction-v0.8.1
207e9598be9ccba075911df78801bd921e9724c3a93bb5c2cf8e9d8f14baf13e,ESM,IT-2012-0032,5G.T0814..HNE.D.IT-2012-0032.ACC.MP.ASC,validation,10,lhs-1,false,1.055345003920092,0.91186441049273859,0.058766975947465362,1.0991779467262428,24681357,canonical-shear-friction-v0.8.1
df6caa0ed5f00b8156762e18fc14a1c8de9ac84e758af1ce9d0a69d5416fadd6,ESM,IT-2012-0032,5G.T0814..HNE.D.IT-2012-0032.ACC.MP.ASC,validation,10,lhs-2,false,0.93530801801650687,0.953478937041492,0.050077687460435838,0.94748395915337158,24681357,canonical-shear-friction-v0.8.1
2cc77b75247bcaf518a17dee6bbf30cfa283867091f7d013d9c5b23c7eacb39f,ESM,IT-2012-0032,5G.T0814..HNE.D.IT-2012-0032.ACC.MP.ASC,validation,10,lhs-3,false,0.98012715606141543,1.0955005541028737,0.043992240427104604,1.0147451705015114,24681357,canonical-shear-friction-v0.8.1
beedc3faeebb32c5f2737d78b88ebcfbd50d01351b3137737d79d804f3dca1ec,ESM,IT-2012-0032,5G.T0814..HNE.D.IT-2012-0032.ACC.MP.ASC,validation,20,nominal,true,1,1,0.050000000000000003,1,24681357,canonical-shear-friction-v0.8.1
7fcd02d1bc64eaf4476af18bc4bdec9ae1c7eb8085caf3e0720e83fe13720b04,ESM,IT-2012-0032,5G.T0814..HNE.D.IT-2012-0032.ACC.MP.ASC,validation,20,lhs-1,false,1.055345003920092,0.91186441049273859,0.058766975947465362,1.0991779467262428,24681357,canonical-shear-friction-v0.8.1
95033b9f72c8a4ad30de4dc842d28dbabf20d1ae6daef8612ae8e93e7b2db8b0,ESM,IT-2012-0032,5G.T0814..HNE.D.IT-2012-0032.ACC.MP.ASC,validation,20,lhs-2,false,0.93530801801650687,0.953478937041492,0.050077687460435838,0.94748395915337158,24681357,canonical-shear-friction-v0.8.1
598c5c0594d0f465beee72c56140c99fc1e8b8d4a88db3c6441a96e365e00a6f,ESM,IT-2012-0032,5G.T0814..HNE.D.IT-2012-0032.ACC.MP.ASC,validation,20,lhs-3,false,0.98012715606141543,1.0955005541028737,0.043992240427104604,1.0147451705015114,24681357,canonical-shear-friction-v0.8.1
86d15ca9e40f28f14635c88ba2c11fe7bc31e2cd2477be21e54d7e04235f7d79,ESM,IT-2012-0032,TV.MIR01..HNE.D.IT-2012-0032.ACC.MP.ASC,validation,3,nominal,true,1,1,0.050000000000000003,1,24681357,canonical-shear-friction-v0.8.1
beaec3432b66af437962dd4d61e0510328e1c5df61051b59f5abac2e8110522b,ESM,IT-2012-0032,TV.MIR01..HNE.D.IT-2012-0032.ACC.MP.ASC,validation,3,lhs-1,false,1.055345003920092,0.91186441049273859,0.058766975947465362,1.0991779467262428,24681357,canonical-shear-friction-v0.8.1
c7a755c6d3644b963ffe4b15d5d99c940852e9743396991ab25d0db05c24685b,ESM,IT-2012-0032,TV.MIR01..HNE.D.IT-2012-0032.ACC.MP.ASC,validation,3,lhs-2,false,0.93530801801650687,0.953478937041492,0.050077687460435838,0.94748395915337158,24681357,canonical-shear-friction-v0.8.1
1a7586a3d3fb4eb20d8d6ef86dee3d48dee60ee57b9fc2117a3d71805da9398a,ESM,IT-2012-0032,TV.MIR01..HNE.D.IT-2012-0032.ACC.MP.ASC,validation,3,lhs-3,false,0.98012715606141543,1.0955005541028737,0.043992240427104604,1.0147451705015114,24681357,canonical-shear-friction-v0.8.1
496e9245252aa95a130d9bc3f36a72120484b0042c55e2cd14ddb14213eddbc0,ESM,IT-2012-0032,TV.MIR01..HNE.D.IT-2012-0032.ACC.MP.ASC,validation,6,nominal,true,1,1,0.050000000000000003,1,24681357,canonical-shear-friction-v0.8.1
98bdc707cffc70dee5d14bab55c8402f8e47881463c3ef6925fe4c2f18e0a6ff,ESM,IT-2012-0032,TV.MIR01..HNE.D.IT-2012-0032.ACC.MP.ASC,validation,6,lhs-1,false,1.055345003920092,0.91186441049273859,0.058766975947465362,1.0991779467262428,24681357,canonical-shear-friction-v0.8.1
dfac582aea23bec1ea37c1099706ac1b0b554985c7f739785b54f8de19231658,ESM,IT-2012-0032,TV.MIR01..HNE.D.IT-2012-0032.ACC.MP.ASC,validation,6,lhs-2,false,0.93530801801650687,0.953478937041492,0.050077687460435838,0.94748395915337158,24681357,canonical-shear-friction-v0.8.1
94c7b92bc04b317f939e37f4000e15dbffb71dba900c764540d90a99c34592bf,ESM,IT-2012-0032,TV.MIR01..HNE.D.IT-2012-0032.ACC.MP.ASC,validation,6,lhs-3,false,0.98012715606141543,1.0955005541028737,0.043992240427104604,1.0147451705015114,24681357,canonical-shear-friction-v0.8.1
e74d4b0b079c465990e76faa53907a490a022410a0990a79a6eef447b1621633,ESM,IT-2012-0032,TV.MIR01..HNE.D.IT-2012-0032.ACC.MP.ASC,validation,10,nominal,true,1,1,0.050000000000000003,1,24681357,canonical-shear-friction-v0.8.1
61c487565477541b270b60ff35198f40cf8f1dad5303df9eab0c387cc34e14a6,ESM,IT-2012-0032,TV.MIR01..HNE.D.IT-2012-0032.ACC.MP.ASC,validation,10,lhs-1,false,1.055345003920092,0.91186441049273859,0.058766975947465362,1.0991779467262428,24681357,canonical-shear-friction-v0.8.1
107da14a29eb917b21261a52af6cfebaa5429512214916008279bafbf18975e0,ESM,IT-2012-0032,TV.MIR01..HNE.D.IT-2012-0032.ACC.MP.ASC,validation,10,lhs-2,false,0.93530801801650687,0.953478937041492,0.050077687460435838,0.94748395915337158,24681357,canonical-shear-friction-v0.8.1
793fc4334167e73247d0f38eb577d8679f1797682780719afd635b965cae1788,ESM,IT-2012-0032,TV.MIR01..HNE.D.IT-2012-0032.ACC.MP.ASC,validation,10,lhs-3,false,0.98012715606141543,1.0955005541028737,0.043992240427104604,1.0147451705015114,24681357,canonical-shear-friction-v0.8.1
e0ba138108079d1e1ec200bb207bb8939a4895e7efc53140979866cdcc28a290,ESM,IT-2012-0032,TV.MIR01..HNE.D.IT-2012-0032.ACC.MP.ASC,validation,20,nominal,true,1,1,0.050000000000000003,1,24681357,canonical-shear-friction-v0.8.1
024b3dbf08a9275fe68ae64e9bea8565b27d12b03126ea38976d6a48b39c7336,ESM,IT-2012-0032,TV.MIR01..HNE.D.IT-2012-0032.ACC.MP.ASC,validation,20,lhs-1,false,1.055345003920092,0.91186441049273859,0.058766975947465362,1.0991779467262428,24681357,canonical-shear-friction-v0.8.1
b04a9dcb77be504a3a8b73d8a7d81e26ff1c152a6a49fbae5eeca4003da63ad4,ESM,IT-2012-0032,TV.MIR01..HNE.D.IT-2012-0032.ACC.MP.ASC,validation,20,lhs-2,false,0.93530801801650687,0.953478937041492,0.050077687460435838,0.94748395915337158,24681357,canonical-shear-friction-v0.8.1
5b89932ce049ced42e290e732d1abf92c24a7239e181dfae2694a1507b301292,ESM,IT-2012-0032,TV.MIR01..HNE.D.IT-2012-0032.ACC.MP.ASC,validation,20,lhs-3,false,0.98012715606141543,1.0955005541028737,0.043992240427104604,1.0147451705015114,24681357,canonical-shear-friction-v0.8.1
239cdb74b0b36f50ca1c0ba30ab09d0a31451104430b02aa3e5ad35d2a746b20,ESM,IT-2012-0032,TV.MIR01..HNN.D.IT-2012-0032.ACC.MP.ASC,validation,3,nominal,true,1,1,0.050000000000000003,1,24681357,canonical-shear-friction-v0.8.1
d846069b5ca9f60b5bbb59c020dc05e4bcb612a08aa22fa86546039d357840d1,ESM,IT-2012-0032,TV.MIR01..HNN.D.IT-2012-0032.ACC.MP.ASC,validation,3,lhs-1,false,1.055345003920092,0.91186441049273859,0.058766975947465362,1.0991779467262428,24681357,canonical-shear-friction-v0.8.1
031852caf5b5d38ef7f38d72cad32cdb5871cee50f0625e4533f1314103492a8,ESM,IT-2012-0032,TV.MIR01..HNN.D.IT-2012-0032.ACC.MP.ASC,validation,3,lhs-2,false,0.93530801801650687,0.953478937041492,0.050077687460435838,0.94748395915337158,24681357,canonical-shear-friction-v0.8.1
81c688923e9fe3dae2cc74ad430fac717d413fecc9228b5f0e16347d9eab6d3f,ESM,IT-2012-0032,TV.MIR01..HNN.D.IT-2012-0032.ACC.MP.ASC,validation,3,lhs-3,false,0.98012715606141543,1.0955005541028737,0.043992240427104604,1.0147451705015114,24681357,canonical-shear-friction-v0.8.1
ef5d1ad7c832a9284c01415ee3353c12c54a984dd47317d4a8918c2a080d8f4b,ESM,IT-2012-0032,TV.MIR01..HNN.D.IT-2012-0032.ACC.MP.ASC,validation,6,nominal,true,1,1,0.050000000000000003,1,24681357,canonical-shear-friction-v0.8.1
98e97e9809995cb36508143b59e1359f269cc5eac006f5ebec782764e5f60f25,ESM,IT-2012-0032,TV.MIR01..HNN.D.IT-2012-0032.ACC.MP.ASC,validation,6,lhs-1,false,1.055345003920092,0.91186441049273859,0.058766975947465362,1.0991779467262428,24681357,canonical-shear-friction-v0.8.1
3e64a9c689912f75100439ce8f0fc4a1fcd8c62ce43996e15f7549ae41a3d792,ESM,IT-2012-0032,TV.MIR01..HNN.D.IT-2012-0032.ACC.MP.ASC,validation,6,lhs-2,false,0.93530801801650687,0.953478937041492,0.050077687460435838,0.94748395915337158,24681357,canonical-shear-friction-v0.8.1
c64bc0299597443fb2e8f78d3f9b9a51c6bae986e2969d4a74f147368070c373,ESM,IT-2012-0032,TV.MIR01..HNN.D.IT-2012-0032.ACC.MP.ASC,validation,6,lhs-3,false,0.98012715606141543,1.0955005541028737,0.043992240427104604,1.0147451705015114,24681357,canonical-shear-friction-v0.8.1
d76f41d9d987956bd7e3ccc2abc9df173a8a75b11fcf1ae7e681c05202a608fa,ESM,IT-2012-0032,TV.MIR01..HNN.D.IT-2012-0032.ACC.MP.ASC,validation,10,nominal,true,1,1,0.050000000000000003,1,24681357,canonical-shear-friction-v0.8.1
4ba7ff2f97a96a8f17a3b004a2f4f968ae293b1ceb138bd3aef9959b7446de06,ESM,IT-2012-0032,TV.MIR01..HNN.D.IT-2012-0032.ACC.MP.ASC,validation,10,lhs-1,false,1.055345003920092,0.91186441049273859,0.058766975947465362,1.0991779467262428,24681357,canonical-shear-friction-v0.8.1
249796509eb3a8e7eb5040f7b01c7b9ea3691ebe01c223f148d9dd97f59e9e44,ESM,IT-2012-0032,TV.MIR01..HNN.D.IT-2012-0032.ACC.MP.ASC,validation,10,lhs-2,false,0.93530801801650687,0.953478937041492,0.050077687460435838,0.94748395915337158,24681357,canonical-shear-friction-v0.8.1
f48cd5bc15341eada697dd3f74029a4e3c4a75085b50f4120c6bdfe654840800,ESM,IT-2012-0032,TV.MIR01..HNN.D.IT-2012-0032.ACC.MP.ASC,validation,10,lhs-3,false,0.98012715606141543,1.0955005541028737,0.043992240427104604,1.0147451705015114,24681357,canonical-shear-friction-v0.8.1
6f8c3ec9d28e1f2fcd55fbcfcadc1e7d9cae322f00c75505951246337fce42a9,ESM,IT-2012-0032,TV.MIR01..HNN.D.IT-2012-0032.ACC.MP.ASC,validation,20,nominal,true,1,1,0.050000000000000003,1,24681357,canonical-shear-friction-v0.8.1
f67b405014611f9aac3515bc8c0c937cb65fa12f3d905d2692c5987ac773b386,ESM,IT-2012-0032,TV.MIR01..HNN.D.IT-2012-0032.ACC.MP.ASC,validation,20,lhs-1,false,1.055345003920092,0.91186441049273859,0.058766975947465362,1.0991779467262428,24681357,canonical-shear-friction-v0.8.1
3fcea879d952d153259fe02fd2fd6f479968d51e121cdfec752c6693acc46a12,ESM,IT-2012-0032,TV.MIR01..HNN.D.IT-2012-0032.ACC.MP.ASC,validation,20,lhs-2,false,0.93530801801650687,0.953478937041492,0.050077687460435838,0.94748395915337158,24681357,canonical-shear-friction-v0.8.1
c2bd8839cae1abd7c19ad4f9d1dda44f9f4ce2a7ecf04107af81af4299c23e6d,ESM,IT-2012-0032,TV.MIR01..HNN.D.IT-2012-0032.ACC.MP.ASC,validation,20,lhs-3,false,0.98012715606141543,1.0955005541028737,0.043992240427104604,1.0147451705015114,24681357,canonical-shear-friction-v0.8.1
44671e1fa0170bfebe0dbba577b5654ca64a80984e06b6e0a777b5553d3c076c,ESM,IT-2012-0032,IT.MRN..HNN.D.IT-2012-0032.ACC.MP.ASC,validation,3,nominal,true,1,1,0.050000000000000003,1,24681357,canonical-shear-friction-v0.8.1
caf864c2c37779e78e18c7c869ec418cc6c3852eb18dbdde22a223d9e2147362,ESM,IT-2012-0032,IT.MRN..HNN.D.IT-2012-0032.ACC.MP.ASC,validation,3,lhs-1,false,1.055345003920092,0.91186441049273859,0.058766975947465362,1.0991779467262428,24681357,canonical-shear-friction-v0.8.1
1b6bf233583239527192338fef906a04771846ec64caf2433446708d31406c72,ESM,IT-2012-0032,IT.MRN..HNN.D.IT-2012-0032.ACC.MP.ASC,validation,3,lhs-2,false,0.93530801801650687,0.953478937041492,0.050077687460435838,0.94748395915337158,24681357,canonical-shear-friction-v0.8.1
41ec1b8287d4ee581c270d0a27c1a9dc3f6e3b0b9f5e1b25a544433ab6e2f54e,ESM,IT-2012-0032,IT.MRN..HNN.D.IT-2012-0032.ACC.MP.ASC,validation,3,lhs-3,false,0.98012715606141543,1.0955005541028737,0.043992240427104604,1.0147451705015114,24681357,canonical-shear-friction-v0.8.1
9d6237c9600cf532bfb5bd2a234954935cbcb18180c355d8d0a968e5abfcf482,ESM,IT-2012-0032,IT.MRN..HNN.D.IT-2012-0032.ACC.MP.ASC,validation,6,nominal,true,1,1,0.050000000000000003,1,24681357,canonical-shear-friction-v0.8.1
c218182918f699f99306efc5d257f9fe08496af3e61527bfecc5465a2942be08,ESM,IT-2012-0032,IT.MRN..HNN.D.IT-2012-0032.ACC.MP.ASC,validation,6,lhs-1,false,1.055345003920092,0.91186441049273859,0.058766975947465362,1.0991779467262428,24681357,canonical-shear-friction-v0.8.1
2ef87f1a0a98e614a9111f1d11bd4421d1a8334988031a21242b8f40d896851d,ESM,IT-2012-0032,IT.MRN..HNN.D.IT-2012-0032.ACC.MP.ASC,validation,6,lhs-2,false,0.93530801801650687,0.953478937041492,0.050077687460435838,0.94748395915337158,24681357,canonical-shear-friction-v0.8.1
55366cdbe172c069692b06161eb74948c7f180b4db026692950d26a6f8b5370d,ESM,IT-2012-0032,IT.MRN..HNN.D.IT-2012-0032.ACC.MP.ASC,validation,6,lhs-3,false,0.98012715606141543,1.0955005541028737,0.043992240427104604,1.0147451705015114,24681357,canonical-shear-friction-v0.8.1
c16852bd15d609d5c8c49912728cb425ab64a97213be1fda11552107bae881b2,ESM,IT-2012-0032,IT.MRN..HNN.D.IT-2012-0032.ACC.MP.ASC,validation,10,nominal,true,1,1,0.050000000000000003,1,24681357,canonical-shear-friction-v0.8.1
c14f043332f0fc6078d04eb7a5686934287ee28ef738153f548e027a95f2fb66,ESM,IT-2012-0032,IT.MRN..HNN.D.IT-2012-0032.ACC.MP.ASC,validation,10,lhs-1,false,1.055345003920092,0.91186441049273859,0.058766975947465362,1.0991779467262428,24681357,canonical-shear-friction-v0.8.1
b332a6405c313a7974a71c30cbb1e6ad3b1f7b0ecb787e9a665bda8b931b2a23,ESM,IT-2012-0032,IT.MRN..HNN.D.IT-2012-0032.ACC.MP.ASC,validation,10,lhs-2,false,0.93530801801650687,0.953478937041492,0.050077687460435838,0.94748395915337158,24681357,canonical-shear-friction-v0.8.1
36cd6f8721471fbcaf06d2c1ae1b7b17af392ddbea9b12c739e00bb318bbdfe6,ESM,IT-2012-0032,IT.MRN..HNN.D.IT-2012-0032.ACC.MP.ASC,validation,10,lhs-3,false,0.98012715606141543,1.0955005541028737,0.043992240427104604,1.0147451705015114,24681357,canonical-shear-friction-v0.8.1
61085bec1bd8579d6f5be1e8c70d177960452b7b45aacf1b709139245c98dfd6,ESM,IT-2012-0032,IT.MRN..HNN.D.IT-2012-0032.ACC.MP.ASC,validation,20,nominal,true,1,1,0.050000000000000003,1,24681357,canonical-shear-friction-v0.8.1
da32cbdc0aa412e6ae4d92a2331fa37397e37ba234a6604c65ae4f0651c74795,ESM,IT-2012-0032,IT.MRN..HNN.D.IT-2012-0032.ACC.MP.ASC,validation,20,lhs-1,false,1.055345003920092,0.91186441049273859,0.058766975947465362,1.0991779467262428,24681357,canonical-shear-friction-v0.8.1
eba26126b4c61733ef7fc758bf0637105263b602876c03bacff64bd2dafc7285,ESM,IT-2012-0032,IT.MRN..HNN.D.IT-2012-0032.ACC.MP.ASC,validation,20,lhs-2,false,0.93530801801650687,0.953478937041492,0.050077687460435838,0.94748395915337158,24681357,canonical-shear-friction-v0.8.1
f76eec09b87ccbdee7479ce56295ac09f14d6738499ecf198f992f033e80d80e,ESM,IT-2012-0032,IT.MRN..HNN.D.IT-2012-0032.ACC.MP.ASC,validation,20,lhs-3,false,0.98012715606141543,1.0955005541028737,0.043992240427104604,1.0147451705015114,24681357,canonical-shear-friction-v0.8.1
00a15727a91b0fa5b50d0e6e7f1d5ef120e97a1d292d21e5e545598d782634e1,ESM,IT-2012-0012,5G.T0819..HNE.D.IT-2012-0012.ACC.MP.ASC,validation,3,nominal,true,1,1,0.050000000000000003,1,24681357,canonical-shear-friction-v0.8.1
26f28f25ad50f4277c346d97144f5ab831920f63360e6a29d4088dc77ab2ebd7,ESM,IT-2012-0012,5G.T0819..HNE.D.IT-2012-0012.ACC.MP.ASC,validation,3,lhs-1,false,1.055345003920092,0.91186441049273859,0.058766975947465362,1.0991779467262428,24681357,canonical-shear-friction-v0.8.1
d700f1bbd4043037bf8a87ce6763baa196e8802cbf5d63df368bbbc91cd7008e,ESM,IT-2012-0012,5G.T0819..HNE.D.IT-2012-0012.ACC.MP.ASC,validation,3,lhs-2,false,0.93530801801650687,0.953478937041492,0.050077687460435838,0.94748395915337158,24681357,canonical-shear-friction-v0.8.1
55cf15d2aa327f2a303642bd57bd1db9c507b4ff9994c8bb95f60dcf6f95395c,ESM,IT-2012-0012,5G.T0819..HNE.D.IT-2012-0012.ACC.MP.ASC,validation,3,lhs-3,false,0.98012715606141543,1.0955005541028737,0.043992240427104604,1.0147451705015114,24681357,canonical-shear-friction-v0.8.1
52c67eefac4f74bd3b7056887a1d139a5aef61ae3987f5d35006da600cb8408c,ESM,IT-2012-0012,5G.T0819..HNE.D.IT-2012-0012.ACC.MP.ASC,validation,6,nominal,true,1,1,0.050000000000000003,1,24681357,canonical-shear-friction-v0.8.1
6a31bd844d6ee6f4b2eedfa873539d98becd4b76361b987ab9197a06183501e8,ESM,IT-2012-0012,5G.T0819..HNE.D.IT-2012-0012.ACC.MP.ASC,validation,6,lhs-1,false,1.055345003920092,0.91186441049273859,0.058766975947465362,1.0991779467262428,24681357,canonical-shear-friction-v0.8.1
421b12759abb190e4716bdc8703e6064628751b376aea87e75a3e0b069065317,ESM,IT-2012-0012,5G.T0819..HNE.D.IT-2012-0012.ACC.MP.ASC,validation,6,lhs-2,false,0.93530801801650687,0.953478937041492,0.050077687460435838,0.94748395915337158,24681357,canonical-shear-friction-v0.8.1
d77d74fb6dd930752a8430576f4eced23add7ea7d04f64a67245454f2c2f3939,ESM,IT-2012-0012,5G.T0819..HNE.D.IT-2012-0012.ACC.MP.ASC,validation,6,lhs-3,false,0.98012715606141543,1.0955005541028737,0.043992240427104604,1.0147451705015114,24681357,canonical-shear-friction-v0.8.1
2adfc9cc3e9951b20bc2724c1297ac1a276aab539865ce83a7ee92b7f5229e0e,ESM,IT-2012-0012,5G.T0819..HNE.D.IT-2012-0012.ACC.MP.ASC,validation,10,nominal,true,1,1,0.050000000000000003,1,24681357,canonical-shear-friction-v0.8.1
837a5c52e6504088d2e20dbbc1d5a145fb694b0e249e2f7094e650ea11354343,ESM,IT-2012-0012,5G.T0819..HNE.D.IT-2012-0012.ACC.MP.ASC,validation,10,lhs-1,false,1.055345003920092,0.91186441049273859,0.058766975947465362,1.0991779467262428,24681357,canonical-shear-friction-v0.8.1
9fd3394e32674f5df2ea17f69e5dd6cb9ff2b42af2bd35fefb286b8172ab12a8,ESM,IT-2012-0012,5G.T0819..HNE.D.IT-2012-0012.ACC.MP.ASC,validation,10,lhs-2,false,0.93530801801650687,0.953478937041492,0.050077687460435838,0.94748395915337158,24681357,canonical-shear-friction-v0.8.1
224c273bd1bccb1cac52fe7b57cffa40a302380d108cae09fa2db2e1b4e39410,ESM,IT-2012-0012,5G.T0819..HNE.D.IT-2012-0012.ACC.MP.ASC,validation,10,lhs-3,false,0.98012715606141543,1.0955005541028737,0.043992240427104604,1.0147451705015114,24681357,canonical-shear-friction-v0.8.1
6291dd5f57a63d2260c44d2bdc1461be6567fd36bb84baa2c53b5cdd4a3a808c,ESM,IT-2012-0012,5G.T0819..HNE.D.IT-2012-0012.ACC.MP.ASC,validation,20,nominal,true,1,1,0.050000000000000003,1,24681357,canonical-shear-friction-v0.8.1
54ee45367147f93b43c5be041609c1b6e7368b76960d11a9f12cce3cb6b915af,ESM,IT-2012-0012,5G.T0819..HNE.D.IT-2012-0012.ACC.MP.ASC,validation,20,lhs-1,false,1.055345003920092,0.91186441049273859,0.058766975947465362,1.0991779467262428,24681357,canonical-shear-friction-v0.8.1
8b602e1ac1d87b89c12af992cfbdf302da64bc3d9a37b7ba0338fffe46caa98a,ESM,IT-2012-0012,5G.T0819..HNE.D.IT-2012-0012.ACC.MP.ASC,validation,20,lhs-2,false,0.93530801801650687,0.953478937041492,0.050077687460435838,0.94748395915337158,24681357,canonical-shear-friction-v0.8.1
048a26379622d6d641ed3b0803d33d109e3b96a6d49cbac7b6127535aacbe930,ESM,IT-2012-0012,5G.T0819..HNE.D.IT-2012-0012.ACC.MP.ASC,validation,20,lhs-3,false,0.98012715606141543,1.0955005541028737,0.043992240427104604,1.0147451705015114,24681357,canonical-shear-friction-v0.8.1
b607aa9b4d8ee619fc86758bf5453dfa771ff07b728a483577dc47a7404bbc5d,ESM,IT-2012-0012,5G.T0826..HNE.D.IT-2012-0012.ACC.MP.ASC,validation,3,nominal,true,1,1,0.050000000000000003,1,24681357,canonical-shear-friction-v0.8.1
5d35cf236c9f66cf69dabf41385b245fb074e93325372b4c2ad3e558929a296c,ESM,IT-2012-0012,5G.T0826..HNE.D.IT-2012-0012.ACC.MP.ASC,validation,3,lhs-1,false,1.055345003920092,0.91186441049273859,0.058766975947465362,1.0991779467262428,24681357,canonical-shear-friction-v0.8.1
eff420dd4fdb28eaebde68682d754c18e9f8b12e39784a16319fb378fc68a0dd,ESM,IT-2012-0012,5G.T0826..HNE.D.IT-2012-0012.ACC.MP.ASC,validation,3,lhs-2,false,0.93530801801650687,0.953478937041492,0.050077687460435838,0.94748395915337158,24681357,canonical-shear-friction-v0.8.1
5474819c5694c2c9b1cd479cc61e1f69c99d2c4626cf6af62909fd8eb8b735f4,ESM,IT-2012-0012,5G.T0826..HNE.D.IT-2012-0012.ACC.MP.ASC,validation,3,lhs-3,false,0.98012715606141543,1.0955005541028737,0.043992240427104604,1.0147451705015114,24681357,canonical-shear-friction-v0.8.1
d37f6a39631ceaa832a9d1bb1d6f51ce3b715076f12e560f2c8a98007795b386,ESM,IT-2012-0012,5G.T0826..HNE.D.IT-2012-0012.ACC.MP.ASC,validation,6,nominal,true,1,1,0.050000000000000003,1,24681357,canonical-shear-friction-v0.8.1
b3a2bdf03564c38f19f689748c25ae5ea7dc0a074ed2d48be42b8ae4405084e3,ESM,IT-2012-0012,5G.T0826..HNE.D.IT-2012-0012.ACC.MP.ASC,validation,6,lhs-1,false,1.055345003920092,0.91186441049273859,0.058766975947465362,1.0991779467262428,24681357,canonical-shear-friction-v0.8.1
66a15423ea695508be05a71fc232bc2f02a904931cdb739c48b987f51faf809c,ESM,IT-2012-0012,5G.T0826..HNE.D.IT-2012-0012.ACC.MP.ASC,validation,6,lhs-2,false,0.93530801801650687,0.953478937041492,0.050077687460435838,0.94748395915337158,24681357,canonical-shear-friction-v0.8.1
14655424936e66fdc1ed6bc3ab203d6d973b5169515ddd5a1cda0b6842f6d270,ESM,IT-2012-0012,5G.T0826..HNE.D.IT-2012-0012.ACC.MP.ASC,validation,6,lhs-3,false,0.98012715606141543,1.0955005541028737,0.043992240427104604,1.0147451705015114,24681357,canonical-shear-friction-v0.8.1
ad1f25a6c8b703403d49a0f6a6d0e84ba062d98f9f4c9cf0373997102f872a7d,ESM,IT-2012-0012,5G.T0826..HNE.D.IT-2012-0012.ACC.MP.ASC,validation,10,nominal,true,1,1,0.050000000000000003,1,24681357,canonical-shear-friction-v0.8.1
7d59b6ec11a95a6a5bd89c197bc02cc4896bb0224c2d2b0c4c632367daded786,ESM,IT-2012-0012,5G.T0826..HNE.D.IT-2012-0012.ACC.MP.ASC,validation,10,lhs-1,false,1.055345003920092,0.91186441049273859,0.058766975947465362,1.0991779467262428,24681357,canonical-shear-friction-v0.8.1
df766f9167b65b01bf813e595bbccf90f20fe0f9411d0f6a826458b05d76471a,ESM,IT-2012-0012,5G.T0826..HNE.D.IT-2012-0012.ACC.MP.ASC,validation,10,lhs-2,false,0.93530801801650687,0.953478937041492,0.050077687460435838,0.94748395915337158,24681357,canonical-shear-friction-v0.8.1
f0601d3383c522c664a085b43a755ed30d6faed4b73202cf238d4cb37fe54383,ESM,IT-2012-0012,5G.T0826..HNE.D.IT-2012-0012.ACC.MP.ASC,validation,10,lhs-3,false,0.98012715606141543,1.0955005541028737,0.043992240427104604,1.0147451705015114,24681357,canonical-shear-friction-v0.8.1
1c27948dc06ad4cb9afb83b12b715c0dcefee0f6649447f23b799406d1ca4b86,ESM,IT-2012-0012,5G.T0826..HNE.D.IT-2012-0012.ACC.MP.ASC,validation,20,nominal,true,1,1,0.050000000000000003,1,24681357,canonical-shear-friction-v0.8.1
41c8ee14214f10a2b7096382d53fb30232451e553167558f35b732ea9ef0bca0,ESM,IT-2012-0012,5G.T0826..HNE.D.IT-2012-0012.ACC.MP.ASC,validation,20,lhs-1,false,1.055345003920092,0.91186441049273859,0.058766975947465362,1.0991779467262428,24681357,canonical-shear-friction-v0.8.1
09bca9f236e61c1a3d4918466de97191a5438ddad67915da1c898c7c50dc3be5,ESM,IT-2012-0012,5G.T0826..HNE.D.IT-2012-0012.ACC.MP.ASC,validation,20,lhs-2,false,0.93530801801650687,0.953478937041492,0.050077687460435838,0.94748395915337158,24681357,canonical-shear-friction-v0.8.1
7ede3cf23b892197ff4330d057e2adf55a9b39dc26e4b4702a8360107036e4d9,ESM,IT-2012-0012,5G.T0826..HNE.D.IT-2012-0012.ACC.MP.ASC,validation,20,lhs-3,false,0.98012715606141543,1.0955005541028737,0.043992240427104604,1.0147451705015114,24681357,canonical-shear-friction-v0.8.1
f7d94506836679771acc3f0ac8e8d98c9f99e8a4343d7a4411a284da4a4ca157,ESM,IT-2012-0012,5G.T0819..HNN.D.IT-2012-0012.ACC.MP.ASC,validation,3,nominal,true,1,1,0.050000000000000003,1,24681357,canonical-shear-friction-v0.8.1
a20a4bb60787e399c38b69b89ff9badf82862abc53144eb38b8df05dcbbd20cd,ESM,IT-2012-0012,5G.T0819..HNN.D.IT-2012-0012.ACC.MP.ASC,validation,3,lhs-1,false,1.055345003920092,0.91186441049273859,0.058766975947465362,1.0991779467262428,24681357,canonical-shear-friction-v0.8.1
ee56fa5c487ba5f56f3809968a3e83c7c5c0b3768b74005b102519b3553937d5,ESM,IT-2012-0012,5G.T0819..HNN.D.IT-2012-0012.ACC.MP.ASC,validation,3,lhs-2,false,0.93530801801650687,0.953478937041492,0.050077687460435838,0.94748395915337158,24681357,canonical-shear-friction-v0.8.1
2f06ae53f3248eafdbe95be6cfbf12c08611c801bc67b37d60e5375dea27faed,ESM,IT-2012-0012,5G.T0819..HNN.D.IT-2012-0012.ACC.MP.ASC,validation,3,lhs-3,false,0.98012715606141543,1.0955005541028737,0.043992240427104604,1.0147451705015114,24681357,canonical-shear-friction-v0.8.1
2b49c1cdeea850d4b4b66f53afe48870ab47ee9ef28e4fc2b9d5895c17e1807b,ESM,IT-2012-0012,5G.T0819..HNN.D.IT-2012-0012.ACC.MP.ASC,validation,6,nominal,true,1,1,0.050000000000000003,1,24681357,canonical-shear-friction-v0.8.1
39de86fb00e2d3b1e57bcd176a7f5b5378b8c38d3f979f7393381fc9a66a3ff8,ESM,IT-2012-0012,5G.T0819..HNN.D.IT-2012-0012.ACC.MP.ASC,validation,6,lhs-1,false,1.055345003920092,0.91186441049273859,0.058766975947465362,1.0991779467262428,24681357,canonical-shear-friction-v0.8.1
8d45062765070ea7bbbd76008e72ccadcaf0bab5691bd91f416aec00131bb9a7,ESM,IT-2012-0012,5G.T0819..HNN.D.IT-2012-0012.ACC.MP.ASC,validation,6,lhs-2,false,0.93530801801650687,0.953478937041492,0.050077687460435838,0.94748395915337158,24681357,canonical-shear-friction-v0.8.1
848422478e89b0fcb7bb89bd8babf544fb382de87acd26880d56e87b4b2ffc06,ESM,IT-2012-0012,5G.T0819..HNN.D.IT-2012-0012.ACC.MP.ASC,validation,6,lhs-3,false,0.98012715606141543,1.0955005541028737,0.043992240427104604,1.0147451705015114,24681357,canonical-shear-friction-v0.8.1
9dc15e95d2ee48437615470a3adb31c70bef2bed29d666102428987b7c7a4bcb,ESM,IT-2012-0012,5G.T0819..HNN.D.IT-2012-0012.ACC.MP.ASC,validation,10,nominal,true,1,1,0.050000000000000003,1,24681357,canonical-shear-friction-v0.8.1
3e36db0f4eed54add5ee4f85edf7de27a8c50ec0438ca581eff688068af9d12c,ESM,IT-2012-0012,5G.T0819..HNN.D.IT-2012-0012.ACC.MP.ASC,validation,10,lhs-1,false,1.055345003920092,0.91186441049273859,0.058766975947465362,1.0991779467262428,24681357,canonical-shear-friction-v0.8.1
fcbf2674ec201c64c9b161d60dbebed861f17014279e8d6ff0f3b16b6b5889e6,ESM,IT-2012-0012,5G.T0819..HNN.D.IT-2012-0012.ACC.MP.ASC,validation,10,lhs-2,false,0.93530801801650687,0.953478937041492,0.050077687460435838,0.94748395915337158,24681357,canonical-shear-friction-v0.8.1
01916fdcf31fa2d4983e275846f332234c74fcb8dc098571bf6db61b4ce2e830,ESM,IT-2012-0012,5G.T0819..HNN.D.IT-2012-0012.ACC.MP.ASC,validation,10,lhs-3,false,0.98012715606141543,1.0955005541028737,0.043992240427104604,1.0147451705015114,24681357,canonical-shear-friction-v0.8.1
5644ce9b036aebb67c0b318947aa1c578c7a27c2d2784e7cadd7314cc0eff280,ESM,IT-2012-0012,5G.T0819..HNN.D.IT-2012-0012.ACC.MP.ASC,validation,20,nominal,true,1,1,0.050000000000000003,1,24681357,canonical-shear-friction-v0.8.1
0ab1885f4c33ee22919620fd22298bf136d467dc7e42b772533e81bf1b7f71a0,ESM,IT-2012-0012,5G.T0819..HNN.D.IT-2012-0012.ACC.MP.ASC,validation,20,lhs-1,false,1.055345003920092,0.91186441049273859,0.058766975947465362,1.0991779467262428,24681357,canonical-shear-friction-v0.8.1
03d84c27455bcee2167c0efb2ac4c23055bde79919e6c1cbbbe5b0677d7097c8,ESM,IT-2012-0012,5G.T0819..HNN.D.IT-2012-0012.ACC.MP.ASC,validation,20,lhs-2,false,0.93530801801650687,0.953478937041492,0.050077687460435838,0.94748395915337158,24681357,canonical-shear-friction-v0.8.1
fd7770488560755827f8c6c78e9af4ca87301bc496fae381bdfeed6145739dba,ESM,IT-2012-0012,5G.T0819..HNN.D.IT-2012-0012.ACC.MP.ASC,validation,20,lhs-3,false,0.98012715606141543,1.0955005541028737,0.043992240427104604,1.0147451705015114,24681357,canonical-shear-friction-v0.8.1
e18fe7e8422d55a88a725c445f55711e3091e7642ec0a23038b9236e155291c5,ESM,IT-2012-0012,IT.MRN0..HNE.D.IT-2012-0012.ACC.MP.ASC,validation,3,nominal,true,1,1,0.050000000000000003,1,24681357,canonical-shear-friction-v0.8.1
8cfb8dabdf4287fdcd8e39126dae61a8722598ee3610675b75cdbef1e80050e1,ESM,IT-2012-0012,IT.MRN0..HNE.D.IT-2012-0012.ACC.MP.ASC,validation,3,lhs-1,false,1.055345003920092,0.91186441049273859,0.058766975947465362,1.0991779467262428,24681357,canonical-shear-friction-v0.8.1
10d4d4446014943f187e0b61bcc54448221852f4b18804fe34f2aed9508d66e9,ESM,IT-2012-0012,IT.MRN0..HNE.D.IT-2012-0012.ACC.MP.ASC,validation,3,lhs-2,false,0.93530801801650687,0.953478937041492,0.050077687460435838,0.94748395915337158,24681357,canonical-shear-friction-v0.8.1
05f5c4f8cc6ef3671a823cca6677e4556c79a473c7d07798febb91e799685f83,ESM,IT-2012-0012,IT.MRN0..HNE.D.IT-2012-0012.ACC.MP.ASC,validation,3,lhs-3,false,0.98012715606141543,1.0955005541028737,0.043992240427104604,1.0147451705015114,24681357,canonical-shear-friction-v0.8.1
a7d99f2f88ec7ddd3b2e30a37ab6780e6d12253c394448c4bc9ebacd85d4d56f,ESM,IT-2012-0012,IT.MRN0..HNE.D.IT-2012-0012.ACC.MP.ASC,validation,6,nominal,true,1,1,0.050000000000000003,1,24681357,canonical-shear-friction-v0.8.1
e1ea549bf68bd8d4a8cf01617e6dcdf903f1ae381b784e48e4122d7d95194fc8,ESM,IT-2012-0012,IT.MRN0..HNE.D.IT-2012-0012.ACC.MP.ASC,validation,6,lhs-1,false,1.055345003920092,0.91186441049273859,0.058766975947465362,1.0991779467262428,24681357,canonical-shear-friction-v0.8.1
44c2f3858f6bea90be45bc8d0c68fab5be077e1f58c2a9b5084a48fdaa3b998e,ESM,IT-2012-0012,IT.MRN0..HNE.D.IT-2012-0012.ACC.MP.ASC,validation,6,lhs-2,false,0.93530801801650687,0.953478937041492,0.050077687460435838,0.94748395915337158,24681357,canonical-shear-friction-v0.8.1
56cf9de908882da281bf35de1da3d7fcf0ca267fd1422e598fbe05ac046437ff,ESM,IT-2012-0012,IT.MRN0..HNE.D.IT-2012-0012.ACC.MP.ASC,validation,6,lhs-3,false,0.98012715606141543,1.0955005541028737,0.043992240427104604,1.0147451705015114,24681357,canonical-shear-friction-v0.8.1
f7428a45629446beb4fd9838a8729f152f05f80b5fd728848adbad01fd9d4c7b,ESM,IT-2012-0012,IT.MRN0..HNE.D.IT-2012-0012.ACC.MP.ASC,validation,10,nominal,true,1,1,0.050000000000000003,1,24681357,canonical-shear-friction-v0.8.1
af0f7b17290c5c1a0927e6dff56c48bd6676f734a405e110c77325c4b2212a7d,ESM,IT-2012-0012,IT.MRN0..HNE.D.IT-2012-0012.ACC.MP.ASC,validation,10,lhs-1,false,1.055345003920092,0.91186441049273859,0.058766975947465362,1.0991779467262428,24681357,canonical-shear-friction-v0.8.1
b2047a669d20bacd113f63c016ff0e3e75513d049a1a2a1993d6b90adb2a663a,ESM,IT-2012-0012,IT.MRN0..HNE.D.IT-2012-0012.ACC.MP.ASC,validation,10,lhs-2,false,0.93530801801650687,0.953478937041492,0.050077687460435838,0.94748395915337158,24681357,canonical-shear-friction-v0.8.1
96e3ccd2a0126336025043650a43ccdf18494ca89611fdf265888c0c14d97829,ESM,IT-2012-0012,IT.MRN0..HNE.D.IT-2012-0012.ACC.MP.ASC,validation,10,lhs-3,false,0.98012715606141543,1.0955005541028737,0.043992240427104604,1.0147451705015114,24681357,canonical-shear-friction-v0.8.1
c1bda2d0a01a9a0c7c6a6f9a12269dd95d6b5f8decd06d7dc2ba87d347743e85,ESM,IT-2012-0012,IT.MRN0..HNE.D.IT-2012-0012.ACC.MP.ASC,validation,20,nominal,true,1,1,0.050000000000000003,1,24681357,canonical-shear-friction-v0.8.1
be7e0795b169652a6c4a4471edc2ae16fd4a8b171a307d61a44dfd2da73ff182,ESM,IT-2012-0012,IT.MRN0..HNE.D.IT-2012-0012.ACC.MP.ASC,validation,20,lhs-1,false,1.055345003920092,0.91186441049273859,0.058766975947465362,1.0991779467262428,24681357,canonical-shear-friction-v0.8.1
6296c7e32ddfb0087981ac5686d19bad86d94025175e448fb1587033bbcced16,ESM,IT-2012-0012,IT.MRN0..HNE.D.IT-2012-0012.ACC.MP.ASC,validation,20,lhs-2,false,0.93530801801650687,0.953478937041492,0.050077687460435838,0.94748395915337158,24681357,canonical-shear-friction-v0.8.1
83abda24001776c8d983acc40fda998a3507becdd385df67009b473f0037742f,ESM,IT-2012-0012,IT.MRN0..HNE.D.IT-2012-0012.ACC.MP.ASC,validation,20,lhs-3,false,0.98012715606141543,1.0955005541028737,0.043992240427104604,1.0147451705015114,24681357,canonical-shear-friction-v0.8.1
082f40f6b054c50d7dc91fe9d10accaf61f319948ab77b2ade190ae57303b26e,ESM,EMSC-20170118_0000037,IT.MSC..HGE.D.EMSC-20170118_0000037.ACC.MP.ASC,validation,3,nominal,true,1,1,0.050000000000000003,1,24681357,canonical-shear-friction-v0.8.1
e93ba99f42d6e9c50ddc46b18e1b26a5bbb4e79587f854ed93305cf442de3bf5,ESM,EMSC-20170118_0000037,IT.MSC..HGE.D.EMSC-20170118_0000037.ACC.MP.ASC,validation,3,lhs-1,false,1.055345003920092,0.91186441049273859,0.058766975947465362,1.0991779467262428,24681357,canonical-shear-friction-v0.8.1
de9da06ede8a19e05d81b8d4fedae3068e1948687700c594efeae7858cc7a929,ESM,EMSC-20170118_0000037,IT.MSC..HGE.D.EMSC-20170118_0000037.ACC.MP.ASC,validation,3,lhs-2,false,0.93530801801650687,0.953478937041492,0.050077687460435838,0.94748395915337158,24681357,canonical-shear-friction-v0.8.1
3555760c2e2eaf1209d97e3b87c3e402338abe34c6341cb557acb28edd0527c4,ESM,EMSC-20170118_0000037,IT.MSC..HGE.D.EMSC-20170118_0000037.ACC.MP.ASC,validation,3,lhs-3,false,0.98012715606141543,1.0955005541028737,0.043992240427104604,1.0147451705015114,24681357,canonical-shear-friction-v0.8.1
c7cfde52aacedabbb29a6b3186db736202049d899184630fb47cba84c9f620ed,ESM,EMSC-20170118_0000037,IT.MSC..HGE.D.EMSC-20170118_0000037.ACC.MP.ASC,validation,6,nominal,true,1,1,0.050000000000000003,1,24681357,canonical-shear-friction-v0.8.1
ef5769129534c7e22a24757c785b020510ce17e7f2ee1dbe2307822681d37c98,ESM,EMSC-20170118_0000037,IT.MSC..HGE.D.EMSC-20170118_0000037.ACC.MP.ASC,validation,6,lhs-1,false,1.055345003920092,0.91186441049273859,0.058766975947465362,1.0991779467262428,24681357,canonical-shear-friction-v0.8.1
6cc0574bdf8bb895b48db3c551f90537073340b2001cc51e583c8d1e0675569e,ESM,EMSC-20170118_0000037,IT.MSC..HGE.D.EMSC-20170118_0000037.ACC.MP.ASC,validation,6,lhs-2,false,0.93530801801650687,0.953478937041492,0.050077687460435838,0.94748395915337158,24681357,canonical-shear-friction-v0.8.1
5e0b255025daf95bd9f774a26ceab5a47e37a7ce904310d20b4790af62e1585d,ESM,EMSC-20170118_0000037,IT.MSC..HGE.D.EMSC-20170118_0000037.ACC.MP.ASC,validation,6,lhs-3,false,0.98012715606141543,1.0955005541028737,0.043992240427104604,1.0147451705015114,24681357,canonical-shear-friction-v0.8.1
18313ce9f8b0243ca9210073ed443ca8378eb4ccdad6d22c3c75fb5564b16461,ESM,EMSC-20170118_0000037,IT.MSC..HGE.D.EMSC-20170118_0000037.ACC.MP.ASC,validation,10,nominal,true,1,1,0.050000000000000003,1,24681357,canonical-shear-friction-v0.8.1
bef91225015cb3d7819f1d0ecf8bcadcf9e842a336f95d5b54348e7585d30b35,ESM,EMSC-20170118_0000037,IT.MSC..HGE.D.EMSC-20170118_0000037.ACC.MP.ASC,validation,10,lhs-1,false,1.055345003920092,0.91186441049273859,0.058766975947465362,1.0991779467262428,24681357,canonical-shear-friction-v0.8.1
9cb26211939fed520a3c8d6fe9ebff6c282cda46a4ecf09253eebbda7f5868cd,ESM,EMSC-20170118_0000037,IT.MSC..HGE.D.EMSC-20170118_0000037.ACC.MP.ASC,validation,10,lhs-2,false,0.93530801801650687,0.953478937041492,0.050077687460435838,0.94748395915337158,24681357,canonical-shear-friction-v0.8.1
7e8c27771d5b4465d01d3226a1cc7c16b18c43fd8429c74519c5177438566944,ESM,EMSC-20170118_0000037,IT.MSC..HGE.D.EMSC-20170118_0000037.ACC.MP.ASC,validation,10,lhs-3,false,0.98012715606141543,1.0955005541028737,0.043992240427104604,1.0147451705015114,24681357,canonical-shear-friction-v0.8.1
485a769133e4b2623a516f30e0b0875c4eeba13b1ec0c29cfc273279e148a735,ESM,EMSC-20170118_0000037,IT.MSC..HGE.D.EMSC-20170118_0000037.ACC.MP.ASC,validation,20,nominal,true,1,1,0.050000000000000003,1,24681357,canonical-shear-friction-v0.8.1
2d4c694a31815f67bf6c20fc52cba68db00450f0d44ba4d5a909ee6b315353ba,ESM,EMSC-20170118_0000037,IT.MSC..HGE.D.EMSC-20170118_0000037.ACC.MP.ASC,validation,20,lhs-1,false,1.055345003920092,0.91186441049273859,0.058766975947465362,1.0991779467262428,24681357,canonical-shear-friction-v0.8.1
fb4a644eca3ee49ce00d27e85c338b8669e412e9ef75650e5cca7495de748112,ESM,EMSC-20170118_0000037,IT.MSC..HGE.D.EMSC-20170118_0000037.ACC.MP.ASC,validation,20,lhs-2,false,0.93530801801650687,0.953478937041492,0.050077687460435838,0.94748395915337158,24681357,canonical-shear-friction-v0.8.1
630ba265993c5c2a26fea2264770211534d65064fcd5e890383b923074699b5f,ESM,EMSC-20170118_0000037,IT.MSC..HGE.D.EMSC-20170118_0000037.ACC.MP.ASC,validation,20,lhs-3,false,0.98012715606141543,1.0955005541028737,0.043992240427104604,1.0147451705015114,24681357,canonical-shear-friction-v0.8.1
6e888ea557e7fe187feb5a48e68bc0e71aa627ed6e1df48e6d55add755a80e94,ESM,EMSC-20170118_0000037,IT.MSCT..HGN.D.EMSC-20170118_0000037.ACC.MP.ASC,validation,3,nominal,true,1,1,0.050000000000000003,1,24681357,canonical-shear-friction-v0.8.1
6298ccd0d7588e827fe1ed099a8b3983bac01adb7312412869b5fb492fe4baeb,ESM,EMSC-20170118_0000037,IT.MSCT..HGN.D.EMSC-20170118_0000037.ACC.MP.ASC,validation,3,lhs-1,false,1.055345003920092,0.91186441049273859,0.058766975947465362,1.0991779467262428,24681357,canonical-shear-friction-v0.8.1
791e198626483c3fd345ec03a163007b903b3fa588c7dfa2985a9c1c52981638,ESM,EMSC-20170118_0000037,IT.MSCT..HGN.D.EMSC-20170118_0000037.ACC.MP.ASC,validation,3,lhs-2,false,0.93530801801650687,0.953478937041492,0.050077687460435838,0.94748395915337158,24681357,canonical-shear-friction-v0.8.1
6ccef503d5c7e9519c3aac80b9a6aa0aaf950fbbac8a9ae1992fbc2e32fa543e,ESM,EMSC-20170118_0000037,IT.MSCT..HGN.D.EMSC-20170118_0000037.ACC.MP.ASC,validation,3,lhs-3,false,0.98012715606141543,1.0955005541028737,0.043992240427104604,1.0147451705015114,24681357,canonical-shear-friction-v0.8.1
e884f9be60f2a9bcc80322497f8f34bd257d171c08d547eb1d6812e437d5318b,ESM,EMSC-20170118_0000037,IT.MSCT..HGN.D.EMSC-20170118_0000037.ACC.MP.ASC,validation,6,nominal,true,1,1,0.050000000000000003,1,24681357,canonical-shear-friction-v0.8.1
c5238b7d9b0bfb256bf8fd45a25a165ef3440620df9eb2074e673797b7526736,ESM,EMSC-20170118_0000037,IT.MSCT..HGN.D.EMSC-20170118_0000037.ACC.MP.ASC,validation,6,lhs-1,false,1.055345003920092,0.91186441049273859,0.058766975947465362,1.0991779467262428,24681357,canonical-shear-friction-v0.8.1
9c4e41c33be4a00d95bad46b962fe5d9f62e03a72f3346465788cb5e737c379c,ESM,EMSC-20170118_0000037,IT.MSCT..HGN.D.EMSC-20170118_0000037.ACC.MP.ASC,validation,6,lhs-2,false,0.93530801801650687,0.953478937041492,0.050077687460435838,0.94748395915337158,24681357,canonical-shear-friction-v0.8.1
e5cc9491f61d87b09ced67245f957a5b83d5ff34321cae3d4beb0641902db4b2,ESM,EMSC-20170118_0000037,IT.MSCT..HGN.D.EMSC-20170118_0000037.ACC.MP.ASC,validation,6,lhs-3,false,0.98012715606141543,1.0955005541028737,0.043992240427104604,1.0147451705015114,24681357,canonical-shear-friction-v0.8.1
0552d4aeae69454abaae565a9f21aa3991b19848cad8c4b25d983b738d6d7185,ESM,EMSC-20170118_0000037,IT.MSCT..HGN.D.EMSC-20170118_0000037.ACC.MP.ASC,validation,10,nominal,true,1,1,0.050000000000000003,1,24681357,canonical-shear-friction-v0.8.1
90c77aa78a17285350409a1bf416259e844b3614541df71c44383258843014c7,ESM,EMSC-20170118_0000037,IT.MSCT..HGN.D.EMSC-20170118_0000037.ACC.MP.ASC,validation,10,lhs-1,false,1.055345003920092,0.91186441049273859,0.058766975947465362,1.0991779467262428,24681357,canonical-shear-friction-v0.8.1
df2e6a19ed006e84bf20a682a9a2b476ad68d13dff42801e9943de75f52413d3,ESM,EMSC-20170118_0000037,IT.MSCT..HGN.D.EMSC-20170118_0000037.ACC.MP.ASC,validation,10,lhs-2,false,0.93530801801650687,0.953478937041492,0.050077687460435838,0.94748395915337158,24681357,canonical-shear-friction-v0.8.1
3dc46c28080f46901d7aa13a318d6122dec05c6ac1986a2f08ec7d785ea02f5a,ESM,EMSC-20170118_0000037,IT.MSCT..HGN.D.EMSC-20170118_0000037.ACC.MP.ASC,validation,10,lhs-3,false,0.98012715606141543,1.0955005541028737,0.043992240427104604,1.0147451705015114,24681357,canonical-shear-friction-v0.8.1
8e8efb4f963f085fd42deb711031fc2be5b98e5d58c2e942760f41c93eb0ca9d,ESM,EMSC-20170118_0000037,IT.MSCT..HGN.D.EMSC-20170118_0000037.ACC.MP.ASC,validation,20,nominal,true,1,1,0.050000000000000003,1,24681357,canonical-shear-friction-v0.8.1
4e7818363eb6e71cbc5961a9366873a8f48cbd5ad322cc54ef1e229899c1ce10,ESM,EMSC-20170118_0000037,IT.MSCT..HGN.D.EMSC-20170118_0000037.ACC.MP.ASC,validation,20,lhs-1,false,1.055345003920092,0.91186441049273859,0.058766975947465362,1.0991779467262428,24681357,canonical-shear-friction-v0.8.1
25b8d776a7ef074cad25d6ddf1760cbeb4727aa766f58e5685dac00fdd660a7d,ESM,EMSC-20170118_0000037,IT.MSCT..HGN.D.EMSC-20170118_0000037.ACC.MP.ASC,validation,20,lhs-2,false,0.93530801801650687,0.953478937041492,0.050077687460435838,0.94748395915337158,24681357,canonical-shear-friction-v0.8.1
e5b6d49438a1d63a7a769ce96a745253de3c68c1a33353074957bfd87a35a491,ESM,EMSC-20170118_0000037,IT.MSCT..HGN.D.EMSC-20170118_0000037.ACC.MP.ASC,validation,20,lhs-3,false,0.98012715606141543,1.0955005541028737,0.043992240427104604,1.0147451705015114,24681357,canonical-shear-friction-v0.8.1
7b20681826e6a715e5a613b031c6dac83c875938fb48f03639067e6ef0cfe636,ESM,EMSC-20170118_0000037,IT.MSCT..HGE.D.EMSC-20170118_0000037.ACC.MP.ASC,validation,3,nominal,true,1,1,0.050000000000000003,1,24681357,canonical-shear-friction-v0.8.1
5768a2868aa71f585139446bb0b63bee719a52b7b627c9974267743262602c96,ESM,EMSC-20170118_0000037,IT.MSCT..HGE.D.EMSC-20170118_0000037.ACC.MP.ASC,validation,3,lhs-1,false,1.055345003920092,0.91186441049273859,0.058766975947465362,1.0991779467262428,24681357,canonical-shear-friction-v0.8.1
103f9a9a2385543818e8ff1790d0aba453363f1eb4c9214734eff24ab72da652,ESM,EMSC-20170118_0000037,IT.MSCT..HGE.D.EMSC-20170118_0000037.ACC.MP.ASC,validation,3,lhs-2,false,0.93530801801650687,0.953478937041492,0.050077687460435838,0.94748395915337158,24681357,canonical-shear-friction-v0.8.1
f7eef60110b81312478defb211f0d64d2a2b7aad7aa251f5ff74c9b32dfeee82,ESM,EMSC-20170118_0000037,IT.MSCT..HGE.D.EMSC-20170118_0000037.ACC.MP.ASC,validation,3,lhs-3,false,0.98012715606141543,1.0955005541028737,0.043992240427104604,1.0147451705015114,24681357,canonical-shear-friction-v0.8.1
e4b52041961344038f08d1de4929137fb53871826afe408273f681d6bfc3a2b7,ESM,EMSC-20170118_0000037,IT.MSCT..HGE.D.EMSC-20170118_0000037.ACC.MP.ASC,validation,6,nominal,true,1,1,0.050000000000000003,1,24681357,canonical-shear-friction-v0.8.1
2343099bae0ed33948c3eea113bd3d7cf657b968bd0f8b1b464e3830fc966809,ESM,EMSC-20170118_0000037,IT.MSCT..HGE.D.EMSC-20170118_0000037.ACC.MP.ASC,validation,6,lhs-1,false,1.055345003920092,0.91186441049273859,0.058766975947465362,1.0991779467262428,24681357,canonical-shear-friction-v0.8.1
fb2ed9d42cd60369eecadee808136d22345dcf022b91d83455ad91aaf458ac07,ESM,EMSC-20170118_0000037,IT.MSCT..HGE.D.EMSC-20170118_0000037.ACC.MP.ASC,validation,6,lhs-2,false,0.93530801801650687,0.953478937041492,0.050077687460435838,0.94748395915337158,24681357,canonical-shear-friction-v0.8.1
81512d2ddbb08b8c536a58b3e62d4cf036759b51f580ebe4645af8386a7f3b7c,ESM,EMSC-20170118_0000037,IT.MSCT..HGE.D.EMSC-20170118_0000037.ACC.MP.ASC,validation,6,lhs-3,false,0.98012715606141543,1.0955005541028737,0.043992240427104604,1.0147451705015114,24681357,canonical-shear-friction-v0.8.1
19ab818a7885f3573255cc077ce7377fa0f3a9f14dad6e1ce5e8338574b3d61f,ESM,EMSC-20170118_0000037,IT.MSCT..HGE.D.EMSC-20170118_0000037.ACC.MP.ASC,validation,10,nominal,true,1,1,0.050000000000000003,1,24681357,canonical-shear-friction-v0.8.1
f27410bdb997c6edd8a82f0dfc8383795806abe73c1d0587733d1c8aefec4378,ESM,EMSC-20170118_0000037,IT.MSCT..HGE.D.EMSC-20170118_0000037.ACC.MP.ASC,validation,10,lhs-1,false,1.055345003920092,0.91186441049273859,0.058766975947465362,1.0991779467262428,24681357,canonical-shear-friction-v0.8.1
ee7a7a2902fe85477a537e2919597b93b9383376809d97388a3ccc7a01024f7a,ESM,EMSC-20170118_0000037,IT.MSCT..HGE.D.EMSC-20170118_0000037.ACC.MP.ASC,validation,10,lhs-2,false,0.93530801801650687,0.953478937041492,0.050077687460435838,0.94748395915337158,24681357,canonical-shear-friction-v0.8.1
00639f14b024695dc860d94e573c6b92f7bd991afa329d0fe24664a8e1b9a5c8,ESM,EMSC-20170118_0000037,IT.MSCT..HGE.D.EMSC-20170118_0000037.ACC.MP.ASC,validation,10,lhs-3,false,0.98012715606141543,1.0955005541028737,0.043992240427104604,1.0147451705015114,24681357,canonical-shear-friction-v0.8.1
690e829e1144ef98848520ad1726718b0cd5cda1cf1c08b2bce3ed90ee464b19,ESM,EMSC-20170118_0000037,IT.MSCT..HGE.D.EMSC-20170118_0000037.ACC.MP.ASC,validation,20,nominal,true,1,1,0.050000000000000003,1,24681357,canonical-shear-friction-v0.8.1
dd4c9896e3fe9eeaa0cba8c55be09d882b253560a230bd2f1d75faac6c6345a4,ESM,EMSC-20170118_0000037,IT.MSCT..HGE.D.EMSC-20170118_0000037.ACC.MP.ASC,validation,20,lhs-1,false,1.055345003920092,0.91186441049273859,0.058766975947465362,1.0991779467262428,24681357,canonical-shear-friction-v0.8.1
45b688568e245c8f3863ce00f0d46e2cbdf91e86b1087a38573a782dfbe63952,ESM,EMSC-20170118_0000037,IT.MSCT..HGE.D.EMSC-20170118_0000037.ACC.MP.ASC,validation,20,lhs-2,false,0.93530801801650687,0.953478937041492,0.050077687460435838,0.94748395915337158,24681357,canonical-shear-friction-v0.8.1
271255260e52ebea0c420bff92c3244dbe5eb58f0d549d5d03dbb498840fba12,ESM,EMSC-20170118_0000037,IT.MSCT..HGE.D.EMSC-20170118_0000037.ACC.MP.ASC,validation,20,lhs-3,false,0.98012715606141543,1.0955005541028737,0.043992240427104604,1.0147451705015114,24681357,canonical-shear-friction-v0.8.1
e00d059c7da070824cf079130d1d95de48b9dacbfe038f15a6ccfcb49f725913,ESM,EMSC-20170118_0000037,IT.PCB..HGN.D.EMSC-20170118_0000037.ACC.MP.ASC,validation,3,nominal,true,1,1,0.050000000000000003,1,24681357,canonical-shear-friction-v0.8.1
14dd8bdf73937b26fb8f7a29708787c3354a4a41568c8693504dd2f319f459c1,ESM,EMSC-20170118_0000037,IT.PCB..HGN.D.EMSC-20170118_0000037.ACC.MP.ASC,validation,3,lhs-1,false,1.055345003920092,0.91186441049273859,0.058766975947465362,1.0991779467262428,24681357,canonical-shear-friction-v0.8.1
b13ee4fbb0907e4a1fcb49ccf58d0d02d60186b475fc77b4d1425c13e804557e,ESM,EMSC-20170118_0000037,IT.PCB..HGN.D.EMSC-20170118_0000037.ACC.MP.ASC,validation,3,lhs-2,false,0.93530801801650687,0.953478937041492,0.050077687460435838,0.94748395915337158,24681357,canonical-shear-friction-v0.8.1
2d191939e1c81b06bbdec43881f4c887df7bcce90e8a1cfb2c3be5a384170ac3,ESM,EMSC-20170118_0000037,IT.PCB..HGN.D.EMSC-20170118_0000037.ACC.MP.ASC,validation,3,lhs-3,false,0.98012715606141543,1.0955005541028737,0.043992240427104604,1.0147451705015114,24681357,canonical-shear-friction-v0.8.1
d6adf3435e13ff98f2c3835d6f8aa2de9cc03ef8957a40923089d064c33b26b6,ESM,EMSC-20170118_0000037,IT.PCB..HGN.D.EMSC-20170118_0000037.ACC.MP.ASC,validation,6,nominal,true,1,1,0.050000000000000003,1,24681357,canonical-shear-friction-v0.8.1
abd3db80cbe1b81f137aea8e49ef5a737c787ffcaba11fe71d5af6708b653b6a,ESM,EMSC-20170118_0000037,IT.PCB..HGN.D.EMSC-20170118_0000037.ACC.MP.ASC,validation,6,lhs-1,false,1.055345003920092,0.91186441049273859,0.058766975947465362,1.0991779467262428,24681357,canonical-shear-friction-v0.8.1
747e3af9f1a2115eb616fa8b3682c17ba42feb09db7c0d31425ac928bba5b181,ESM,EMSC-20170118_0000037,IT.PCB..HGN.D.EMSC-20170118_0000037.ACC.MP.ASC,validation,6,lhs-2,false,0.93530801801650687,0.953478937041492,0.050077687460435838,0.94748395915337158,24681357,canonical-shear-friction-v0.8.1
902faf3e98285e3d1e0173712467f1816d408e00306a1e3e41bb9236a917eeb2,ESM,EMSC-20170118_0000037,IT.PCB..HGN.D.EMSC-20170118_0000037.ACC.MP.ASC,validation,6,lhs-3,false,0.98012715606141543,1.0955005541028737,0.043992240427104604,1.0147451705015114,24681357,canonical-shear-friction-v0.8.1
f02fc92e7c28068a69dff0775f82585614f6f631268cd9e122bc910bc4f2775a,ESM,EMSC-20170118_0000037,IT.PCB..HGN.D.EMSC-20170118_0000037.ACC.MP.ASC,validation,10,nominal,true,1,1,0.050000000000000003,1,24681357,canonical-shear-friction-v0.8.1
b7c1109ca0e817d64c0f669e63ff492b3ea4c95c5de24965b0dec343dd29aa4b,ESM,EMSC-20170118_0000037,IT.PCB..HGN.D.EMSC-20170118_0000037.ACC.MP.ASC,validation,10,lhs-1,false,1.055345003920092,0.91186441049273859,0.058766975947465362,1.0991779467262428,24681357,canonical-shear-friction-v0.8.1
b341e0a7a9d05ee62d26dd758ddcaf9cda187961c6c5a69f54b5ad0c1505d02c,ESM,EMSC-20170118_0000037,IT.PCB..HGN.D.EMSC-20170118_0000037.ACC.MP.ASC,validation,10,lhs-2,false,0.93530801801650687,0.953478937041492,0.050077687460435838,0.94748395915337158,24681357,canonical-shear-friction-v0.8.1
8ca91fbf585750c7e5fece323f650500f0a242911ab96d603d94427134d2363a,ESM,EMSC-20170118_0000037,IT.PCB..HGN.D.EMSC-20170118_0000037.ACC.MP.ASC,validation,10,lhs-3,false,0.98012715606141543,1.0955005541028737,0.043992240427104604,1.0147451705015114,24681357,canonical-shear-friction-v0.8.1
32bb453611cd9f44ffe12e003c6745c80431f942f1c0c6b24c9d96cef0ec5d9c,ESM,EMSC-20170118_0000037,IT.PCB..HGN.D.EMSC-20170118_0000037.ACC.MP.ASC,validation,20,nominal,true,1,1,0.050000000000000003,1,24681357,canonical-shear-friction-v0.8.1
3b1f824d604a687a2a9d13fe78677d29e188501b6b5460ae9fbd81b25d9c8a61,ESM,EMSC-20170118_0000037,IT.PCB..HGN.D.EMSC-20170118_0000037.ACC.MP.ASC,validation,20,lhs-1,false,1.055345003920092,0.91186441049273859,0.058766975947465362,1.0991779467262428,24681357,canonical-shear-friction-v0.8.1
d05477319afbf6849e103522415b2230658f14f139ccb000146a925fd53cefb7,ESM,EMSC-20170118_0000037,IT.PCB..HGN.D.EMSC-20170118_0000037.ACC.MP.ASC,validation,20,lhs-2,false,0.93530801801650687,0.953478937041492,0.050077687460435838,0.94748395915337158,24681357,canonical-shear-friction-v0.8.1
df0afc6f82e6cee9d9e589e5906b519820531247c7a832be94a981e8bb77a0ef,ESM,EMSC-20170118_0000037,IT.PCB..HGN.D.EMSC-20170118_0000037.ACC.MP.ASC,validation,20,lhs-3,false,0.98012715606141543,1.0955005541028737,0.043992240427104604,1.0147451705015114,24681357,canonical-shear-friction-v0.8.1
601c091abc692b7cd2f73613e6961c34129eeb4e1013a82844f32fb70cc67aca,ESM,IT-1997-0004,IT.NCR..HNE.D.IT-1997-0004.ACC.MP.ASC,validation,3,nominal,true,1,1,0.050000000000000003,1,24681357,canonical-shear-friction-v0.8.1
01495cbf4a0992b0636d0fb6d5bbde1ad7c86a83d231ffc5743cfcb3afd4fb66,ESM,IT-1997-0004,IT.NCR..HNE.D.IT-1997-0004.ACC.MP.ASC,validation,3,lhs-1,false,1.055345003920092,0.91186441049273859,0.058766975947465362,1.0991779467262428,24681357,canonical-shear-friction-v0.8.1
23a2f39f2a05e146478306f804a0af5c993e4512ffca502d6f570015ffa8a946,ESM,IT-1997-0004,IT.NCR..HNE.D.IT-1997-0004.ACC.MP.ASC,validation,3,lhs-2,false,0.93530801801650687,0.953478937041492,0.050077687460435838,0.94748395915337158,24681357,canonical-shear-friction-v0.8.1
94e8f79d704f9f5f22f5e3b9e8dd43e6e2d37a685726917fc902091bee25dea7,ESM,IT-1997-0004,IT.NCR..HNE.D.IT-1997-0004.ACC.MP.ASC,validation,3,lhs-3,false,0.98012715606141543,1.0955005541028737,0.043992240427104604,1.0147451705015114,24681357,canonical-shear-friction-v0.8.1
e7aa4185f178293f8950c6189f489ba4bfa3afa66c6b4c7bb53f1530fb4c34d2,ESM,IT-1997-0004,IT.NCR..HNE.D.IT-1997-0004.ACC.MP.ASC,validation,6,nominal,true,1,1,0.050000000000000003,1,24681357,canonical-shear-friction-v0.8.1
c136bc7a5f55f373687fe56c0ba1358168dc2ab50a32d54169a2245e24e3687d,ESM,IT-1997-0004,IT.NCR..HNE.D.IT-1997-0004.ACC.MP.ASC,validation,6,lhs-1,false,1.055345003920092,0.91186441049273859,0.058766975947465362,1.0991779467262428,24681357,canonical-shear-friction-v0.8.1
3985688bed592246b58c87745f0be674633670a05889bc7e6295e1f16fbacd77,ESM,IT-1997-0004,IT.NCR..HNE.D.IT-1997-0004.ACC.MP.ASC,validation,6,lhs-2,false,0.93530801801650687,0.953478937041492,0.050077687460435838,0.94748395915337158,24681357,canonical-shear-friction-v0.8.1
0222deb0862676e139653686fdb592d629780745aa4118bd1892eb006a4119e0,ESM,IT-1997-0004,IT.NCR..HNE.D.IT-1997-0004.ACC.MP.ASC,validation,6,lhs-3,false,0.98012715606141543,1.0955005541028737,0.043992240427104604,1.0147451705015114,24681357,canonical-shear-friction-v0.8.1
4922a8d6285e038692f1fbf72529be3f596df5497704c6bdd0b048daa37d3fc4,ESM,IT-1997-0004,IT.NCR..HNE.D.IT-1997-0004.ACC.MP.ASC,validation,10,nominal,true,1,1,0.050000000000000003,1,24681357,canonical-shear-friction-v0.8.1
eb76fae434420ec2b91871e348c70415d3cd62bfc640c1c7018f569de7e01922,ESM,IT-1997-0004,IT.NCR..HNE.D.IT-1997-0004.ACC.MP.ASC,validation,10,lhs-1,false,1.055345003920092,0.91186441049273859,0.058766975947465362,1.0991779467262428,24681357,canonical-shear-friction-v0.8.1
72263f2c9f287dfacae5f50510c76606e24e423b162368d9d2bb6f5f2c3b035b,ESM,IT-1997-0004,IT.NCR..HNE.D.IT-1997-0004.ACC.MP.ASC,validation,10,lhs-2,false,0.93530801801650687,0.953478937041492,0.050077687460435838,0.94748395915337158,24681357,canonical-shear-friction-v0.8.1
0a53dae7098b364668ed2ec4d535ad9bae16e64eff46ce42b33bc1cd74054de6,ESM,IT-1997-0004,IT.NCR..HNE.D.IT-1997-0004.ACC.MP.ASC,validation,10,lhs-3,false,0.98012715606141543,1.0955005541028737,0.043992240427104604,1.0147451705015114,24681357,canonical-shear-friction-v0.8.1
d8673f86bc02c292fd4f2675d41be75484702f22757e65d5fd22dafb97b6e026,ESM,IT-1997-0004,IT.NCR..HNE.D.IT-1997-0004.ACC.MP.ASC,validation,20,nominal,true,1,1,0.050000000000000003,1,24681357,canonical-shear-friction-v0.8.1
88cf9ed590a741dd539ed5da9a82f63477180ce195ed2e6df184e8057512e4ce,ESM,IT-1997-0004,IT.NCR..HNE.D.IT-1997-0004.ACC.MP.ASC,validation,20,lhs-1,false,1.055345003920092,0.91186441049273859,0.058766975947465362,1.0991779467262428,24681357,canonical-shear-friction-v0.8.1
1837e6b1f2b695fef6d44e5cfd7adfb9ef13bc643062a8075a68b376aaed932f,ESM,IT-1997-0004,IT.NCR..HNE.D.IT-1997-0004.ACC.MP.ASC,validation,20,lhs-2,false,0.93530801801650687,0.953478937041492,0.050077687460435838,0.94748395915337158,24681357,canonical-shear-friction-v0.8.1
acefad4f04d2bfa33373e026878a24ea15d0b65a360dc969e7474b762ce69cbf,ESM,IT-1997-0004,IT.NCR..HNE.D.IT-1997-0004.ACC.MP.ASC,validation,20,lhs-3,false,0.98012715606141543,1.0955005541028737,0.043992240427104604,1.0147451705015114,24681357,canonical-shear-friction-v0.8.1
70168e3181571e62e2d79363df14726b636477d3d6242ffac24dd1195ba99743,ESM,IT-1997-0004,IT.NCR..HNN.D.IT-1997-0004.ACC.MP.ASC,validation,3,nominal,true,1,1,0.050000000000000003,1,24681357,canonical-shear-friction-v0.8.1
20a392da5ad3587622865f6c0f32dfb4f52945f54273f92883b30dc130cf05fb,ESM,IT-1997-0004,IT.NCR..HNN.D.IT-1997-0004.ACC.MP.ASC,validation,3,lhs-1,false,1.055345003920092,0.91186441049273859,0.058766975947465362,1.0991779467262428,24681357,canonical-shear-friction-v0.8.1
6c52cf98981168831f5cf2a02bd823d40e27cdb85f94cb4c88ffc65f5b23b2be,ESM,IT-1997-0004,IT.NCR..HNN.D.IT-1997-0004.ACC.MP.ASC,validation,3,lhs-2,false,0.93530801801650687,0.953478937041492,0.050077687460435838,0.94748395915337158,24681357,canonical-shear-friction-v0.8.1
9d7dd47cb1850613b8e915400834c1d6ad02bd57dbea6d1b04cfd33d8c757bc6,ESM,IT-1997-0004,IT.NCR..HNN.D.IT-1997-0004.ACC.MP.ASC,validation,3,lhs-3,false,0.98012715606141543,1.0955005541028737,0.043992240427104604,1.0147451705015114,24681357,canonical-shear-friction-v0.8.1
27ca470e23a3c1e5a4d27b718ee3df1d22c67b0ac2d7f6f446e146b7a209ee8c,ESM,IT-1997-0004,IT.NCR..HNN.D.IT-1997-0004.ACC.MP.ASC,validation,6,nominal,true,1,1,0.050000000000000003,1,24681357,canonical-shear-friction-v0.8.1
f530e4788f031d28c93cd253fbb5c52213890262f98ae416e2a5a144bf0531d7,ESM,IT-1997-0004,IT.NCR..HNN.D.IT-1997-0004.ACC.MP.ASC,validation,6,lhs-1,false,1.055345003920092,0.91186441049273859,0.058766975947465362,1.0991779467262428,24681357,canonical-shear-friction-v0.8.1
bf188af302177c0d27bf7c36abd2a245c2c37dc6c34444ee6ff3d8ab3411e50c,ESM,IT-1997-0004,IT.NCR..HNN.D.IT-1997-0004.ACC.MP.ASC,validation,6,lhs-2,false,0.93530801801650687,0.953478937041492,0.050077687460435838,0.94748395915337158,24681357,canonical-shear-friction-v0.8.1
b874ab960cf0c22088cacd664f6caa778e88f1cb9060272634f76bcbe6477283,ESM,IT-1997-0004,IT.NCR..HNN.D.IT-1997-0004.ACC.MP.ASC,validation,6,lhs-3,false,0.98012715606141543,1.0955005541028737,0.043992240427104604,1.0147451705015114,24681357,canonical-shear-friction-v0.8.1
737ece7fd4bf8bae55828370fee1a7f58cdeca008100a0bbc2acadadde37e695,ESM,IT-1997-0004,IT.NCR..HNN.D.IT-1997-0004.ACC.MP.ASC,validation,10,nominal,true,1,1,0.050000000000000003,1,24681357,canonical-shear-friction-v0.8.1
c38af5629eb28f60dae1441d851ed20625f4fdab97eb01f6c7d380ae488f21c6,ESM,IT-1997-0004,IT.NCR..HNN.D.IT-1997-0004.ACC.MP.ASC,validation,10,lhs-1,false,1.055345003920092,0.91186441049273859,0.058766975947465362,1.0991779467262428,24681357,canonical-shear-friction-v0.8.1
4b60a3e8d1a863ca33cf4ea583af4e358851898341ed51712a0d69731bd8423f,ESM,IT-1997-0004,IT.NCR..HNN.D.IT-1997-0004.ACC.MP.ASC,validation,10,lhs-2,false,0.93530801801650687,0.953478937041492,0.050077687460435838,0.94748395915337158,24681357,canonical-shear-friction-v0.8.1
7213da3b16436bfe0846d27c89ff08905911b1e5d3ae0364486b53a61aec5e5b,ESM,IT-1997-0004,IT.NCR..HNN.D.IT-1997-0004.ACC.MP.ASC,validation,10,lhs-3,false,0.98012715606141543,1.0955005541028737,0.043992240427104604,1.0147451705015114,24681357,canonical-shear-friction-v0.8.1
1262d17e65d5e55bc9f269e4dfd1ab9c85c264355c60f8cd04760c98c442ad72,ESM,IT-1997-0004,IT.NCR..HNN.D.IT-1997-0004.ACC.MP.ASC,validation,20,nominal,true,1,1,0.050000000000000003,1,24681357,canonical-shear-friction-v0.8.1
8aecc4f61c4e30321aa89c00f49a2a767b256935ad496f0b7d6adfb78f8789e6,ESM,IT-1997-0004,IT.NCR..HNN.D.IT-1997-0004.ACC.MP.ASC,validation,20,lhs-1,false,1.055345003920092,0.91186441049273859,0.058766975947465362,1.0991779467262428,24681357,canonical-shear-friction-v0.8.1
2b465057dcae8d9d2f03fc5700c264cb8d1461785e439e33ccb7cdd25acb3dd4,ESM,IT-1997-0004,IT.NCR..HNN.D.IT-1997-0004.ACC.MP.ASC,validation,20,lhs-2,false,0.93530801801650687,0.953478937041492,0.050077687460435838,0.94748395915337158,24681357,canonical-shear-friction-v0.8.1
92a2b7a090cb9e6e376fe403af006eeb0a06b6e631bb0badf00520099d6b0a83,ESM,IT-1997-0004,IT.NCR..HNN.D.IT-1997-0004.ACC.MP.ASC,validation,20,lhs-3,false,0.98012715606141543,1.0955005541028737,0.043992240427104604,1.0147451705015114,24681357,canonical-shear-friction-v0.8.1
51de123e5d39339ae21f96dac178bf55835b5b59d2e1d71f130d3fed98bed766,ESM,IT-1997-0004,IT.ASS..HNN.D.IT-1997-0004.ACC.MP.ASC,validation,3,nominal,true,1,1,0.050000000000000003,1,24681357,canonical-shear-friction-v0.8.1
5a9c664bb6b799e16aafb0da810521234b16d1113bd8446f9150c14e3525ed8a,ESM,IT-1997-0004,IT.ASS..HNN.D.IT-1997-0004.ACC.MP.ASC,validation,3,lhs-1,false,1.055345003920092,0.91186441049273859,0.058766975947465362,1.0991779467262428,24681357,canonical-shear-friction-v0.8.1
c812d0b4927b1c75a021c5ded7a749d9df30a82e0f8291ad454cd1491a1abe6a,ESM,IT-1997-0004,IT.ASS..HNN.D.IT-1997-0004.ACC.MP.ASC,validation,3,lhs-2,false,0.93530801801650687,0.953478937041492,0.050077687460435838,0.94748395915337158,24681357,canonical-shear-friction-v0.8.1
9d3f16688c10a96fda742d1f4583bb9eea2f206f132fabf483f5d7b468533c9e,ESM,IT-1997-0004,IT.ASS..HNN.D.IT-1997-0004.ACC.MP.ASC,validation,3,lhs-3,false,0.98012715606141543,1.0955005541028737,0.043992240427104604,1.0147451705015114,24681357,canonical-shear-friction-v0.8.1
b6d667c223f59b1dd3881b383530a4582de64e7d6ccc103236718a835ae2fd71,ESM,IT-1997-0004,IT.ASS..HNN.D.IT-1997-0004.ACC.MP.ASC,validation,6,nominal,true,1,1,0.050000000000000003,1,24681357,canonical-shear-friction-v0.8.1
5415cccf12f679b61b3316b7c34a55397b7ec0a584add892b550dcbbeabd58cb,ESM,IT-1997-0004,IT.ASS..HNN.D.IT-1997-0004.ACC.MP.ASC,validation,6,lhs-1,false,1.055345003920092,0.91186441049273859,0.058766975947465362,1.0991779467262428,24681357,canonical-shear-friction-v0.8.1
03e65d4cc99fb9fa67111a05510bed4347b03704aa03fb2eb5cdddb8b9b264ab,ESM,IT-1997-0004,IT.ASS..HNN.D.IT-1997-0004.ACC.MP.ASC,validation,6,lhs-2,false,0.93530801801650687,0.953478937041492,0.050077687460435838,0.94748395915337158,24681357,canonical-shear-friction-v0.8.1
3a695cd49615e9995977c6202143e3173f38d1d39503e32bcd5b8517a6b83615,ESM,IT-1997-0004,IT.ASS..HNN.D.IT-1997-0004.ACC.MP.ASC,validation,6,lhs-3,false,0.98012715606141543,1.0955005541028737,0.043992240427104604,1.0147451705015114,24681357,canonical-shear-friction-v0.8.1
28545a0a8e163e3fc02a41ceba6211e6ee1d694cbf4996beb9b879cf19bd1550,ESM,IT-1997-0004,IT.ASS..HNN.D.IT-1997-0004.ACC.MP.ASC,validation,10,nominal,true,1,1,0.050000000000000003,1,24681357,canonical-shear-friction-v0.8.1
897848f04c4c204d6b186562dc80f91050c21d6772292b8205301bad5f8ea043,ESM,IT-1997-0004,IT.ASS..HNN.D.IT-1997-0004.ACC.MP.ASC,validation,10,lhs-1,false,1.055345003920092,0.91186441049273859,0.058766975947465362,1.0991779467262428,24681357,canonical-shear-friction-v0.8.1
81b2e3de4ae2fbc817484b592bb836761afe49cec08dec741ae08502703636c9,ESM,IT-1997-0004,IT.ASS..HNN.D.IT-1997-0004.ACC.MP.ASC,validation,10,lhs-2,false,0.93530801801650687,0.953478937041492,0.050077687460435838,0.94748395915337158,24681357,canonical-shear-friction-v0.8.1
f1f79638b3c13921f5ef3a445333b3688a612c17a6b175b12d44f0d00e4dde2c,ESM,IT-1997-0004,IT.ASS..HNN.D.IT-1997-0004.ACC.MP.ASC,validation,10,lhs-3,false,0.98012715606141543,1.0955005541028737,0.043992240427104604,1.0147451705015114,24681357,canonical-shear-friction-v0.8.1
f9ce2cc3da4186e1d994f56031334bbd261be0f2e37c7085530b324458cbd052,ESM,IT-1997-0004,IT.ASS..HNN.D.IT-1997-0004.ACC.MP.ASC,validation,20,nominal,true,1,1,0.050000000000000003,1,24681357,canonical-shear-friction-v0.8.1
dc765099c631e28c6bd239fa346505b123b32a594c1c3c8afc51f67661ff4a02,ESM,IT-1997-0004,IT.ASS..HNN.D.IT-1997-0004.ACC.MP.ASC,validation,20,lhs-1,false,1.055345003920092,0.91186441049273859,0.058766975947465362,1.0991779467262428,24681357,canonical-shear-friction-v0.8.1
fc8f3b2ba350cb9ad678c814efe09a14b071fc2df2f7a3683d19e39bdf0f64db,ESM,IT-1997-0004,IT.ASS..HNN.D.IT-1997-0004.ACC.MP.ASC,validation,20,lhs-2,false,0.93530801801650687,0.953478937041492,0.050077687460435838,0.94748395915337158,24681357,canonical-shear-friction-v0.8.1
4d35e68b13aa520150e341487c4fb838e9225931cdd32bd6f9f27971d800d8c1,ESM,IT-1997-0004,IT.ASS..HNN.D.IT-1997-0004.ACC.MP.ASC,validation,20,lhs-3,false,0.98012715606141543,1.0955005541028737,0.043992240427104604,1.0147451705015114,24681357,canonical-shear-friction-v0.8.1
7a1816bdec331703b54ea91cd3a8637709d7b36c40caf79de637bfbe267c4837,ESM,IT-1997-0004,IT.CLF..HNN.D.IT-1997-0004.ACC.MP.ASC,validation,3,nominal,true,1,1,0.050000000000000003,1,24681357,canonical-shear-friction-v0.8.1
6c00fd0bc3d1d8febc2932d27e86fd7f7700cdd9f5d3246f429aff200614791a,ESM,IT-1997-0004,IT.CLF..HNN.D.IT-1997-0004.ACC.MP.ASC,validation,3,lhs-1,false,1.055345003920092,0.91186441049273859,0.058766975947465362,1.0991779467262428,24681357,canonical-shear-friction-v0.8.1
6c6de5b7c680dc0c950e963df1d8b536f1b8df43b0e0e3dbe015c772869f8499,ESM,IT-1997-0004,IT.CLF..HNN.D.IT-1997-0004.ACC.MP.ASC,validation,3,lhs-2,false,0.93530801801650687,0.953478937041492,0.050077687460435838,0.94748395915337158,24681357,canonical-shear-friction-v0.8.1
81d4937b10857e36b7db0f282a3e1ffd4abd4a6c90ae77ed4ab0fbf6fc834579,ESM,IT-1997-0004,IT.CLF..HNN.D.IT-1997-0004.ACC.MP.ASC,validation,3,lhs-3,false,0.98012715606141543,1.0955005541028737,0.043992240427104604,1.0147451705015114,24681357,canonical-shear-friction-v0.8.1
b18f1c3c9adb484b465df93345534cf0d43540bdeb38f5efe675c621df515e94,ESM,IT-1997-0004,IT.CLF..HNN.D.IT-1997-0004.ACC.MP.ASC,validation,6,nominal,true,1,1,0.050000000000000003,1,24681357,canonical-shear-friction-v0.8.1
65c24447da8baaeac151c760afa12da57a342c6106ed82b435dd760a2e5fa319,ESM,IT-1997-0004,IT.CLF..HNN.D.IT-1997-0004.ACC.MP.ASC,validation,6,lhs-1,false,1.055345003920092,0.91186441049273859,0.058766975947465362,1.0991779467262428,24681357,canonical-shear-friction-v0.8.1
4d32efc25c01899b8d7fff589a550f204aff4b5cfeb782ba3fac801d51cd6ecd,ESM,IT-1997-0004,IT.CLF..HNN.D.IT-1997-0004.ACC.MP.ASC,validation,6,lhs-2,false,0.93530801801650687,0.953478937041492,0.050077687460435838,0.94748395915337158,24681357,canonical-shear-friction-v0.8.1
8fbe481eb2571db2334ede6203b3caba931723fb1e4a54c413fa4dc9bbd33bd6,ESM,IT-1997-0004,IT.CLF..HNN.D.IT-1997-0004.ACC.MP.ASC,validation,6,lhs-3,false,0.98012715606141543,1.0955005541028737,0.043992240427104604,1.0147451705015114,24681357,canonical-shear-friction-v0.8.1
d76187993d967e7cb3a471d283061c3c31286199418a9f60be952623eee906af,ESM,IT-1997-0004,IT.CLF..HNN.D.IT-1997-0004.ACC.MP.ASC,validation,10,nominal,true,1,1,0.050000000000000003,1,24681357,canonical-shear-friction-v0.8.1
2a3b9e328355241fb2888ecaca354dd7bf618b5c819ca9c26aaca3ebf7bc017f,ESM,IT-1997-0004,IT.CLF..HNN.D.IT-1997-0004.ACC.MP.ASC,validation,10,lhs-1,false,1.055345003920092,0.91186441049273859,0.058766975947465362,1.0991779467262428,24681357,canonical-shear-friction-v0.8.1
11bd03ec7e4a0b22e5be14b1d1b90bdfa811423d16f993f330069079a04a2839,ESM,IT-1997-0004,IT.CLF..HNN.D.IT-1997-0004.ACC.MP.ASC,validation,10,lhs-2,false,0.93530801801650687,0.953478937041492,0.050077687460435838,0.94748395915337158,24681357,canonical-shear-friction-v0.8.1
630e372691e08fb687a2b689c04362b73d3a09926c4bfe0fefba05851977e931,ESM,IT-1997-0004,IT.CLF..HNN.D.IT-1997-0004.ACC.MP.ASC,validation,10,lhs-3,false,0.98012715606141543,1.0955005541028737,0.043992240427104604,1.0147451705015114,24681357,canonical-shear-friction-v0.8.1
a1d0878b497657db4cb56287b73b91027dab5ab08435ddc408e53cba3ddc13bd,ESM,IT-1997-0004,IT.CLF..HNN.D.IT-1997-0004.ACC.MP.ASC,validation,20,nominal,true,1,1,0.050000000000000003,1,24681357,canonical-shear-friction-v0.8.1
bf0e572bd153d9a5c76e2fe45b33d125731cc561468e16cea2289a7b5cb01cad,ESM,IT-1997-0004,IT.CLF..HNN.D.IT-1997-0004.ACC.MP.ASC,validation,20,lhs-1,false,1.055345003920092,0.91186441049273859,0.058766975947465362,1.0991779467262428,24681357,canonical-shear-friction-v0.8.1
5d6536060944b31af00319f5b0ea40f2fa064fb69af91dc096fca0f791b82f45,ESM,IT-1997-0004,IT.CLF..HNN.D.IT-1997-0004.ACC.MP.ASC,validation,20,lhs-2,false,0.93530801801650687,0.953478937041492,0.050077687460435838,0.94748395915337158,24681357,canonical-shear-friction-v0.8.1
dc905f67b0ca80e772446dd0768e3aa1d86390de1173308a457cea4cbaddab9d,ESM,IT-1997-0004,IT.CLF..HNN.D.IT-1997-0004.ACC.MP.ASC,validation,20,lhs-3,false,0.98012715606141543,1.0955005541028737,0.043992240427104604,1.0147451705015114,24681357,canonical-shear-friction-v0.8.1
7dfd53b7d223103936812391275467284c4412a71c5aa855aeb51b423cd54549,ESM,IT-1997-0091,IT.NCR..HNE.D.IT-1997-0091.ACC.MP.ASC,pilot,3,nominal,true,1,1,0.050000000000000003,1,24681357,canonical-shear-friction-v0.8.1
3a2d7e8a0594e8f75590ec44b41ce8f21a39eb58277cdc5890902e3673c96246,ESM,IT-1997-0091,IT.NCR..HNE.D.IT-1997-0091.ACC.MP.ASC,pilot,3,lhs-1,false,1.055345003920092,0.91186441049273859,0.058766975947465362,1.0991779467262428,24681357,canonical-shear-friction-v0.8.1
c57915355ef8af05aac85eb6c6067ea76df9bce44d971cbf12ac117e29088c80,ESM,IT-1997-0091,IT.NCR..HNE.D.IT-1997-0091.ACC.MP.ASC,pilot,3,lhs-2,false,0.93530801801650687,0.953478937041492,0.050077687460435838,0.94748395915337158,24681357,canonical-shear-friction-v0.8.1
cb58dfdc45c45203166ff3f2d4505e1442752a7152043376460667d9ad4b4a8c,ESM,IT-1997-0091,IT.NCR..HNE.D.IT-1997-0091.ACC.MP.ASC,pilot,3,lhs-3,false,0.98012715606141543,1.0955005541028737,0.043992240427104604,1.0147451705015114,24681357,canonical-shear-friction-v0.8.1
a687ec6ae9085fa7eedf1ff0eecb1f2ba2042d9a8f609c5448c1088aabf4e35e,ESM,IT-1997-0091,IT.NCR..HNE.D.IT-1997-0091.ACC.MP.ASC,pilot,6,nominal,true,1,1,0.050000000000000003,1,24681357,canonical-shear-friction-v0.8.1
a80baf52c9937d96baeff4ddae37df8886ec60dfbacb781abf4c7f41f391c6ea,ESM,IT-1997-0091,IT.NCR..HNE.D.IT-1997-0091.ACC.MP.ASC,pilot,6,lhs-1,false,1.055345003920092,0.91186441049273859,0.058766975947465362,1.0991779467262428,24681357,canonical-shear-friction-v0.8.1
ab7c01c0e0c1738e27d3ba858147bd420e4950b12d274c17343f23658206c71b,ESM,IT-1997-0091,IT.NCR..HNE.D.IT-1997-0091.ACC.MP.ASC,pilot,6,lhs-2,false,0.93530801801650687,0.953478937041492,0.050077687460435838,0.94748395915337158,24681357,canonical-shear-friction-v0.8.1
76c82387a1e65941f26a175abf66582b43e070c087d963617f1d34654cea9dff,ESM,IT-1997-0091,IT.NCR..HNE.D.IT-1997-0091.ACC.MP.ASC,pilot,6,lhs-3,false,0.98012715606141543,1.0955005541028737,0.043992240427104604,1.0147451705015114,24681357,canonical-shear-friction-v0.8.1
5b29402bd0d080f1eb5e6bc2e7d14bac4542ba5ff8dcc6f728e260ed2b814746,ESM,IT-1997-0091,IT.NCR..HNE.D.IT-1997-0091.ACC.MP.ASC,pilot,10,nominal,true,1,1,0.050000000000000003,1,24681357,canonical-shear-friction-v0.8.1
50edf24ef6cd50a3f54cc27ab463338ec44285bc04670aa81409ca859187c2ff,ESM,IT-1997-0091,IT.NCR..HNE.D.IT-1997-0091.ACC.MP.ASC,pilot,10,lhs-1,false,1.055345003920092,0.91186441049273859,0.058766975947465362,1.0991779467262428,24681357,canonical-shear-friction-v0.8.1
3aa96efab2563942b73bfddbc346273b90337069c1ffc41dced595ffb3af135e,ESM,IT-1997-0091,IT.NCR..HNE.D.IT-1997-0091.ACC.MP.ASC,pilot,10,lhs-2,false,0.93530801801650687,0.953478937041492,0.050077687460435838,0.94748395915337158,24681357,canonical-shear-friction-v0.8.1
271581a683f1023514ed41aae6f58c3d6f8be373b1861f6e3120b72de1c60ec1,ESM,IT-1997-0091,IT.NCR..HNE.D.IT-1997-0091.ACC.MP.ASC,pilot,10,lhs-3,false,0.98012715606141543,1.0955005541028737,0.043992240427104604,1.0147451705015114,24681357,canonical-shear-friction-v0.8.1
c5d967c6f0010af627d2134a03205075a34cb4fe73b50004d08de5909a4b4a54,ESM,IT-1997-0091,IT.NCR..HNE.D.IT-1997-0091.ACC.MP.ASC,pilot,20,nominal,true,1,1,0.050000000000000003,1,24681357,canonical-shear-friction-v0.8.1
a528519415f184f04afe34eb584038f86d70be92b386f3f15faac2183e646c75,ESM,IT-1997-0091,IT.NCR..HNE.D.IT-1997-0091.ACC.MP.ASC,pilot,20,lhs-1,false,1.055345003920092,0.91186441049273859,0.058766975947465362,1.0991779467262428,24681357,canonical-shear-friction-v0.8.1
b5f1208a93273621a9d0e3cb355ea197914d1beb5c50516e02af33a6cadffdf9,ESM,IT-1997-0091,IT.NCR..HNE.D.IT-1997-0091.ACC.MP.ASC,pilot,20,lhs-2,false,0.93530801801650687,0.953478937041492,0.050077687460435838,0.94748395915337158,24681357,canonical-shear-friction-v0.8.1
0530fe86fcc7e763c064dfca1d1ce8c612317ae6a3e585f9a2258e28a5cd9c12,ESM,IT-1997-0091,IT.NCR..HNE.D.IT-1997-0091.ACC.MP.ASC,pilot,20,lhs-3,false,0.98012715606141543,1.0955005541028737,0.043992240427104604,1.0147451705015114,24681357,canonical-shear-friction-v0.8.1
ad136425e010f02d91f7ea007d7f5424399c736204e9731263e20a1277176ec4,ESM,IT-1997-0091,IT.NCR2..HNN.D.IT-1997-0091.ACC.MP.ASC,pilot,3,nominal,true,1,1,0.050000000000000003,1,24681357,canonical-shear-friction-v0.8.1
8e91fae3b0f3c8d301eb3ee737b596faf0be9579d9fc2929c35ecb45cae31e6f,ESM,IT-1997-0091,IT.NCR2..HNN.D.IT-1997-0091.ACC.MP.ASC,pilot,3,lhs-1,false,1.055345003920092,0.91186441049273859,0.058766975947465362,1.0991779467262428,24681357,canonical-shear-friction-v0.8.1
63d0b8edab2e4e586023849d9ecbe81ebfe25ebd9adca23f9241911b2a742809,ESM,IT-1997-0091,IT.NCR2..HNN.D.IT-1997-0091.ACC.MP.ASC,pilot,3,lhs-2,false,0.93530801801650687,0.953478937041492,0.050077687460435838,0.94748395915337158,24681357,canonical-shear-friction-v0.8.1
99ba6716daaf90120dd7028d48ce092b897c3e2f7a8c749dc78b055f38d7ecd1,ESM,IT-1997-0091,IT.NCR2..HNN.D.IT-1997-0091.ACC.MP.ASC,pilot,3,lhs-3,false,0.98012715606141543,1.0955005541028737,0.043992240427104604,1.0147451705015114,24681357,canonical-shear-friction-v0.8.1
cb5d5c88fdbb7eb706f06b50e5f1ed5dac4fba877e22faff07b5836fe5f60e43,ESM,IT-1997-0091,IT.NCR2..HNN.D.IT-1997-0091.ACC.MP.ASC,pilot,6,nominal,true,1,1,0.050000000000000003,1,24681357,canonical-shear-friction-v0.8.1
f1bddc547294fbbd8aea7b8e18b602ee2050363e23a101511c74188f37628267,ESM,IT-1997-0091,IT.NCR2..HNN.D.IT-1997-0091.ACC.MP.ASC,pilot,6,lhs-1,false,1.055345003920092,0.91186441049273859,0.058766975947465362,1.0991779467262428,24681357,canonical-shear-friction-v0.8.1
251a4ce4cd3a0f782af9e661034529817fdcf709a7850f41404f75c4bd59b917,ESM,IT-1997-0091,IT.NCR2..HNN.D.IT-1997-0091.ACC.MP.ASC,pilot,6,lhs-2,false,0.93530801801650687,0.953478937041492,0.050077687460435838,0.94748395915337158,24681357,canonical-shear-friction-v0.8.1
9c917917d1bfe8dcd01e1daed471204312f4122bccc0a6108ab4d84f63eba5e1,ESM,IT-1997-0091,IT.NCR2..HNN.D.IT-1997-0091.ACC.MP.ASC,pilot,6,lhs-3,false,0.98012715606141543,1.0955005541028737,0.043992240427104604,1.0147451705015114,24681357,canonical-shear-friction-v0.8.1
a44c16740f26df8c67ac76d4b1ea211905a71881c15fd6a234725bccd3b9924e,ESM,IT-1997-0091,IT.NCR2..HNN.D.IT-1997-0091.ACC.MP.ASC,pilot,10,nominal,true,1,1,0.050000000000000003,1,24681357,canonical-shear-friction-v0.8.1
4ed56745878b73bde3bea2243a44d3356728bab681f4de07807a4c7188718f30,ESM,IT-1997-0091,IT.NCR2..HNN.D.IT-1997-0091.ACC.MP.ASC,pilot,10,lhs-1,false,1.055345003920092,0.91186441049273859,0.058766975947465362,1.0991779467262428,24681357,canonical-shear-friction-v0.8.1
cc12f03c5aada78db2c6292faad57d61a10dc3ee3afe7a46579e73469f278696,ESM,IT-1997-0091,IT.NCR2..HNN.D.IT-1997-0091.ACC.MP.ASC,pilot,10,lhs-2,false,0.93530801801650687,0.953478937041492,0.050077687460435838,0.94748395915337158,24681357,canonical-shear-friction-v0.8.1
28ffeaafc89e040b66b7015c51b0c10ed2a46fa1885ca3100651d20ddd089e93,ESM,IT-1997-0091,IT.NCR2..HNN.D.IT-1997-0091.ACC.MP.ASC,pilot,10,lhs-3,false,0.98012715606141543,1.0955005541028737,0.043992240427104604,1.0147451705015114,24681357,canonical-shear-friction-v0.8.1
d4f3d73f8eb21c76647d44b27407daead1d57137e1c412044edf7803b855d05a,ESM,IT-1997-0091,IT.NCR2..HNN.D.IT-1997-0091.ACC.MP.ASC,pilot,20,nominal,true,1,1,0.050000000000000003,1,24681357,canonical-shear-friction-v0.8.1
e3333c30dae988b95d4e99e72b609e6fc4c507422749ff0bd0ff9ba3bf9d2a54,ESM,IT-1997-0091,IT.NCR2..HNN.D.IT-1997-0091.ACC.MP.ASC,pilot,20,lhs-1,false,1.055345003920092,0.91186441049273859,0.058766975947465362,1.0991779467262428,24681357,canonical-shear-friction-v0.8.1
85066d818796f78f52eb13d29ef3cc8604079c4da04ee33d51ab6640fcab9753,ESM,IT-1997-0091,IT.NCR2..HNN.D.IT-1997-0091.ACC.MP.ASC,pilot,20,lhs-2,false,0.93530801801650687,0.953478937041492,0.050077687460435838,0.94748395915337158,24681357,canonical-shear-friction-v0.8.1
6ca6099cd8fd674cd920211970b43a5c31ff15eef713cb064a89e66e147b4a07,ESM,IT-1997-0091,IT.NCR2..HNN.D.IT-1997-0091.ACC.MP.ASC,pilot,20,lhs-3,false,0.98012715606141543,1.0955005541028737,0.043992240427104604,1.0147451705015114,24681357,canonical-shear-friction-v0.8.1
0d6d1e983bac16754dc80c1f4ac4a09d5022973b4ede25942b1488cf84d27fd6,ESM,IT-1997-0091,IT.NCB..HNE.D.IT-1997-0091.ACC.MP.ASC,pilot,3,nominal,true,1,1,0.050000000000000003,1,24681357,canonical-shear-friction-v0.8.1
71aa8355d30a3e57cf3e54612a3c94d30e619dea25c61ed5622faaf5664724e0,ESM,IT-1997-0091,IT.NCB..HNE.D.IT-1997-0091.ACC.MP.ASC,pilot,3,lhs-1,false,1.055345003920092,0.91186441049273859,0.058766975947465362,1.0991779467262428,24681357,canonical-shear-friction-v0.8.1
b7be98214c57a171e0877fc8413c41df6ef66cf2d60036a7275ce4bad353b342,ESM,IT-1997-0091,IT.NCB..HNE.D.IT-1997-0091.ACC.MP.ASC,pilot,3,lhs-2,false,0.93530801801650687,0.953478937041492,0.050077687460435838,0.94748395915337158,24681357,canonical-shear-friction-v0.8.1
14ee03e6862080b135f6887b4c484c9eb07bb86bffbfb8572fa8224f7e0a4f7c,ESM,IT-1997-0091,IT.NCB..HNE.D.IT-1997-0091.ACC.MP.ASC,pilot,3,lhs-3,false,0.98012715606141543,1.0955005541028737,0.043992240427104604,1.0147451705015114,24681357,canonical-shear-friction-v0.8.1
974042de18127a3307fcaf1827c672bd60a1abc57e85b6464ec08181b1ecffd3,ESM,IT-1997-0091,IT.NCB..HNE.D.IT-1997-0091.ACC.MP.ASC,pilot,6,nominal,true,1,1,0.050000000000000003,1,24681357,canonical-shear-friction-v0.8.1
20af9f71a86a1afbee8e7cbd382c402d68f76859bd0c4638790aab2aa7b17dfb,ESM,IT-1997-0091,IT.NCB..HNE.D.IT-1997-0091.ACC.MP.ASC,pilot,6,lhs-1,false,1.055345003920092,0.91186441049273859,0.058766975947465362,1.0991779467262428,24681357,canonical-shear-friction-v0.8.1
f73e8697e60a05434327875ff92a35d67d3a945f822d547c9de20f86099f0998,ESM,IT-1997-0091,IT.NCB..HNE.D.IT-1997-0091.ACC.MP.ASC,pilot,6,lhs-2,false,0.93530801801650687,0.953478937041492,0.050077687460435838,0.94748395915337158,24681357,canonical-shear-friction-v0.8.1
8bded784441ef3a7c5b57d9d0add7e34f252f3e5b86c06b2331541856b2b3ebc,ESM,IT-1997-0091,IT.NCB..HNE.D.IT-1997-0091.ACC.MP.ASC,pilot,6,lhs-3,false,0.98012715606141543,1.0955005541028737,0.043992240427104604,1.0147451705015114,24681357,canonical-shear-friction-v0.8.1
7ee7c3322defbbbaaa2086e953a5b5bdfd8cef3037719be51abb2f8b702381a0,ESM,IT-1997-0091,IT.NCB..HNE.D.IT-1997-0091.ACC.MP.ASC,pilot,10,nominal,true,1,1,0.050000000000000003,1,24681357,canonical-shear-friction-v0.8.1
5733eab4e19b1670b43c6537b1696faca336748bfdf77394b852394dbac722cc,ESM,IT-1997-0091,IT.NCB..HNE.D.IT-1997-0091.ACC.MP.ASC,pilot,10,lhs-1,false,1.055345003920092,0.91186441049273859,0.058766975947465362,1.0991779467262428,24681357,canonical-shear-friction-v0.8.1
7a5b54a6f3ba0c31bdd69abb5275b84fcc796abfbaf6cbb9634c89d3e2defeba,ESM,IT-1997-0091,IT.NCB..HNE.D.IT-1997-0091.ACC.MP.ASC,pilot,10,lhs-2,false,0.93530801801650687,0.953478937041492,0.050077687460435838,0.94748395915337158,24681357,canonical-shear-friction-v0.8.1
0a5d1a27b35f6ef76de56631e19f41e7b07e1b8d75eb0576d79dac5ca99b80c8,ESM,IT-1997-0091,IT.NCB..HNE.D.IT-1997-0091.ACC.MP.ASC,pilot,10,lhs-3,false,0.98012715606141543,1.0955005541028737,0.043992240427104604,1.0147451705015114,24681357,canonical-shear-friction-v0.8.1
cf01b067e7e46108f1242d9ad656e00d3cf734719addbea0cc3252beb22ec11e,ESM,IT-1997-0091,IT.NCB..HNE.D.IT-1997-0091.ACC.MP.ASC,pilot,20,nominal,true,1,1,0.050000000000000003,1,24681357,canonical-shear-friction-v0.8.1
b28366a672febc61e317b7568009a65003ce1fc7271d96334e164a32e4bd586d,ESM,IT-1997-0091,IT.NCB..HNE.D.IT-1997-0091.ACC.MP.ASC,pilot,20,lhs-1,false,1.055345003920092,0.91186441049273859,0.058766975947465362,1.0991779467262428,24681357,canonical-shear-friction-v0.8.1
ba0ff1bb5aafb1726a50658fd309d142a2bd7e1f50c3d598191d678187b81bd0,ESM,IT-1997-0091,IT.NCB..HNE.D.IT-1997-0091.ACC.MP.ASC,pilot,20,lhs-2,false,0.93530801801650687,0.953478937041492,0.050077687460435838,0.94748395915337158,24681357,canonical-shear-friction-v0.8.1
1c563b1d8386d37df7693356dc2bee4afc69ee0737608677e349b3a316baf253,ESM,IT-1997-0091,IT.NCB..HNE.D.IT-1997-0091.ACC.MP.ASC,pilot,20,lhs-3,false,0.98012715606141543,1.0955005541028737,0.043992240427104604,1.0147451705015114,24681357,canonical-shear-friction-v0.8.1
3c3fb6a502ab5df1a4c3ba3ee0ed6f081f6c5520767512984e66ab145857336f,ESM,IT-1997-0091,IT.NCM..HNE.D.IT-1997-0091.ACC.MP.ASC,pilot,3,nominal,true,1,1,0.050000000000000003,1,24681357,canonical-shear-friction-v0.8.1
b8f0835b36ceb46248bd69a6e2d81822e99165b8cfed59ca85d43c21f7d2b694,ESM,IT-1997-0091,IT.NCM..HNE.D.IT-1997-0091.ACC.MP.ASC,pilot,3,lhs-1,false,1.055345003920092,0.91186441049273859,0.058766975947465362,1.0991779467262428,24681357,canonical-shear-friction-v0.8.1
8290b99389e7c6731e00bc26eabd159f4cfbeb31a773aa6c59785c54bc0b644b,ESM,IT-1997-0091,IT.NCM..HNE.D.IT-1997-0091.ACC.MP.ASC,pilot,3,lhs-2,false,0.93530801801650687,0.953478937041492,0.050077687460435838,0.94748395915337158,24681357,canonical-shear-friction-v0.8.1
e633175fda58222e07368aa774dffe164928a838e257e41cf4cdc0919d889bfa,ESM,IT-1997-0091,IT.NCM..HNE.D.IT-1997-0091.ACC.MP.ASC,pilot,3,lhs-3,false,0.98012715606141543,1.0955005541028737,0.043992240427104604,1.0147451705015114,24681357,canonical-shear-friction-v0.8.1
85789a9a1693b84f6e28f5a58aa5a23ea0d8dfdeb4492e21a045efc07d4e375c,ESM,IT-1997-0091,IT.NCM..HNE.D.IT-1997-0091.ACC.MP.ASC,pilot,6,nominal,true,1,1,0.050000000000000003,1,24681357,canonical-shear-friction-v0.8.1
c4918dc40052d2854cd9479b350b097fc0863f6f2c6bc8eb77fe7dacfb94c53b,ESM,IT-1997-0091,IT.NCM..HNE.D.IT-1997-0091.ACC.MP.ASC,pilot,6,lhs-1,false,1.055345003920092,0.91186441049273859,0.058766975947465362,1.0991779467262428,24681357,canonical-shear-friction-v0.8.1
e423b880f4a251e80d7c794ce8a7f0ca581fd90cc6da4b8ccb573899d764b949,ESM,IT-1997-0091,IT.NCM..HNE.D.IT-1997-0091.ACC.MP.ASC,pilot,6,lhs-2,false,0.93530801801650687,0.953478937041492,0.050077687460435838,0.94748395915337158,24681357,canonical-shear-friction-v0.8.1
199e1fc50f10709164be585052a5079646cfd0bb50a7fd76590458eda0cc62ad,ESM,IT-1997-0091,IT.NCM..HNE.D.IT-1997-0091.ACC.MP.ASC,pilot,6,lhs-3,false,0.98012715606141543,1.0955005541028737,0.043992240427104604,1.0147451705015114,24681357,canonical-shear-friction-v0.8.1
ef369594f31dbfbd7cce7c27a618c2674dba1cb818601fa1f68ac5fc818cb479,ESM,IT-1997-0091,IT.NCM..HNE.D.IT-1997-0091.ACC.MP.ASC,pilot,10,nominal,true,1,1,0.050000000000000003,1,24681357,canonical-shear-friction-v0.8.1
3ef8bf428d5682f6a308a83eb098aa611c6e26b6a90bc373b2758931c44533e3,ESM,IT-1997-0091,IT.NCM..HNE.D.IT-1997-0091.ACC.MP.ASC,pilot,10,lhs-1,false,1.055345003920092,0.91186441049273859,0.058766975947465362,1.0991779467262428,24681357,canonical-shear-friction-v0.8.1
8016faad05c73c5f4eeaa9f39987abbe77b7d7285a25868fe5e403ad29156600,ESM,IT-1997-0091,IT.NCM..HNE.D.IT-1997-0091.ACC.MP.ASC,pilot,10,lhs-2,false,0.93530801801650687,0.953478937041492,0.050077687460435838,0.94748395915337158,24681357,canonical-shear-friction-v0.8.1
2d6af8a2e4ee608bbb9aaddaccd64965cb2b47c24e08bb4c416501c6ea2379c7,ESM,IT-1997-0091,IT.NCM..HNE.D.IT-1997-0091.ACC.MP.ASC,pilot,10,lhs-3,false,0.98012715606141543,1.0955005541028737,0.043992240427104604,1.0147451705015114,24681357,canonical-shear-friction-v0.8.1
5e5ec10112d5d00eccad76fe8337af922bac51957bc4f68e6293b9f03533a0b4,ESM,IT-1997-0091,IT.NCM..HNE.D.IT-1997-0091.ACC.MP.ASC,pilot,20,nominal,true,1,1,0.050000000000000003,1,24681357,canonical-shear-friction-v0.8.1
bd0fb190ed8174686a54a52773d5045f93930846364e1418663cbe55676783fd,ESM,IT-1997-0091,IT.NCM..HNE.D.IT-1997-0091.ACC.MP.ASC,pilot,20,lhs-1,false,1.055345003920092,0.91186441049273859,0.058766975947465362,1.0991779467262428,24681357,canonical-shear-friction-v0.8.1
987b8bff2e28f651b4ec665bd43f3bd1141e5c39eeab3aa1b13c33f9ef28d3d8,ESM,IT-1997-0091,IT.NCM..HNE.D.IT-1997-0091.ACC.MP.ASC,pilot,20,lhs-2,false,0.93530801801650687,0.953478937041492,0.050077687460435838,0.94748395915337158,24681357,canonical-shear-friction-v0.8.1
4285b48963d9bbf2bddb8377e8c77311efb570b98399c9393aab3c4c501fb93a,ESM,IT-1997-0091,IT.NCM..HNE.D.IT-1997-0091.ACC.MP.ASC,pilot,20,lhs-3,false,0.98012715606141543,1.0955005541028737,0.043992240427104604,1.0147451705015114,24681357,canonical-shear-friction-v0.8.1
9fe30917f172e8c059f868a58045375e66249f6413c1c0ca7d9d0751e1559f5c,ESM,EMSC-20161026_0000095,IT.PRE..HGE.D.EMSC-20161026_0000095.ACC.MP.ASC,pilot,3,nominal,true,1,1,0.050000000000000003,1,24681357,canonical-shear-friction-v0.8.1
7da144944ea0ebf980b9c42d5769f9c78c9d36b43a71332cf9ce15f7ed01b107,ESM,EMSC-20161026_0000095,IT.PRE..HGE.D.EMSC-20161026_0000095.ACC.MP.ASC,pilot,3,lhs-1,false,1.055345003920092,0.91186441049273859,0.058766975947465362,1.0991779467262428,24681357,canonical-shear-friction-v0.8.1
fe1db652cb36c499d98698b12e8d2fa718526b241f0242b2bdd2a0d3b0f26d8b,ESM,EMSC-20161026_0000095,IT.PRE..HGE.D.EMSC-20161026_0000095.ACC.MP.ASC,pilot,3,lhs-2,false,0.93530801801650687,0.953478937041492,0.050077687460435838,0.94748395915337158,24681357,canonical-shear-friction-v0.8.1
0dc67ef1541cb3ad4aadca18e5a94baf8a60164fe1057875daf48443a2477e33,ESM,EMSC-20161026_0000095,IT.PRE..HGE.D.EMSC-20161026_0000095.ACC.MP.ASC,pilot,3,lhs-3,false,0.98012715606141543,1.0955005541028737,0.043992240427104604,1.0147451705015114,24681357,canonical-shear-friction-v0.8.1
1df3451a3bec588acbded3b3af6f769bcd76b50b2cf1b4e32a45c31fb84de515,ESM,EMSC-20161026_0000095,IT.PRE..HGE.D.EMSC-20161026_0000095.ACC.MP.ASC,pilot,6,nominal,true,1,1,0.050000000000000003,1,24681357,canonical-shear-friction-v0.8.1
acfbbeee5349630d6bd02d01b7d673cf13a3b0358cfb804cb8c40b3e2218d49d,ESM,EMSC-20161026_0000095,IT.PRE..HGE.D.EMSC-20161026_0000095.ACC.MP.ASC,pilot,6,lhs-1,false,1.055345003920092,0.91186441049273859,0.058766975947465362,1.0991779467262428,24681357,canonical-shear-friction-v0.8.1
b029cc4debf4b00471f271b36b72443cf8948a3fa1e4fe354f645dc35f6cdd03,ESM,EMSC-20161026_0000095,IT.PRE..HGE.D.EMSC-20161026_0000095.ACC.MP.ASC,pilot,6,lhs-2,false,0.93530801801650687,0.953478937041492,0.050077687460435838,0.94748395915337158,24681357,canonical-shear-friction-v0.8.1
171ac1a3b00eab9bf25ba09e967731d490eb84e39ea8c03753480de1f7df445b,ESM,EMSC-20161026_0000095,IT.PRE..HGE.D.EMSC-20161026_0000095.ACC.MP.ASC,pilot,6,lhs-3,false,0.98012715606141543,1.0955005541028737,0.043992240427104604,1.0147451705015114,24681357,canonical-shear-friction-v0.8.1
376e6f462e45a977eef38fe68375f25dd6288ce904ff4892ae875c49d0efe057,ESM,EMSC-20161026_0000095,IT.PRE..HGE.D.EMSC-20161026_0000095.ACC.MP.ASC,pilot,10,nominal,true,1,1,0.050000000000000003,1,24681357,canonical-shear-friction-v0.8.1
852e956e577c71df913937c99cd779cca3067979e36cd8936955f0bebb848950,ESM,EMSC-20161026_0000095,IT.PRE..HGE.D.EMSC-20161026_0000095.ACC.MP.ASC,pilot,10,lhs-1,false,1.055345003920092,0.91186441049273859,0.058766975947465362,1.0991779467262428,24681357,canonical-shear-friction-v0.8.1
bf42ac255ec1f04d9ec6ec04b88e7972d48b1246c9c332c4feda7f4161c4d537,ESM,EMSC-20161026_0000095,IT.PRE..HGE.D.EMSC-20161026_0000095.ACC.MP.ASC,pilot,10,lhs-2,false,0.93530801801650687,0.953478937041492,0.050077687460435838,0.94748395915337158,24681357,canonical-shear-friction-v0.8.1
99f77d1474b624604e411535d9a6704acf25eea2a69d78ef78290ce3d64d1378,ESM,EMSC-20161026_0000095,IT.PRE..HGE.D.EMSC-20161026_0000095.ACC.MP.ASC,pilot,10,lhs-3,false,0.98012715606141543,1.0955005541028737,0.043992240427104604,1.0147451705015114,24681357,canonical-shear-friction-v0.8.1
76492fff107f0f293929d25a13ecb5bcba3eec29a5ba4498af0e77b2b471904d,ESM,EMSC-20161026_0000095,IT.PRE..HGE.D.EMSC-20161026_0000095.ACC.MP.ASC,pilot,20,nominal,true,1,1,0.050000000000000003,1,24681357,canonical-shear-friction-v0.8.1
1ea461f4389c83a52f128336ce6fe308835272e52bd272d024b20dc745257bc4,ESM,EMSC-20161026_0000095,IT.PRE..HGE.D.EMSC-20161026_0000095.ACC.MP.ASC,pilot,20,lhs-1,false,1.055345003920092,0.91186441049273859,0.058766975947465362,1.0991779467262428,24681357,canonical-shear-friction-v0.8.1
d851f5f2f03ab108317da53c81f3dd91fc12b06df763c67791841ff324b5da56,ESM,EMSC-20161026_0000095,IT.PRE..HGE.D.EMSC-20161026_0000095.ACC.MP.ASC,pilot,20,lhs-2,false,0.93530801801650687,0.953478937041492,0.050077687460435838,0.94748395915337158,24681357,canonical-shear-friction-v0.8.1
5e13fd88cdc1fccc88eb3d21847f5f47b1023343e89e223a0a63c1f1df0d4116,ESM,EMSC-20161026_0000095,IT.PRE..HGE.D.EMSC-20161026_0000095.ACC.MP.ASC,pilot,20,lhs-3,false,0.98012715606141543,1.0955005541028737,0.043992240427104604,1.0147451705015114,24681357,canonical-shear-friction-v0.8.1
0584ade2de50f385a98ae6413d281fdd833062fec0de676b237c4b73462ef9d1,ESM,EMSC-20161026_0000095,8P.T1216..HNE.D.EMSC-20161026_0000095.ACC.MP.ASC,pilot,3,nominal,true,1,1,0.050000000000000003,1,24681357,canonical-shear-friction-v0.8.1
99805c8c84795e841c486f47785cd89addad86cfc866d4652c04270eee13679b,ESM,EMSC-20161026_0000095,8P.T1216..HNE.D.EMSC-20161026_0000095.ACC.MP.ASC,pilot,3,lhs-1,false,1.055345003920092,0.91186441049273859,0.058766975947465362,1.0991779467262428,24681357,canonical-shear-friction-v0.8.1
c22b639f9cda038f9e5fd06a09686b2959430d465fe51e616963c692f1cc829d,ESM,EMSC-20161026_0000095,8P.T1216..HNE.D.EMSC-20161026_0000095.ACC.MP.ASC,pilot,3,lhs-2,false,0.93530801801650687,0.953478937041492,0.050077687460435838,0.94748395915337158,24681357,canonical-shear-friction-v0.8.1
fe8df4a3d3d156b451312bcef90435a77952f936b55c45a15f1f2324ff6dce0c,ESM,EMSC-20161026_0000095,8P.T1216..HNE.D.EMSC-20161026_0000095.ACC.MP.ASC,pilot,3,lhs-3,false,0.98012715606141543,1.0955005541028737,0.043992240427104604,1.0147451705015114,24681357,canonical-shear-friction-v0.8.1
ea93e2bc1b27d8e89bc80101a6b985a40df7986db163d581285695bcaa30aab8,ESM,EMSC-20161026_0000095,8P.T1216..HNE.D.EMSC-20161026_0000095.ACC.MP.ASC,pilot,6,nominal,true,1,1,0.050000000000000003,1,24681357,canonical-shear-friction-v0.8.1
38e8fbf5fb45e64ff774f85cb3063ea001d791a2411090d68e3b696bec257456,ESM,EMSC-20161026_0000095,8P.T1216..HNE.D.EMSC-20161026_0000095.ACC.MP.ASC,pilot,6,lhs-1,false,1.055345003920092,0.91186441049273859,0.058766975947465362,1.0991779467262428,24681357,canonical-shear-friction-v0.8.1
22db69c0533c9218d4e4b653049b8232f3cd109c38985513db0b7b41c8cbed82,ESM,EMSC-20161026_0000095,8P.T1216..HNE.D.EMSC-20161026_0000095.ACC.MP.ASC,pilot,6,lhs-2,false,0.93530801801650687,0.953478937041492,0.050077687460435838,0.94748395915337158,24681357,canonical-shear-friction-v0.8.1
c2f649a5e42efbb1e0aaa84bcd26e3dea0419ede9861e234bd74071b647a8358,ESM,EMSC-20161026_0000095,8P.T1216..HNE.D.EMSC-20161026_0000095.ACC.MP.ASC,pilot,6,lhs-3,false,0.98012715606141543,1.0955005541028737,0.043992240427104604,1.0147451705015114,24681357,canonical-shear-friction-v0.8.1
3c3632059dbda0f717ea532d740a0c37bf67ae5de536586a68ab0a81aa280352,ESM,EMSC-20161026_0000095,8P.T1216..HNE.D.EMSC-20161026_0000095.ACC.MP.ASC,pilot,10,nominal,true,1,1,0.050000000000000003,1,24681357,canonical-shear-friction-v0.8.1
6783e810449e6e148524f8e1204f63ac43f6a1e8e3440fa455b5805c604425dd,ESM,EMSC-20161026_0000095,8P.T1216..HNE.D.EMSC-20161026_0000095.ACC.MP.ASC,pilot,10,lhs-1,false,1.055345003920092,0.91186441049273859,0.058766975947465362,1.0991779467262428,24681357,canonical-shear-friction-v0.8.1
13d06f892c30243cdc1b5de2bbcc551e4d20f98d4a54e2a192f21483ef2093aa,ESM,EMSC-20161026_0000095,8P.T1216..HNE.D.EMSC-20161026_0000095.ACC.MP.ASC,pilot,10,lhs-2,false,0.93530801801650687,0.953478937041492,0.050077687460435838,0.94748395915337158,24681357,canonical-shear-friction-v0.8.1
513ac4b06d458c28614260195349a4917f467a3fd5f38e3153dee406b4417e37,ESM,EMSC-20161026_0000095,8P.T1216..HNE.D.EMSC-20161026_0000095.ACC.MP.ASC,pilot,10,lhs-3,false,0.98012715606141543,1.0955005541028737,0.043992240427104604,1.0147451705015114,24681357,canonical-shear-friction-v0.8.1
bd89bd01192fd39b532af79f6cfa5ec2a8e50653efda69578587861e957a587a,ESM,EMSC-20161026_0000095,8P.T1216..HNE.D.EMSC-20161026_0000095.ACC.MP.ASC,pilot,20,nominal,true,1,1,0.050000000000000003,1,24681357,canonical-shear-friction-v0.8.1
c54ec74bde088ef3234afe9f28239ca4218bc8816ec93e858c888e917373fcb5,ESM,EMSC-20161026_0000095,8P.T1216..HNE.D.EMSC-20161026_0000095.ACC.MP.ASC,pilot,20,lhs-1,false,1.055345003920092,0.91186441049273859,0.058766975947465362,1.0991779467262428,24681357,canonical-shear-friction-v0.8.1
a947665761e0306544537056b8e8881a06ca5b03c61647a2a3f6e01889b91f44,ESM,EMSC-20161026_0000095,8P.T1216..HNE.D.EMSC-20161026_0000095.ACC.MP.ASC,pilot,20,lhs-2,false,0.93530801801650687,0.953478937041492,0.050077687460435838,0.94748395915337158,24681357,canonical-shear-friction-v0.8.1
1ad0d90cc2fecf351b5a0c8be4ddadb89f2fbd23546ac7ace8bd8c94fd3d8f27,ESM,EMSC-20161026_0000095,8P.T1216..HNE.D.EMSC-20161026_0000095.ACC.MP.ASC,pilot,20,lhs-3,false,0.98012715606141543,1.0955005541028737,0.043992240427104604,1.0147451705015114,24681357,canonical-shear-friction-v0.8.1
aa420f32d2594c499d6d5067a51f3b472e74f8adc65b0474db81fe1892812c00,ESM,EMSC-20161026_0000095,IT.FOC..HGE.D.EMSC-20161026_0000095.ACC.MP.ASC,pilot,3,nominal,true,1,1,0.050000000000000003,1,24681357,canonical-shear-friction-v0.8.1
4fc9f336228d66ca7c2d7b763e39a45c15d12c95b965b83e5ebec49a42374868,ESM,EMSC-20161026_0000095,IT.FOC..HGE.D.EMSC-20161026_0000095.ACC.MP.ASC,pilot,3,lhs-1,false,1.055345003920092,0.91186441049273859,0.058766975947465362,1.0991779467262428,24681357,canonical-shear-friction-v0.8.1
71fa9c5d1b890678da27845749cd15919a6b757714d2a23c678b30dba1d3e2e4,ESM,EMSC-20161026_0000095,IT.FOC..HGE.D.EMSC-20161026_0000095.ACC.MP.ASC,pilot,3,lhs-2,false,0.93530801801650687,0.953478937041492,0.050077687460435838,0.94748395915337158,24681357,canonical-shear-friction-v0.8.1
619ff1cdec2b1efae3f211de39aeceb4a980810d116eaaaad062068c80ce8a51,ESM,EMSC-20161026_0000095,IT.FOC..HGE.D.EMSC-20161026_0000095.ACC.MP.ASC,pilot,3,lhs-3,false,0.98012715606141543,1.0955005541028737,0.043992240427104604,1.0147451705015114,24681357,canonical-shear-friction-v0.8.1
d916154de7f6202c07910ecd8c25bbef5cd2dae630fa94697e81720428bed999,ESM,EMSC-20161026_0000095,IT.FOC..HGE.D.EMSC-20161026_0000095.ACC.MP.ASC,pilot,6,nominal,true,1,1,0.050000000000000003,1,24681357,canonical-shear-friction-v0.8.1
b372b24234ff562054d3e9d524c4671ca52d5daac107a2c0c612ed0aaa633e70,ESM,EMSC-20161026_0000095,IT.FOC..HGE.D.EMSC-20161026_0000095.ACC.MP.ASC,pilot,6,lhs-1,false,1.055345003920092,0.91186441049273859,0.058766975947465362,1.0991779467262428,24681357,canonical-shear-friction-v0.8.1
c2b6726e9329fdeba82f5407a24663e0cc8f1983ab067dc5d3cd6845334f8a64,ESM,EMSC-20161026_0000095,IT.FOC..HGE.D.EMSC-20161026_0000095.ACC.MP.ASC,pilot,6,lhs-2,false,0.93530801801650687,0.953478937041492,0.050077687460435838,0.94748395915337158,24681357,canonical-shear-friction-v0.8.1
e3146ca39d9b6e2424988492a9034af55d9d9144762d1f0a919db43c8ceeb056,ESM,EMSC-20161026_0000095,IT.FOC..HGE.D.EMSC-20161026_0000095.ACC.MP.ASC,pilot,6,lhs-3,false,0.98012715606141543,1.0955005541028737,0.043992240427104604,1.0147451705015114,24681357,canonical-shear-friction-v0.8.1
cebcf85e5b9af856cd6ded3847cc480b255cb24fb509f125595ef15de1904338,ESM,EMSC-20161026_0000095,IT.FOC..HGE.D.EMSC-20161026_0000095.ACC.MP.ASC,pilot,10,nominal,true,1,1,0.050000000000000003,1,24681357,canonical-shear-friction-v0.8.1
094ae2ef412d877455eb0959e21ee3831b13602470b5148b994bf15ea349b933,ESM,EMSC-20161026_0000095,IT.FOC..HGE.D.EMSC-20161026_0000095.ACC.MP.ASC,pilot,10,lhs-1,false,1.055345003920092,0.91186441049273859,0.058766975947465362,1.0991779467262428,24681357,canonical-shear-friction-v0.8.1
eea8a9768198bfe21d61d3f34fd11ef7902331e10c45ff5de718c15be511f5cc,ESM,EMSC-20161026_0000095,IT.FOC..HGE.D.EMSC-20161026_0000095.ACC.MP.ASC,pilot,10,lhs-2,false,0.93530801801650687,0.953478937041492,0.050077687460435838,0.94748395915337158,24681357,canonical-shear-friction-v0.8.1
407a0a3e54e3b1474f0dfc78f89c02930d80f248f5abdd20bc9d9523eb9d0c8b,ESM,EMSC-20161026_0000095,IT.FOC..HGE.D.EMSC-20161026_0000095.ACC.MP.ASC,pilot,10,lhs-3,false,0.98012715606141543,1.0955005541028737,0.043992240427104604,1.0147451705015114,24681357,canonical-shear-friction-v0.8.1
27d86f2948deb42e66e8a56f3cd110c375b441add2a02d43083d243ff840713f,ESM,EMSC-20161026_0000095,IT.FOC..HGE.D.EMSC-20161026_0000095.ACC.MP.ASC,pilot,20,nominal,true,1,1,0.050000000000000003,1,24681357,canonical-shear-friction-v0.8.1
e975fdf714b5870589af7d7cf010bb4c812ec492d0d69493b3537e97327b0ee8,ESM,EMSC-20161026_0000095,IT.FOC..HGE.D.EMSC-20161026_0000095.ACC.MP.ASC,pilot,20,lhs-1,false,1.055345003920092,0.91186441049273859,0.058766975947465362,1.0991779467262428,24681357,canonical-shear-friction-v0.8.1
b7f5c587c0a70ae34f2afb1d3a6fe077aec7769d72dc40b74c92247878f723fd,ESM,EMSC-20161026_0000095,IT.FOC..HGE.D.EMSC-20161026_0000095.ACC.MP.ASC,pilot,20,lhs-2,false,0.93530801801650687,0.953478937041492,0.050077687460435838,0.94748395915337158,24681357,canonical-shear-friction-v0.8.1
df4f95845810fd8518ae01f0647f5b27581f417a4b5f2591ad96da19c317fc63,ESM,EMSC-20161026_0000095,IT.FOC..HGE.D.EMSC-20161026_0000095.ACC.MP.ASC,pilot,20,lhs-3,false,0.98012715606141543,1.0955005541028737,0.043992240427104604,1.0147451705015114,24681357,canonical-shear-friction-v0.8.1
6f98d2788c91f2b224dbd986ecde96f02416cc0d071fc39fbfe830203fe01dd7,ESM,EMSC-20161026_0000095,IT.MMO..HGE.D.EMSC-20161026_0000095.ACC.MP.ASC,pilot,3,nominal,true,1,1,0.050000000000000003,1,24681357,canonical-shear-friction-v0.8.1
ee32fb845ddd5019f97eaf32e3bc115c9ffa37178f6e7ba8d71e326bc11218d9,ESM,EMSC-20161026_0000095,IT.MMO..HGE.D.EMSC-20161026_0000095.ACC.MP.ASC,pilot,3,lhs-1,false,1.055345003920092,0.91186441049273859,0.058766975947465362,1.0991779467262428,24681357,canonical-shear-friction-v0.8.1
10e3e87f3379733b56ab2c39b4a34aea5be18849a975a7e726f3345089e7f95d,ESM,EMSC-20161026_0000095,IT.MMO..HGE.D.EMSC-20161026_0000095.ACC.MP.ASC,pilot,3,lhs-2,false,0.93530801801650687,0.953478937041492,0.050077687460435838,0.94748395915337158,24681357,canonical-shear-friction-v0.8.1
9b9f67c2bd223e9073cad3094ad1963902c7dca09e1221976a9b68db67652e5d,ESM,EMSC-20161026_0000095,IT.MMO..HGE.D.EMSC-20161026_0000095.ACC.MP.ASC,pilot,3,lhs-3,false,0.98012715606141543,1.0955005541028737,0.043992240427104604,1.0147451705015114,24681357,canonical-shear-friction-v0.8.1
351261f81c8ecb29369987a07f31fd71a4e39effb3b396618cf38089efc60f4e,ESM,EMSC-20161026_0000095,IT.MMO..HGE.D.EMSC-20161026_0000095.ACC.MP.ASC,pilot,6,nominal,true,1,1,0.050000000000000003,1,24681357,canonical-shear-friction-v0.8.1
e2aaec57969d0454b4b7886dbede696bac19f7e1ec673b6683b84ac3c9c5bbcc,ESM,EMSC-20161026_0000095,IT.MMO..HGE.D.EMSC-20161026_0000095.ACC.MP.ASC,pilot,6,lhs-1,false,1.055345003920092,0.91186441049273859,0.058766975947465362,1.0991779467262428,24681357,canonical-shear-friction-v0.8.1
5f07a318b1b61cfe32198636b1d8a0f55d2fb65b5b48bf09921759b3318b7c9a,ESM,EMSC-20161026_0000095,IT.MMO..HGE.D.EMSC-20161026_0000095.ACC.MP.ASC,pilot,6,lhs-2,false,0.93530801801650687,0.953478937041492,0.050077687460435838,0.94748395915337158,24681357,canonical-shear-friction-v0.8.1
3d65e2a82851a3b12611567cd97784a37a2bfdf1dd4afb154fc44a600910990f,ESM,EMSC-20161026_0000095,IT.MMO..HGE.D.EMSC-20161026_0000095.ACC.MP.ASC,pilot,6,lhs-3,false,0.98012715606141543,1.0955005541028737,0.043992240427104604,1.0147451705015114,24681357,canonical-shear-friction-v0.8.1
cb4597651d5830213914fcfb616223bc3e0ce15b4604f096216da0e31170d8aa,ESM,EMSC-20161026_0000095,IT.MMO..HGE.D.EMSC-20161026_0000095.ACC.MP.ASC,pilot,10,nominal,true,1,1,0.050000000000000003,1,24681357,canonical-shear-friction-v0.8.1
db6ea0a82709466a39747c76af6a91c3f82549863a42820655efdbdcae5a9679,ESM,EMSC-20161026_0000095,IT.MMO..HGE.D.EMSC-20161026_0000095.ACC.MP.ASC,pilot,10,lhs-1,false,1.055345003920092,0.91186441049273859,0.058766975947465362,1.0991779467262428,24681357,canonical-shear-friction-v0.8.1
7eda1d36fdd22d09b4c85fe875fc34367940431a611a6b6d89861285a601fec4,ESM,EMSC-20161026_0000095,IT.MMO..HGE.D.EMSC-20161026_0000095.ACC.MP.ASC,pilot,10,lhs-2,false,0.93530801801650687,0.953478937041492,0.050077687460435838,0.94748395915337158,24681357,canonical-shear-friction-v0.8.1
c252a71af65d27add67525931fe5640b1f996ec1ca5097b7101e82a82758280d,ESM,EMSC-20161026_0000095,IT.MMO..HGE.D.EMSC-20161026_0000095.ACC.MP.ASC,pilot,10,lhs-3,false,0.98012715606141543,1.0955005541028737,0.043992240427104604,1.0147451705015114,24681357,canonical-shear-friction-v0.8.1
7beda47821843aec1408974a3f3e53cf994ce6870e4f6c63035e4cfd58b1e522,ESM,EMSC-20161026_0000095,IT.MMO..HGE.D.EMSC-20161026_0000095.ACC.MP.ASC,pilot,20,nominal,true,1,1,0.050000000000000003,1,24681357,canonical-shear-friction-v0.8.1
55a234e9f1c40842d0f87d84cb6130f8ffea8917014a9a291e898a24337a4295,ESM,EMSC-20161026_0000095,IT.MMO..HGE.D.EMSC-20161026_0000095.ACC.MP.ASC,pilot,20,lhs-1,false,1.055345003920092,0.91186441049273859,0.058766975947465362,1.0991779467262428,24681357,canonical-shear-friction-v0.8.1
b7cf478bd411c23d6c25c5f3100cd3d3c75e33f6a62c4953b89e2db575664c4c,ESM,EMSC-20161026_0000095,IT.MMO..HGE.D.EMSC-20161026_0000095.ACC.MP.ASC,pilot,20,lhs-2,false,0.93530801801650687,0.953478937041492,0.050077687460435838,0.94748395915337158,24681357,canonical-shear-friction-v0.8.1
7e86301d75c6630ca1864dd7fb0957211cac895056ab80da2aaff64d4507f40c,ESM,EMSC-20161026_0000095,IT.MMO..HGE.D.EMSC-20161026_0000095.ACC.MP.ASC,pilot,20,lhs-3,false,0.98012715606141543,1.0955005541028737,0.043992240427104604,1.0147451705015114,24681357,canonical-shear-friction-v0.8.1
d9d825b23ccb9e9feed742aa041fe795a8c29c17a02f211c75ff498dd66a63d2,ESM,IT-1980-0012,IT.CLT..HNN.D.IT-1980-0012.ACC.MP.ASC,pilot,3,nominal,true,1,1,0.050000000000000003,1,24681357,canonical-shear-friction-v0.8.1
0ae887cabd451cb6c0075ca5b197870d5fa5155a374ea6eba213e0a316dde91f,ESM,IT-1980-0012,IT.CLT..HNN.D.IT-1980-0012.ACC.MP.ASC,pilot,3,lhs-1,false,1.055345003920092,0.91186441049273859,0.058766975947465362,1.0991779467262428,24681357,canonical-shear-friction-v0.8.1
628116ca47e7074a4bdcf57d42819d8a93414c6ac86821a760936750b2b33f0a,ESM,IT-1980-0012,IT.CLT..HNN.D.IT-1980-0012.ACC.MP.ASC,pilot,3,lhs-2,false,0.93530801801650687,0.953478937041492,0.050077687460435838,0.94748395915337158,24681357,canonical-shear-friction-v0.8.1
efc5a425167575a3c49b30ece355dca91d267eab3379b8be19220321c1823eeb,ESM,IT-1980-0012,IT.CLT..HNN.D.IT-1980-0012.ACC.MP.ASC,pilot,3,lhs-3,false,0.98012715606141543,1.0955005541028737,0.043992240427104604,1.0147451705015114,24681357,canonical-shear-friction-v0.8.1
5df1e61f8eddfef4ed80570994dbed1c976f43e0fb7f65db630e73afcf881a76,ESM,IT-1980-0012,IT.CLT..HNN.D.IT-1980-0012.ACC.MP.ASC,pilot,6,nominal,true,1,1,0.050000000000000003,1,24681357,canonical-shear-friction-v0.8.1
a3bf84b90858d26b60f39022397971dee1e3d993413ed40564dc49e368e9b845,ESM,IT-1980-0012,IT.CLT..HNN.D.IT-1980-0012.ACC.MP.ASC,pilot,6,lhs-1,false,1.055345003920092,0.91186441049273859,0.058766975947465362,1.0991779467262428,24681357,canonical-shear-friction-v0.8.1
8d39fbe0bf76a526044d18badd4e67c505ad31a725eff6d5f4182d14dd43feea,ESM,IT-1980-0012,IT.CLT..HNN.D.IT-1980-0012.ACC.MP.ASC,pilot,6,lhs-2,false,0.93530801801650687,0.953478937041492,0.050077687460435838,0.94748395915337158,24681357,canonical-shear-friction-v0.8.1
758084eb70de7947087e080c9ff75ed52c8fb6f96a2f10417213fd35197a1a97,ESM,IT-1980-0012,IT.CLT..HNN.D.IT-1980-0012.ACC.MP.ASC,pilot,6,lhs-3,false,0.98012715606141543,1.0955005541028737,0.043992240427104604,1.0147451705015114,24681357,canonical-shear-friction-v0.8.1
c27d8199661badc20c8fb9fba224df6a157744aed732a62b4b58b0837e4f0963,ESM,IT-1980-0012,IT.CLT..HNN.D.IT-1980-0012.ACC.MP.ASC,pilot,10,nominal,true,1,1,0.050000000000000003,1,24681357,canonical-shear-friction-v0.8.1
2a814ff2b780c34d6e84459cc5d7ab6ffe50126d337d8917158381ef8b1e52bc,ESM,IT-1980-0012,IT.CLT..HNN.D.IT-1980-0012.ACC.MP.ASC,pilot,10,lhs-1,false,1.055345003920092,0.91186441049273859,0.058766975947465362,1.0991779467262428,24681357,canonical-shear-friction-v0.8.1
172e3c4270ec32e1cee853a52d3ac94e9f25231b6e9ae887a6af5c1f9548f23b,ESM,IT-1980-0012,IT.CLT..HNN.D.IT-1980-0012.ACC.MP.ASC,pilot,10,lhs-2,false,0.93530801801650687,0.953478937041492,0.050077687460435838,0.94748395915337158,24681357,canonical-shear-friction-v0.8.1
a18a9df21398af8eea8f2173965d639a12b15ed5f04794145f6222f195a6ea5e,ESM,IT-1980-0012,IT.CLT..HNN.D.IT-1980-0012.ACC.MP.ASC,pilot,10,lhs-3,false,0.98012715606141543,1.0955005541028737,0.043992240427104604,1.0147451705015114,24681357,canonical-shear-friction-v0.8.1
16681121876c0c6b1b345273897957eb0e30e073a1e2f536628053b20bb5e25e,ESM,IT-1980-0012,IT.CLT..HNN.D.IT-1980-0012.ACC.MP.ASC,pilot,20,nominal,true,1,1,0.050000000000000003,1,24681357,canonical-shear-friction-v0.8.1
04a56e48da44494e68974b1ba525ef6f156a77a3367981d38be9e91dee591b6c,ESM,IT-1980-0012,IT.CLT..HNN.D.IT-1980-0012.ACC.MP.ASC,pilot,20,lhs-1,false,1.055345003920092,0.91186441049273859,0.058766975947465362,1.0991779467262428,24681357,canonical-shear-friction-v0.8.1
7784470528f4c218b5fd5db53f49b01777cda2e383092bb86705cc88656ad12b,ESM,IT-1980-0012,IT.CLT..HNN.D.IT-1980-0012.ACC.MP.ASC,pilot,20,lhs-2,false,0.93530801801650687,0.953478937041492,0.050077687460435838,0.94748395915337158,24681357,canonical-shear-friction-v0.8.1
fc59ed690e33847ce640cde5bb1114fd11178a79766926cb93656b0d70f77e9b,ESM,IT-1980-0012,IT.CLT..HNN.D.IT-1980-0012.ACC.MP.ASC,pilot,20,lhs-3,false,0.98012715606141543,1.0955005541028737,0.043992240427104604,1.0147451705015114,24681357,canonical-shear-friction-v0.8.1
080b0526ac16e91d0cfe4303ebb00c5e340f7bb428b70b7833984af85221749c,ESM,IT-1980-0012,IT.STR..HNN.D.IT-1980-0012.ACC.MP.ASC,pilot,3,nominal,true,1,1,0.050000000000000003,1,24681357,canonical-shear-friction-v0.8.1
a94a6a15e0d0fdc82dfa7fab8ef8b8fb0a082920b5eeb9a09d33657ee966cbfb,ESM,IT-1980-0012,IT.STR..HNN.D.IT-1980-0012.ACC.MP.ASC,pilot,3,lhs-1,false,1.055345003920092,0.91186441049273859,0.058766975947465362,1.0991779467262428,24681357,canonical-shear-friction-v0.8.1
3367b80f898423e18debc03fcaf0c78be8dbe82ab0cf05647c5545eb16bc2b4f,ESM,IT-1980-0012,IT.STR..HNN.D.IT-1980-0012.ACC.MP.ASC,pilot,3,lhs-2,false,0.93530801801650687,0.953478937041492,0.050077687460435838,0.94748395915337158,24681357,canonical-shear-friction-v0.8.1
0f8f5902628db1bc86032290bb5b8d93e9542ebd6c09c9417237db4a363ec0b3,ESM,IT-1980-0012,IT.STR..HNN.D.IT-1980-0012.ACC.MP.ASC,pilot,3,lhs-3,false,0.98012715606141543,1.0955005541028737,0.043992240427104604,1.0147451705015114,24681357,canonical-shear-friction-v0.8.1
e67d25a4990ceae0b74cb790afbea4d258e022693fb4c818b341be75b2f889e3,ESM,IT-1980-0012,IT.STR..HNN.D.IT-1980-0012.ACC.MP.ASC,pilot,6,nominal,true,1,1,0.050000000000000003,1,24681357,canonical-shear-friction-v0.8.1
943c7012b3711919bf900b1eb5e78c7cf493d5e74c250264f34d66dbb620d7c0,ESM,IT-1980-0012,IT.STR..HNN.D.IT-1980-0012.ACC.MP.ASC,pilot,6,lhs-1,false,1.055345003920092,0.91186441049273859,0.058766975947465362,1.0991779467262428,24681357,canonical-shear-friction-v0.8.1
7b53239d92e8cc1d16de690423622aa30b68e3c0c2ff47389f8446e2c18c0073,ESM,IT-1980-0012,IT.STR..HNN.D.IT-1980-0012.ACC.MP.ASC,pilot,6,lhs-2,false,0.93530801801650687,0.953478937041492,0.050077687460435838,0.94748395915337158,24681357,canonical-shear-friction-v0.8.1
36f865dad90097079f0fe6c5d3223c109534c1aedca7155af5a57353ed2945d9,ESM,IT-1980-0012,IT.STR..HNN.D.IT-1980-0012.ACC.MP.ASC,pilot,6,lhs-3,false,0.98012715606141543,1.0955005541028737,0.043992240427104604,1.0147451705015114,24681357,canonical-shear-friction-v0.8.1
168551eef0bbcdc0304613b490ef8bb5a90600f9853a377df16402cb1924890c,ESM,IT-1980-0012,IT.STR..HNN.D.IT-1980-0012.ACC.MP.ASC,pilot,10,nominal,true,1,1,0.050000000000000003,1,24681357,canonical-shear-friction-v0.8.1
f19798dea9943446cbc1766eade7c9efa24438daa1f11ebc47e5dd1819c77db3,ESM,IT-1980-0012,IT.STR..HNN.D.IT-1980-0012.ACC.MP.ASC,pilot,10,lhs-1,false,1.055345003920092,0.91186441049273859,0.058766975947465362,1.0991779467262428,24681357,canonical-shear-friction-v0.8.1
1b1c7d7b3e07c70901207655d34701939a8190cf71b0913db16e9a3796e95cbd,ESM,IT-1980-0012,IT.STR..HNN.D.IT-1980-0012.ACC.MP.ASC,pilot,10,lhs-2,false,0.93530801801650687,0.953478937041492,0.050077687460435838,0.94748395915337158,24681357,canonical-shear-friction-v0.8.1
a6f6e7c7be80f00e7b1a2e106cc9013168eba03fc69e770e81453456d99c4d1a,ESM,IT-1980-0012,IT.STR..HNN.D.IT-1980-0012.ACC.MP.ASC,pilot,10,lhs-3,false,0.98012715606141543,1.0955005541028737,0.043992240427104604,1.0147451705015114,24681357,canonical-shear-friction-v0.8.1
09c27e1d969ddecd265010407721d811089140a5ff8b1a0d0449303e6864708e,ESM,IT-1980-0012,IT.STR..HNN.D.IT-1980-0012.ACC.MP.ASC,pilot,20,nominal,true,1,1,0.050000000000000003,1,24681357,canonical-shear-friction-v0.8.1
8e0a8be131679eb72036bbc563db5a352d52319d0ecf4920235bfb1af947aee6,ESM,IT-1980-0012,IT.STR..HNN.D.IT-1980-0012.ACC.MP.ASC,pilot,20,lhs-1,false,1.055345003920092,0.91186441049273859,0.058766975947465362,1.0991779467262428,24681357,canonical-shear-friction-v0.8.1
adf8cbeed6d8379d74afeee3fd195396ccb54369381d78f2c9a9f04dc4a63e62,ESM,IT-1980-0012,IT.STR..HNN.D.IT-1980-0012.ACC.MP.ASC,pilot,20,lhs-2,false,0.93530801801650687,0.953478937041492,0.050077687460435838,0.94748395915337158,24681357,canonical-shear-friction-v0.8.1
420dfc75ffe1031b025b4a8bc154224f89733a7ec77cf12bba771c541dfdd219,ESM,IT-1980-0012,IT.STR..HNN.D.IT-1980-0012.ACC.MP.ASC,pilot,20,lhs-3,false,0.98012715606141543,1.0955005541028737,0.043992240427104604,1.0147451705015114,24681357,canonical-shear-friction-v0.8.1
fb151924e1102d18aee13ce460e1523286bd9d80c01143e0ebf51a65b70cf591,ESM,IT-1980-0012,IT.BRN..HNE.D.IT-1980-0012.ACC.MP.ASC,pilot,3,nominal,true,1,1,0.050000000000000003,1,24681357,canonical-shear-friction-v0.8.1
8e156456022b6a82897fbe396ddde84f6742e39b062d8e8724a388b734b2fe49,ESM,IT-1980-0012,IT.BRN..HNE.D.IT-1980-0012.ACC.MP.ASC,pilot,3,lhs-1,false,1.055345003920092,0.91186441049273859,0.058766975947465362,1.0991779467262428,24681357,canonical-shear-friction-v0.8.1
89910963fe3b1ee014eb815724ee819d5d618a64e34c28756b0f3f24b2cb6773,ESM,IT-1980-0012,IT.BRN..HNE.D.IT-1980-0012.ACC.MP.ASC,pilot,3,lhs-2,false,0.93530801801650687,0.953478937041492,0.050077687460435838,0.94748395915337158,24681357,canonical-shear-friction-v0.8.1
d3615a3fb641a3ebc94aaa790e027eb4f570c70917086296fd72b9723130a116,ESM,IT-1980-0012,IT.BRN..HNE.D.IT-1980-0012.ACC.MP.ASC,pilot,3,lhs-3,false,0.98012715606141543,1.0955005541028737,0.043992240427104604,1.0147451705015114,24681357,canonical-shear-friction-v0.8.1
be63b09428b364353e94867d45dd124afb12e8893a57fb8a73f95d7daa37d8c7,ESM,IT-1980-0012,IT.BRN..HNE.D.IT-1980-0012.ACC.MP.ASC,pilot,6,nominal,true,1,1,0.050000000000000003,1,24681357,canonical-shear-friction-v0.8.1
38f38f07b22d598235fb17d92be98b88edddc647f819921453351505fa5099d4,ESM,IT-1980-0012,IT.BRN..HNE.D.IT-1980-0012.ACC.MP.ASC,pilot,6,lhs-1,false,1.055345003920092,0.91186441049273859,0.058766975947465362,1.0991779467262428,24681357,canonical-shear-friction-v0.8.1
89909d302c611a0cd3d57eb1b3f286f9ccb21915d0d7ba5765a3d83b01cd805b,ESM,IT-1980-0012,IT.BRN..HNE.D.IT-1980-0012.ACC.MP.ASC,pilot,6,lhs-2,false,0.93530801801650687,0.953478937041492,0.050077687460435838,0.94748395915337158,24681357,canonical-shear-friction-v0.8.1
befa7bf491b50ed61d9ff900f3d98356e954795de604a388216ef5586ff4240d,ESM,IT-1980-0012,IT.BRN..HNE.D.IT-1980-0012.ACC.MP.ASC,pilot,6,lhs-3,false,0.98012715606141543,1.0955005541028737,0.043992240427104604,1.0147451705015114,24681357,canonical-shear-friction-v0.8.1
62b8d869efe894899f7771f2517242e01bff2275f04b5c752d60ee34d7d2bac5,ESM,IT-1980-0012,IT.BRN..HNE.D.IT-1980-0012.ACC.MP.ASC,pilot,10,nominal,true,1,1,0.050000000000000003,1,24681357,canonical-shear-friction-v0.8.1
7cdba4aa125633810ba5a4d214507c269424490cbd33741a7e064bee0ca08e4b,ESM,IT-1980-0012,IT.BRN..HNE.D.IT-1980-0012.ACC.MP.ASC,pilot,10,lhs-1,false,1.055345003920092,0.91186441049273859,0.058766975947465362,1.0991779467262428,24681357,canonical-shear-friction-v0.8.1
a5bb96497a371b61ae3d45ce4404e19c37db5b82cfb78963522fed19cc013095,ESM,IT-1980-0012,IT.BRN..HNE.D.IT-1980-0012.ACC.MP.ASC,pilot,10,lhs-2,false,0.93530801801650687,0.953478937041492,0.050077687460435838,0.94748395915337158,24681357,canonical-shear-friction-v0.8.1
0e0e10bdeb3adfa9f921ae6bc5b9f13f9461ee0159f2b112ad1ad7517431d7f1,ESM,IT-1980-0012,IT.BRN..HNE.D.IT-1980-0012.ACC.MP.ASC,pilot,10,lhs-3,false,0.98012715606141543,1.0955005541028737,0.043992240427104604,1.0147451705015114,24681357,canonical-shear-friction-v0.8.1
9695ac7ee689c982e34517d45ac4cc668dd4b18e8f34e0c8ce0558814af8cfe6,ESM,IT-1980-0012,IT.BRN..HNE.D.IT-1980-0012.ACC.MP.ASC,pilot,20,nominal,true,1,1,0.050000000000000003,1,24681357,canonical-shear-friction-v0.8.1
364e6f1fa438f1cad2dfddc09fed737eca618821f9a4e9bcafa1e2d906d28779,ESM,IT-1980-0012,IT.BRN..HNE.D.IT-1980-0012.ACC.MP.ASC,pilot,20,lhs-1,false,1.055345003920092,0.91186441049273859,0.058766975947465362,1.0991779467262428,24681357,canonical-shear-friction-v0.8.1
47cea81812cf98813f916a61ebfdefb91784ffa0c014b0771880fe8c55b3fbb5,ESM,IT-1980-0012,IT.BRN..HNE.D.IT-1980-0012.ACC.MP.ASC,pilot,20,lhs-2,false,0.93530801801650687,0.953478937041492,0.050077687460435838,0.94748395915337158,24681357,canonical-shear-friction-v0.8.1
155cb060f70385ce23e12dd383d287972cf60b12d3c26118cac2eb6383ca6ff3,ESM,IT-1980-0012,IT.BRN..HNE.D.IT-1980-0012.ACC.MP.ASC,pilot,20,lhs-3,false,0.98012715606141543,1.0955005541028737,0.043992240427104604,1.0147451705015114,24681357,canonical-shear-friction-v0.8.1
ad2418a9fe6378e76c4fcd7566ca5d9f0069ccfafc2f2b1936530ef0cd024e60,ESM,IT-1980-0012,IT.CLT..HNE.D.IT-1980-0012.ACC.MP.ASC,pilot,3,nominal,true,1,1,0.050000000000000003,1,24681357,canonical-shear-friction-v0.8.1
1afe0db068ac055701e3a16191b5ac02c17aac3ecdb976e992e735013d4c3fec,ESM,IT-1980-0012,IT.CLT..HNE.D.IT-1980-0012.ACC.MP.ASC,pilot,3,lhs-1,false,1.055345003920092,0.91186441049273859,0.058766975947465362,1.0991779467262428,24681357,canonical-shear-friction-v0.8.1
47ac08d8b64dd55519833b94e343adaade6ab25916060195224767187c321a18,ESM,IT-1980-0012,IT.CLT..HNE.D.IT-1980-0012.ACC.MP.ASC,pilot,3,lhs-2,false,0.93530801801650687,0.953478937041492,0.050077687460435838,0.94748395915337158,24681357,canonical-shear-friction-v0.8.1
1bb0bd3c00685129a02df4904d95076505cd6013e2230d62ef35ffeeece643ed,ESM,IT-1980-0012,IT.CLT..HNE.D.IT-1980-0012.ACC.MP.ASC,pilot,3,lhs-3,false,0.98012715606141543,1.0955005541028737,0.043992240427104604,1.0147451705015114,24681357,canonical-shear-friction-v0.8.1
b1fa56acb13fcf864963941c90b85721023c1e8062c666e84ade421b96b02817,ESM,IT-1980-0012,IT.CLT..HNE.D.IT-1980-0012.ACC.MP.ASC,pilot,6,nominal,true,1,1,0.050000000000000003,1,24681357,canonical-shear-friction-v0.8.1
ed2b1bea1f470d68a964ce5c11a4bb28e6c2810218c180a461f34b0a76bda9cd,ESM,IT-1980-0012,IT.CLT..HNE.D.IT-1980-0012.ACC.MP.ASC,pilot,6,lhs-1,false,1.055345003920092,0.91186441049273859,0.058766975947465362,1.0991779467262428,24681357,canonical-shear-friction-v0.8.1
1170603f9b8e172aa5411167677e073e106bd78a8ccdb8fbe70f52aa8fca5dca,ESM,IT-1980-0012,IT.CLT..HNE.D.IT-1980-0012.ACC.MP.ASC,pilot,6,lhs-2,false,0.93530801801650687,0.953478937041492,0.050077687460435838,0.94748395915337158,24681357,canonical-shear-friction-v0.8.1
d6a3abd64e00a5bb89aa76a5595a7b361f0685f950e057b708fb93ac2931e477,ESM,IT-1980-0012,IT.CLT..HNE.D.IT-1980-0012.ACC.MP.ASC,pilot,6,lhs-3,false,0.98012715606141543,1.0955005541028737,0.043992240427104604,1.0147451705015114,24681357,canonical-shear-friction-v0.8.1
8388487de0a9895ce417bc602fa3b4067cf7d11a85a7c54ff91747165a57025f,ESM,IT-1980-0012,IT.CLT..HNE.D.IT-1980-0012.ACC.MP.ASC,pilot,10,nominal,true,1,1,0.050000000000000003,1,24681357,canonical-shear-friction-v0.8.1
8ca77d794c2394e33483e6994ddae5cb5c4d89b1953bd0266757cf6117993b81,ESM,IT-1980-0012,IT.CLT..HNE.D.IT-1980-0012.ACC.MP.ASC,pilot,10,lhs-1,false,1.055345003920092,0.91186441049273859,0.058766975947465362,1.0991779467262428,24681357,canonical-shear-friction-v0.8.1
1f21d9b8c06d40db227c568d87659038613a8020264074892fa0d14044974552,ESM,IT-1980-0012,IT.CLT..HNE.D.IT-1980-0012.ACC.MP.ASC,pilot,10,lhs-2,false,0.93530801801650687,0.953478937041492,0.050077687460435838,0.94748395915337158,24681357,canonical-shear-friction-v0.8.1
edb2d4f887ab7474d354825d39f5405a083437de824f3e035c57d5ff628c5a32,ESM,IT-1980-0012,IT.CLT..HNE.D.IT-1980-0012.ACC.MP.ASC,pilot,10,lhs-3,false,0.98012715606141543,1.0955005541028737,0.043992240427104604,1.0147451705015114,24681357,canonical-shear-friction-v0.8.1
138306c40e683822593e281eccde47ddba0d4a22d94213ebda0dfe07dcea0df7,ESM,IT-1980-0012,IT.CLT..HNE.D.IT-1980-0012.ACC.MP.ASC,pilot,20,nominal,true,1,1,0.050000000000000003,1,24681357,canonical-shear-friction-v0.8.1
ef7b2a362be2fce43c99c78f7e243265bd3fdc0aeaf247ae0055ce277eefea09,ESM,IT-1980-0012,IT.CLT..HNE.D.IT-1980-0012.ACC.MP.ASC,pilot,20,lhs-1,false,1.055345003920092,0.91186441049273859,0.058766975947465362,1.0991779467262428,24681357,canonical-shear-friction-v0.8.1
09bf41d0b0c2843ed2187356252a20688823525778421457661c35758531349e,ESM,IT-1980-0012,IT.CLT..HNE.D.IT-1980-0012.ACC.MP.ASC,pilot,20,lhs-2,false,0.93530801801650687,0.953478937041492,0.050077687460435838,0.94748395915337158,24681357,canonical-shear-friction-v0.8.1
8c98ee37e03cbb8d95965e89dc2586cb344dc2993b1d248a17a1e51399edd8e3,ESM,IT-1980-0012,IT.CLT..HNE.D.IT-1980-0012.ACC.MP.ASC,pilot,20,lhs-3,false,0.98012715606141543,1.0955005541028737,0.043992240427104604,1.0147451705015114,24681357,canonical-shear-friction-v0.8.1
0a744ec8cee293838bdbd2d49121bea027be91dbdeaa7b0a4c5b7e7f8816b904,ESM,IT-1997-0105,IT.NCR..HNE.D.IT-1997-0105.ACC.MP.ASC,pilot,3,nominal,true,1,1,0.050000000000000003,1,24681357,canonical-shear-friction-v0.8.1
46c1f878159801589197a245dfa80723bc3c57e76e70adfeb25f9b388a665f57,ESM,IT-1997-0105,IT.NCR..HNE.D.IT-1997-0105.ACC.MP.ASC,pilot,3,lhs-1,false,1.055345003920092,0.91186441049273859,0.058766975947465362,1.0991779467262428,24681357,canonical-shear-friction-v0.8.1
7cf19d67ffa85e19325355d8c12af7dceea0d757c1f10fe050ddd4834ae1901f,ESM,IT-1997-0105,IT.NCR..HNE.D.IT-1997-0105.ACC.MP.ASC,pilot,3,lhs-2,false,0.93530801801650687,0.953478937041492,0.050077687460435838,0.94748395915337158,24681357,canonical-shear-friction-v0.8.1
6ddf18359fb470c71745326dad48098f4f97e02212774105339573cbba3e79a3,ESM,IT-1997-0105,IT.NCR..HNE.D.IT-1997-0105.ACC.MP.ASC,pilot,3,lhs-3,false,0.98012715606141543,1.0955005541028737,0.043992240427104604,1.0147451705015114,24681357,canonical-shear-friction-v0.8.1
c36e262d9eefcd34ec0b292a5ffbe85672921c689bf572483f146562ac754e8e,ESM,IT-1997-0105,IT.NCR..HNE.D.IT-1997-0105.ACC.MP.ASC,pilot,6,nominal,true,1,1,0.050000000000000003,1,24681357,canonical-shear-friction-v0.8.1
c34e1461953df44327608f29ffc257d073a81c30a27970e8c24350b50459eb52,ESM,IT-1997-0105,IT.NCR..HNE.D.IT-1997-0105.ACC.MP.ASC,pilot,6,lhs-1,false,1.055345003920092,0.91186441049273859,0.058766975947465362,1.0991779467262428,24681357,canonical-shear-friction-v0.8.1
62f1037d727e317d587a48cdb697f71b563a484e55843d39c4518f88faf44e06,ESM,IT-1997-0105,IT.NCR..HNE.D.IT-1997-0105.ACC.MP.ASC,pilot,6,lhs-2,false,0.93530801801650687,0.953478937041492,0.050077687460435838,0.94748395915337158,24681357,canonical-shear-friction-v0.8.1
85a6138d260db5b9e4d2a244d82dbc1f606ff173c26030e623b199b9d5e0412e,ESM,IT-1997-0105,IT.NCR..HNE.D.IT-1997-0105.ACC.MP.ASC,pilot,6,lhs-3,false,0.98012715606141543,1.0955005541028737,0.043992240427104604,1.0147451705015114,24681357,canonical-shear-friction-v0.8.1
d80679855d2fefeea4ceb5c81ca2973f78eb4f0141bea58edcb6a0079f535f69,ESM,IT-1997-0105,IT.NCR..HNE.D.IT-1997-0105.ACC.MP.ASC,pilot,10,nominal,true,1,1,0.050000000000000003,1,24681357,canonical-shear-friction-v0.8.1
2de3df7ac3945b0d7f4eab37ebeb60d932d77cda36529b7aa84af4cc12c0a360,ESM,IT-1997-0105,IT.NCR..HNE.D.IT-1997-0105.ACC.MP.ASC,pilot,10,lhs-1,false,1.055345003920092,0.91186441049273859,0.058766975947465362,1.0991779467262428,24681357,canonical-shear-friction-v0.8.1
43e0062e66a29ff92cf0b2184c147faf6a24347377e94fbb762b820a50922ae7,ESM,IT-1997-0105,IT.NCR..HNE.D.IT-1997-0105.ACC.MP.ASC,pilot,10,lhs-2,false,0.93530801801650687,0.953478937041492,0.050077687460435838,0.94748395915337158,24681357,canonical-shear-friction-v0.8.1
a24530a981d6f87e165d0a708deaf46ffd9106c078a42a69e61bed802db897ba,ESM,IT-1997-0105,IT.NCR..HNE.D.IT-1997-0105.ACC.MP.ASC,pilot,10,lhs-3,false,0.98012715606141543,1.0955005541028737,0.043992240427104604,1.0147451705015114,24681357,canonical-shear-friction-v0.8.1
916958c605432a89c8f8975be7cee3ad57bc48aadcac2addc8556e77f6ab5955,ESM,IT-1997-0105,IT.NCR..HNE.D.IT-1997-0105.ACC.MP.ASC,pilot,20,nominal,true,1,1,0.050000000000000003,1,24681357,canonical-shear-friction-v0.8.1
1ec876d155afedfd7a1f97289155e6e14a8d00e85d63224784270e5a31b13e9c,ESM,IT-1997-0105,IT.NCR..HNE.D.IT-1997-0105.ACC.MP.ASC,pilot,20,lhs-1,false,1.055345003920092,0.91186441049273859,0.058766975947465362,1.0991779467262428,24681357,canonical-shear-friction-v0.8.1
488e44020aba82d6e8fab3b1b8c85dce54135deda1a1638aee0ba0d9bc53183e,ESM,IT-1997-0105,IT.NCR..HNE.D.IT-1997-0105.ACC.MP.ASC,pilot,20,lhs-2,false,0.93530801801650687,0.953478937041492,0.050077687460435838,0.94748395915337158,24681357,canonical-shear-friction-v0.8.1
eaf9e657045292d7a42eef4b7c2ec4cfe6eff4fa52b7a9712e5328099d59057d,ESM,IT-1997-0105,IT.NCR..HNE.D.IT-1997-0105.ACC.MP.ASC,pilot,20,lhs-3,false,0.98012715606141543,1.0955005541028737,0.043992240427104604,1.0147451705015114,24681357,canonical-shear-friction-v0.8.1
5cc84677d8a91799dae953764c90dfa546a87c3c46467c485aa5ee4ae497a818,ESM,IT-1997-0105,IT.NCR2..HNN.D.IT-1997-0105.ACC.MP.ASC,pilot,3,nominal,true,1,1,0.050000000000000003,1,24681357,canonical-shear-friction-v0.8.1
d86ffc8aee6aeab129c17f8e42345c2214e9d7d5b2f0f8595602335cfd460800,ESM,IT-1997-0105,IT.NCR2..HNN.D.IT-1997-0105.ACC.MP.ASC,pilot,3,lhs-1,false,1.055345003920092,0.91186441049273859,0.058766975947465362,1.0991779467262428,24681357,canonical-shear-friction-v0.8.1
b912dc2efec30cbe39e207cdf71c0f6a83499157941bb38c84fb1c87704ab84a,ESM,IT-1997-0105,IT.NCR2..HNN.D.IT-1997-0105.ACC.MP.ASC,pilot,3,lhs-2,false,0.93530801801650687,0.953478937041492,0.050077687460435838,0.94748395915337158,24681357,canonical-shear-friction-v0.8.1
97a575c1a80186ce5ee17b8c1f1f2ce291b0e97f15dbd7df0858e1d79adc3ece,ESM,IT-1997-0105,IT.NCR2..HNN.D.IT-1997-0105.ACC.MP.ASC,pilot,3,lhs-3,false,0.98012715606141543,1.0955005541028737,0.043992240427104604,1.0147451705015114,24681357,canonical-shear-friction-v0.8.1
4ee1bd3e6703674d102f0696593c3d220c888b8cebd121f101c79e4f2239ae41,ESM,IT-1997-0105,IT.NCR2..HNN.D.IT-1997-0105.ACC.MP.ASC,pilot,6,nominal,true,1,1,0.050000000000000003,1,24681357,canonical-shear-friction-v0.8.1
f3da93d496bb9f5b8f1d97d0dc4e99229dedb79b93b41d7121715a4873a42739,ESM,IT-1997-0105,IT.NCR2..HNN.D.IT-1997-0105.ACC.MP.ASC,pilot,6,lhs-1,false,1.055345003920092,0.91186441049273859,0.058766975947465362,1.0991779467262428,24681357,canonical-shear-friction-v0.8.1
43d5690d11891b66bc31ea4ec5f5e53873be069364c5aba42a8f4e7c502f82c2,ESM,IT-1997-0105,IT.NCR2..HNN.D.IT-1997-0105.ACC.MP.ASC,pilot,6,lhs-2,false,0.93530801801650687,0.953478937041492,0.050077687460435838,0.94748395915337158,24681357,canonical-shear-friction-v0.8.1
c620f7a2a6c20ce7fc6b275dc014b1f3d3d83e559d25455458eeeb4e144e34ba,ESM,IT-1997-0105,IT.NCR2..HNN.D.IT-1997-0105.ACC.MP.ASC,pilot,6,lhs-3,false,0.98012715606141543,1.0955005541028737,0.043992240427104604,1.0147451705015114,24681357,canonical-shear-friction-v0.8.1
4db76a711867c3ce3f087c4c91ed470a69ae9b2a2e654178b868aa23ff06bfd6,ESM,IT-1997-0105,IT.NCR2..HNN.D.IT-1997-0105.ACC.MP.ASC,pilot,10,nominal,true,1,1,0.050000000000000003,1,24681357,canonical-shear-friction-v0.8.1
78c52c453913eb048c154bda03cf55b6b67eea8a1d115f8cc6fd5dde3528642d,ESM,IT-1997-0105,IT.NCR2..HNN.D.IT-1997-0105.ACC.MP.ASC,pilot,10,lhs-1,false,1.055345003920092,0.91186441049273859,0.058766975947465362,1.0991779467262428,24681357,canonical-shear-friction-v0.8.1
f81e429d196d45ab4797384a0eb8d77e35dd130083c94e29751ca9f81c5e4dcb,ESM,IT-1997-0105,IT.NCR2..HNN.D.IT-1997-0105.ACC.MP.ASC,pilot,10,lhs-2,false,0.93530801801650687,0.953478937041492,0.050077687460435838,0.94748395915337158,24681357,canonical-shear-friction-v0.8.1
d68d90e3998dfcbdf978382cc0951768615dd558cd3dcd5886545730e7a54eb3,ESM,IT-1997-0105,IT.NCR2..HNN.D.IT-1997-0105.ACC.MP.ASC,pilot,10,lhs-3,false,0.98012715606141543,1.0955005541028737,0.043992240427104604,1.0147451705015114,24681357,canonical-shear-friction-v0.8.1
e8205ea1cf8888034c1a33d43e12620f62e382ad87c0cf30e8654d418476e549,ESM,IT-1997-0105,IT.NCR2..HNN.D.IT-1997-0105.ACC.MP.ASC,pilot,20,nominal,true,1,1,0.050000000000000003,1,24681357,canonical-shear-friction-v0.8.1
0834e6ad47a70fb7550e9ffb884da97ddd564158180cb33b037de45ac7590de2,ESM,IT-1997-0105,IT.NCR2..HNN.D.IT-1997-0105.ACC.MP.ASC,pilot,20,lhs-1,false,1.055345003920092,0.91186441049273859,0.058766975947465362,1.0991779467262428,24681357,canonical-shear-friction-v0.8.1
1b923e20a58fda3e2cc2d8a649fb8fbd40233f4c460dc4550be18e071ec8f59f,ESM,IT-1997-0105,IT.NCR2..HNN.D.IT-1997-0105.ACC.MP.ASC,pilot,20,lhs-2,false,0.93530801801650687,0.953478937041492,0.050077687460435838,0.94748395915337158,24681357,canonical-shear-friction-v0.8.1
db67b0c19150d1e30c8f5c8821af6c70819e90234c5a93d44cd2486ab4bfe14b,ESM,IT-1997-0105,IT.NCR2..HNN.D.IT-1997-0105.ACC.MP.ASC,pilot,20,lhs-3,false,0.98012715606141543,1.0955005541028737,0.043992240427104604,1.0147451705015114,24681357,canonical-shear-friction-v0.8.1
9a7e199097f6ca7d60e955ded625ad3b6c2120d71dd4c15fac9a9f37bb9d8044,ESM,IT-1997-0105,IT.NCR2..HNE.D.IT-1997-0105.ACC.MP.ASC,pilot,3,nominal,true,1,1,0.050000000000000003,1,24681357,canonical-shear-friction-v0.8.1
a15f9ac077ff0e7c3c6279dc75d7d1c98591b2a8357a29b8456c085a742841fd,ESM,IT-1997-0105,IT.NCR2..HNE.D.IT-1997-0105.ACC.MP.ASC,pilot,3,lhs-1,false,1.055345003920092,0.91186441049273859,0.058766975947465362,1.0991779467262428,24681357,canonical-shear-friction-v0.8.1
93b9b946902cdb813c68097da15194fbc5a7417dbed9965044c24037db5d411a,ESM,IT-1997-0105,IT.NCR2..HNE.D.IT-1997-0105.ACC.MP.ASC,pilot,3,lhs-2,false,0.93530801801650687,0.953478937041492,0.050077687460435838,0.94748395915337158,24681357,canonical-shear-friction-v0.8.1
49687f81b326efeb9cf4051eb68ee669e1b565f1e4e3ed18cfed4d31f749496d,ESM,IT-1997-0105,IT.NCR2..HNE.D.IT-1997-0105.ACC.MP.ASC,pilot,3,lhs-3,false,0.98012715606141543,1.0955005541028737,0.043992240427104604,1.0147451705015114,24681357,canonical-shear-friction-v0.8.1
433161969b351139b74ee46c0c2532b94799abf3ecf5b8cc4f4195a628680aef,ESM,IT-1997-0105,IT.NCR2..HNE.D.IT-1997-0105.ACC.MP.ASC,pilot,6,nominal,true,1,1,0.050000000000000003,1,24681357,canonical-shear-friction-v0.8.1
8c26a9722b1520d56424b05c49a3c4bc9ef49efa78decabe15d25f22eeeb2742,ESM,IT-1997-0105,IT.NCR2..HNE.D.IT-1997-0105.ACC.MP.ASC,pilot,6,lhs-1,false,1.055345003920092,0.91186441049273859,0.058766975947465362,1.0991779467262428,24681357,canonical-shear-friction-v0.8.1
41e6163ff8df51686695f2758bbd19b0da3e51eb08e2e7747c9ca8884bdae03f,ESM,IT-1997-0105,IT.NCR2..HNE.D.IT-1997-0105.ACC.MP.ASC,pilot,6,lhs-2,false,0.93530801801650687,0.953478937041492,0.050077687460435838,0.94748395915337158,24681357,canonical-shear-friction-v0.8.1
2cedc338f09a3b18f2d6014dddd578177eb93dec1ab03b15aaaa384fdf4e2689,ESM,IT-1997-0105,IT.NCR2..HNE.D.IT-1997-0105.ACC.MP.ASC,pilot,6,lhs-3,false,0.98012715606141543,1.0955005541028737,0.043992240427104604,1.0147451705015114,24681357,canonical-shear-friction-v0.8.1
b32198544e6a01a1b9c0e7fd5557f0124ad4c67ce439ed1cfc74e14930762cda,ESM,IT-1997-0105,IT.NCR2..HNE.D.IT-1997-0105.ACC.MP.ASC,pilot,10,nominal,true,1,1,0.050000000000000003,1,24681357,canonical-shear-friction-v0.8.1
9a2390f0dfb555e42e740803a01ca9abeb0e164c0ef07ead79284a7866e96dbb,ESM,IT-1997-0105,IT.NCR2..HNE.D.IT-1997-0105.ACC.MP.ASC,pilot,10,lhs-1,false,1.055345003920092,0.91186441049273859,0.058766975947465362,1.0991779467262428,24681357,canonical-shear-friction-v0.8.1
e74a1bac7df216752168c20f7af21dee8e7a87a17ec1535ad9a35fe163c95085,ESM,IT-1997-0105,IT.NCR2..HNE.D.IT-1997-0105.ACC.MP.ASC,pilot,10,lhs-2,false,0.93530801801650687,0.953478937041492,0.050077687460435838,0.94748395915337158,24681357,canonical-shear-friction-v0.8.1
6cc5bcaf5ac4d68f172b403cf35ed50ece3e4b3c8b17fecac5c4df269d1d7453,ESM,IT-1997-0105,IT.NCR2..HNE.D.IT-1997-0105.ACC.MP.ASC,pilot,10,lhs-3,false,0.98012715606141543,1.0955005541028737,0.043992240427104604,1.0147451705015114,24681357,canonical-shear-friction-v0.8.1
82ea398bfb800cb54f0efe966c87eb4baf038fddef08f9076a55a3122d44bd20,ESM,IT-1997-0105,IT.NCR2..HNE.D.IT-1997-0105.ACC.MP.ASC,pilot,20,nominal,true,1,1,0.050000000000000003,1,24681357,canonical-shear-friction-v0.8.1
2749c14b8d69d40a43cf6d58cfe296f0461852cc807187173d2c0da1e26271d8,ESM,IT-1997-0105,IT.NCR2..HNE.D.IT-1997-0105.ACC.MP.ASC,pilot,20,lhs-1,false,1.055345003920092,0.91186441049273859,0.058766975947465362,1.0991779467262428,24681357,canonical-shear-friction-v0.8.1
e1637c1f95d19cbc08d3792151aac5f5c0fe2c23737fd0eb6fe84803ca3c3552,ESM,IT-1997-0105,IT.NCR2..HNE.D.IT-1997-0105.ACC.MP.ASC,pilot,20,lhs-2,false,0.93530801801650687,0.953478937041492,0.050077687460435838,0.94748395915337158,24681357,canonical-shear-friction-v0.8.1
704ee6413dba06ecb6e250d5b8a7e0bceef5d0bcad4c66026a9b9c825d768be6,ESM,IT-1997-0105,IT.NCR2..HNE.D.IT-1997-0105.ACC.MP.ASC,pilot,20,lhs-3,false,0.98012715606141543,1.0955005541028737,0.043992240427104604,1.0147451705015114,24681357,canonical-shear-friction-v0.8.1
9f71524007db23df4e052cb924fa04753b72b640ec0439dde68f60a0ee8de947,ESM,IT-1997-0105,IT.NCR..HNN.D.IT-1997-0105.ACC.MP.ASC,pilot,3,nominal,true,1,1,0.050000000000000003,1,24681357,canonical-shear-friction-v0.8.1
7181225d77759f723cb7d1630939ae7449ad217f6cbe4ab22969bf934545ade0,ESM,IT-1997-0105,IT.NCR..HNN.D.IT-1997-0105.ACC.MP.ASC,pilot,3,lhs-1,false,1.055345003920092,0.91186441049273859,0.058766975947465362,1.0991779467262428,24681357,canonical-shear-friction-v0.8.1
caa69b40566dffdec6e91b61b0210c4ca9b6f76b446949f93c4c924757569a00,ESM,IT-1997-0105,IT.NCR..HNN.D.IT-1997-0105.ACC.MP.ASC,pilot,3,lhs-2,false,0.93530801801650687,0.953478937041492,0.050077687460435838,0.94748395915337158,24681357,canonical-shear-friction-v0.8.1
d1d2efa001a957184b8aea80497c42f4d1ae5903acb1550164cda0f9157dc806,ESM,IT-1997-0105,IT.NCR..HNN.D.IT-1997-0105.ACC.MP.ASC,pilot,3,lhs-3,false,0.98012715606141543,1.0955005541028737,0.043992240427104604,1.0147451705015114,24681357,canonical-shear-friction-v0.8.1
53476ca70cfe4f422a591de2dc3e71de21dff6c4206ba2e63a7a211ee310963d,ESM,IT-1997-0105,IT.NCR..HNN.D.IT-1997-0105.ACC.MP.ASC,pilot,6,nominal,true,1,1,0.050000000000000003,1,24681357,canonical-shear-friction-v0.8.1
98c54c2f7acbd378cc786ec4d0ad3fa37df63699d5ed1dae886cc3b877ce46c4,ESM,IT-1997-0105,IT.NCR..HNN.D.IT-1997-0105.ACC.MP.ASC,pilot,6,lhs-1,false,1.055345003920092,0.91186441049273859,0.058766975947465362,1.0991779467262428,24681357,canonical-shear-friction-v0.8.1
e2fa9cfc47fd1e1e520b9158830c34a396ab515bf51be9c1118c1331a4777ce8,ESM,IT-1997-0105,IT.NCR..HNN.D.IT-1997-0105.ACC.MP.ASC,pilot,6,lhs-2,false,0.93530801801650687,0.953478937041492,0.050077687460435838,0.94748395915337158,24681357,canonical-shear-friction-v0.8.1
825d6c5b14fa3de4f3f43c97e34e65b697cd84961f5db5fbe34cdf8ad1e0ef8c,ESM,IT-1997-0105,IT.NCR..HNN.D.IT-1997-0105.ACC.MP.ASC,pilot,6,lhs-3,false,0.98012715606141543,1.0955005541028737,0.043992240427104604,1.0147451705015114,24681357,canonical-shear-friction-v0.8.1
6ec5583e3c68527c80385f7a91b30d20a166e27c70472b2ffaedfa61bfcc08e4,ESM,IT-1997-0105,IT.NCR..HNN.D.IT-1997-0105.ACC.MP.ASC,pilot,10,nominal,true,1,1,0.050000000000000003,1,24681357,canonical-shear-friction-v0.8.1
b9917d13809a654178de7bd0ce30d7dcfa954236b88f92503d05f01e6c897ecf,ESM,IT-1997-0105,IT.NCR..HNN.D.IT-1997-0105.ACC.MP.ASC,pilot,10,lhs-1,false,1.055345003920092,0.91186441049273859,0.058766975947465362,1.0991779467262428,24681357,canonical-shear-friction-v0.8.1
e61645030dd5ce4076d9c134b4b9154025346af746923f361c5d0a11f21761d6,ESM,IT-1997-0105,IT.NCR..HNN.D.IT-1997-0105.ACC.MP.ASC,pilot,10,lhs-2,false,0.93530801801650687,0.953478937041492,0.050077687460435838,0.94748395915337158,24681357,canonical-shear-friction-v0.8.1
92acbcaf9c4707f2f8eed81c9b1696955988eed1cfe08eeb9307dbe4753dd242,ESM,IT-1997-0105,IT.NCR..HNN.D.IT-1997-0105.ACC.MP.ASC,pilot,10,lhs-3,false,0.98012715606141543,1.0955005541028737,0.043992240427104604,1.0147451705015114,24681357,canonical-shear-friction-v0.8.1
6ac82fa6414f3f3b971815cc3ae61524f815416d271d15e0439ab97dbe200162,ESM,IT-1997-0105,IT.NCR..HNN.D.IT-1997-0105.ACC.MP.ASC,pilot,20,nominal,true,1,1,0.050000000000000003,1,24681357,canonical-shear-friction-v0.8.1
e105c1cd57ee98a7a5765fc3283c4888072571ebae3c2b8952dce69ffbb28722,ESM,IT-1997-0105,IT.NCR..HNN.D.IT-1997-0105.ACC.MP.ASC,pilot,20,lhs-1,false,1.055345003920092,0.91186441049273859,0.058766975947465362,1.0991779467262428,24681357,canonical-shear-friction-v0.8.1
3f43ddb79ddb0b3e5b87a0a82aebd2dc5a75acba80d4abc093e886d3ba8445b1,ESM,IT-1997-0105,IT.NCR..HNN.D.IT-1997-0105.ACC.MP.ASC,pilot,20,lhs-2,false,0.93530801801650687,0.953478937041492,0.050077687460435838,0.94748395915337158,24681357,canonical-shear-friction-v0.8.1
f38fb16199e33ae3aca3b6773800e03cd51531bf18b205c9f4cdfb4f2241d30e,ESM,IT-1997-0105,IT.NCR..HNN.D.IT-1997-0105.ACC.MP.ASC,pilot,20,lhs-3,false,0.98012715606141543,1.0955005541028737,0.043992240427104604,1.0147451705015114,24681357,canonical-shear-friction-v0.8.1
c23d34e274bb50b9cb729177fdd3c15abba7b56ca12fb9c116568274de5980f4,ESM,EMSC-20181226_0000014,IT.SVN..HGN.D.EMSC-20181226_0000014.ACC.MP.ASC,confirmatory,3,nominal,true,1,1,0.050000000000000003,1,24681357,canonical-shear-friction-v0.8.1
8243a971f1cce399c23ad7ca00d9001917103033f1c972825b20a9204e83477a,ESM,EMSC-20181226_0000014,IT.SVN..HGN.D.EMSC-20181226_0000014.ACC.MP.ASC,confirmatory,3,lhs-1,false,1.055345003920092,0.91186441049273859,0.058766975947465362,1.0991779467262428,24681357,canonical-shear-friction-v0.8.1
0d079a1780c4730586996e1143017595e2dee3fabf023a2bb2581004bf5983b8,ESM,EMSC-20181226_0000014,IT.SVN..HGN.D.EMSC-20181226_0000014.ACC.MP.ASC,confirmatory,3,lhs-2,false,0.93530801801650687,0.953478937041492,0.050077687460435838,0.94748395915337158,24681357,canonical-shear-friction-v0.8.1
6d63cc4fa6e4c4a030791624b6d881be65dd23531acec07c676174b8e5bd12bf,ESM,EMSC-20181226_0000014,IT.SVN..HGN.D.EMSC-20181226_0000014.ACC.MP.ASC,confirmatory,3,lhs-3,false,0.98012715606141543,1.0955005541028737,0.043992240427104604,1.0147451705015114,24681357,canonical-shear-friction-v0.8.1
896303632ccbf3a47d4dd72bcf4b78dc76ec8e0e22bb389cc301f61fd7e90f2a,ESM,EMSC-20181226_0000014,IT.SVN..HGN.D.EMSC-20181226_0000014.ACC.MP.ASC,confirmatory,6,nominal,true,1,1,0.050000000000000003,1,24681357,canonical-shear-friction-v0.8.1
58cb031171d07e35b7e01320273a47569e2c09b04e69b3b8cd02332f32ff992d,ESM,EMSC-20181226_0000014,IT.SVN..HGN.D.EMSC-20181226_0000014.ACC.MP.ASC,confirmatory,6,lhs-1,false,1.055345003920092,0.91186441049273859,0.058766975947465362,1.0991779467262428,24681357,canonical-shear-friction-v0.8.1
c302a2b6c7f6b54ab8c0112181ad8794189ce418f9a8a5c85195ef1346d48968,ESM,EMSC-20181226_0000014,IT.SVN..HGN.D.EMSC-20181226_0000014.ACC.MP.ASC,confirmatory,6,lhs-2,false,0.93530801801650687,0.953478937041492,0.050077687460435838,0.94748395915337158,24681357,canonical-shear-friction-v0.8.1
4e7b0b4d71a4bf213d4ad2088e7b103387f38a9c3caabc9718b6c26d583507bb,ESM,EMSC-20181226_0000014,IT.SVN..HGN.D.EMSC-20181226_0000014.ACC.MP.ASC,confirmatory,6,lhs-3,false,0.98012715606141543,1.0955005541028737,0.043992240427104604,1.0147451705015114,24681357,canonical-shear-friction-v0.8.1
fcf18a6b3f38e395f059a311a46405a138e75dfbe6a188caf65e7fc8c1bd3823,ESM,EMSC-20181226_0000014,IT.SVN..HGN.D.EMSC-20181226_0000014.ACC.MP.ASC,confirmatory,10,nominal,true,1,1,0.050000000000000003,1,24681357,canonical-shear-friction-v0.8.1
cf267fe61cb5212d841e66e76d48acdcc3f915745ce529c547e6284014666e99,ESM,EMSC-20181226_0000014,IT.SVN..HGN.D.EMSC-20181226_0000014.ACC.MP.ASC,confirmatory,10,lhs-1,false,1.055345003920092,0.91186441049273859,0.058766975947465362,1.0991779467262428,24681357,canonical-shear-friction-v0.8.1
6360fbb95cebc4833e7911b1138a29525b9a256e3ae65f721dc323fd47cf7edf,ESM,EMSC-20181226_0000014,IT.SVN..HGN.D.EMSC-20181226_0000014.ACC.MP.ASC,confirmatory,10,lhs-2,false,0.93530801801650687,0.953478937041492,0.050077687460435838,0.94748395915337158,24681357,canonical-shear-friction-v0.8.1
224e6193769f0113a6faadefc46cab54e682a44135510a9892f06525436a64e0,ESM,EMSC-20181226_0000014,IT.SVN..HGN.D.EMSC-20181226_0000014.ACC.MP.ASC,confirmatory,10,lhs-3,false,0.98012715606141543,1.0955005541028737,0.043992240427104604,1.0147451705015114,24681357,canonical-shear-friction-v0.8.1
1f02791da08ec4e135342d6ed24f7176541add2ab0a59751b7cf4c9b3c80425b,ESM,EMSC-20181226_0000014,IT.SVN..HGN.D.EMSC-20181226_0000014.ACC.MP.ASC,confirmatory,20,nominal,true,1,1,0.050000000000000003,1,24681357,canonical-shear-friction-v0.8.1
e563efe346886e3bc7077ee898bdd0b3b60174c1575e048113bcb259298fb127,ESM,EMSC-20181226_0000014,IT.SVN..HGN.D.EMSC-20181226_0000014.ACC.MP.ASC,confirmatory,20,lhs-1,false,1.055345003920092,0.91186441049273859,0.058766975947465362,1.0991779467262428,24681357,canonical-shear-friction-v0.8.1
8e85d17085dea300f2b6d727b5fa89fed3c88b861dd14a40d58d72680e9dbe36,ESM,EMSC-20181226_0000014,IT.SVN..HGN.D.EMSC-20181226_0000014.ACC.MP.ASC,confirmatory,20,lhs-2,false,0.93530801801650687,0.953478937041492,0.050077687460435838,0.94748395915337158,24681357,canonical-shear-friction-v0.8.1
ff9d949c135d66c0247e180c118d45fd6b88e8f71582284d382a7fa84415bd74,ESM,EMSC-20181226_0000014,IT.SVN..HGN.D.EMSC-20181226_0000014.ACC.MP.ASC,confirmatory,20,lhs-3,false,0.98012715606141543,1.0955005541028737,0.043992240427104604,1.0147451705015114,24681357,canonical-shear-friction-v0.8.1
f1a165aedd4189b16c3b5b3477c039a93ef2d4cb2ed03c193592b93947fe1cc3,ESM,EMSC-20181226_0000014,IV.EVRN..HNE.D.EMSC-20181226_0000014.ACC.MP.ASC,confirmatory,3,nominal,true,1,1,0.050000000000000003,1,24681357,canonical-shear-friction-v0.8.1
0426413a1d91c9238858218f359904040f017219398f4a9f0166a986c97ab036,ESM,EMSC-20181226_0000014,IV.EVRN..HNE.D.EMSC-20181226_0000014.ACC.MP.ASC,confirmatory,3,lhs-1,false,1.055345003920092,0.91186441049273859,0.058766975947465362,1.0991779467262428,24681357,canonical-shear-friction-v0.8.1
bde2f2a176e8f8becbaf02c9307e1b01db754587add1e39e1ccf92885520a174,ESM,EMSC-20181226_0000014,IV.EVRN..HNE.D.EMSC-20181226_0000014.ACC.MP.ASC,confirmatory,3,lhs-2,false,0.93530801801650687,0.953478937041492,0.050077687460435838,0.94748395915337158,24681357,canonical-shear-friction-v0.8.1
eda6903a2b002d4a1f28e7ff9eac4b53af79072a71bb34a094cc133750263c20,ESM,EMSC-20181226_0000014,IV.EVRN..HNE.D.EMSC-20181226_0000014.ACC.MP.ASC,confirmatory,3,lhs-3,false,0.98012715606141543,1.0955005541028737,0.043992240427104604,1.0147451705015114,24681357,canonical-shear-friction-v0.8.1
c76930ed1d9a6b41c94a633a9801658971b33b9c786d5db4ffb8b75e83cfa46e,ESM,EMSC-20181226_0000014,IV.EVRN..HNE.D.EMSC-20181226_0000014.ACC.MP.ASC,confirmatory,6,nominal,true,1,1,0.050000000000000003,1,24681357,canonical-shear-friction-v0.8.1
4c5daae99f9c12eb92bdd48961b28f3c5910f212ff787139768024c02aca8a6d,ESM,EMSC-20181226_0000014,IV.EVRN..HNE.D.EMSC-20181226_0000014.ACC.MP.ASC,confirmatory,6,lhs-1,false,1.055345003920092,0.91186441049273859,0.058766975947465362,1.0991779467262428,24681357,canonical-shear-friction-v0.8.1
5aaef0ddf7c293202839f8c3b264a22fe93af6c8c86193969def8a99041ba61e,ESM,EMSC-20181226_0000014,IV.EVRN..HNE.D.EMSC-20181226_0000014.ACC.MP.ASC,confirmatory,6,lhs-2,false,0.93530801801650687,0.953478937041492,0.050077687460435838,0.94748395915337158,24681357,canonical-shear-friction-v0.8.1
e68cc6ae78b2d29ec9d4c161e19dff002ab7c484d5c60ffe9f6348bad1c0750b,ESM,EMSC-20181226_0000014,IV.EVRN..HNE.D.EMSC-20181226_0000014.ACC.MP.ASC,confirmatory,6,lhs-3,false,0.98012715606141543,1.0955005541028737,0.043992240427104604,1.0147451705015114,24681357,canonical-shear-friction-v0.8.1
4175de79db7cd10cb4839f9e9cc78ef595c011045815cdc591da113682645671,ESM,EMSC-20181226_0000014,IV.EVRN..HNE.D.EMSC-20181226_0000014.ACC.MP.ASC,confirmatory,10,nominal,true,1,1,0.050000000000000003,1,24681357,canonical-shear-friction-v0.8.1
81cdf0a15a4c78d56846989d3a048f8be66be47f8d2864bcb70504625680e8a5,ESM,EMSC-20181226_0000014,IV.EVRN..HNE.D.EMSC-20181226_0000014.ACC.MP.ASC,confirmatory,10,lhs-1,false,1.055345003920092,0.91186441049273859,0.058766975947465362,1.0991779467262428,24681357,canonical-shear-friction-v0.8.1
b787b774ec2651927ca1403688d151a5055c740374428c4eea73dbef3a10f975,ESM,EMSC-20181226_0000014,IV.EVRN..HNE.D.EMSC-20181226_0000014.ACC.MP.ASC,confirmatory,10,lhs-2,false,0.93530801801650687,0.953478937041492,0.050077687460435838,0.94748395915337158,24681357,canonical-shear-friction-v0.8.1
aa636bcd7fdcdef813e8609da9769d31b2735e71b99e548a943b9ff80450d5a0,ESM,EMSC-20181226_0000014,IV.EVRN..HNE.D.EMSC-20181226_0000014.ACC.MP.ASC,confirmatory,10,lhs-3,false,0.98012715606141543,1.0955005541028737,0.043992240427104604,1.0147451705015114,24681357,canonical-shear-friction-v0.8.1
6c85927ffe294e3881b48be657d682e6d663150eec4ab95b12ae3555c6e6a469,ESM,EMSC-20181226_0000014,IV.EVRN..HNE.D.EMSC-20181226_0000014.ACC.MP.ASC,confirmatory,20,nominal,true,1,1,0.050000000000000003,1,24681357,canonical-shear-friction-v0.8.1
c756f602c75db2744abe7e5355f6068b1bcca9c29a822308e215cf1b58dd8136,ESM,EMSC-20181226_0000014,IV.EVRN..HNE.D.EMSC-20181226_0000014.ACC.MP.ASC,confirmatory,20,lhs-1,false,1.055345003920092,0.91186441049273859,0.058766975947465362,1.0991779467262428,24681357,canonical-shear-friction-v0.8.1
463df8ac1501579684fea6d4da2adc4086de42841ca03b1826fca808fd166a26,ESM,EMSC-20181226_0000014,IV.EVRN..HNE.D.EMSC-20181226_0000014.ACC.MP.ASC,confirmatory,20,lhs-2,false,0.93530801801650687,0.953478937041492,0.050077687460435838,0.94748395915337158,24681357,canonical-shear-friction-v0.8.1
37a055a0774375a62af2a90275954415b55c8a6467fbceefc0d6411c770cc2a7,ESM,EMSC-20181226_0000014,IV.EVRN..HNE.D.EMSC-20181226_0000014.ACC.MP.ASC,confirmatory,20,lhs-3,false,0.98012715606141543,1.0955005541028737,0.043992240427104604,1.0147451705015114,24681357,canonical-shear-friction-v0.8.1
e4094fa2379cc79308b59ffefa5df30673c87a7fe7545620c71789393218abf6,ESM,EMSC-20181226_0000014,IT.SVN..HGE.D.EMSC-20181226_0000014.ACC.MP.ASC,confirmatory,3,nominal,true,1,1,0.050000000000000003,1,24681357,canonical-shear-friction-v0.8.1
87c77b3275832d34a12e64a084f18e87b9c140db058eea2be99009e0a67b2662,ESM,EMSC-20181226_0000014,IT.SVN..HGE.D.EMSC-20181226_0000014.ACC.MP.ASC,confirmatory,3,lhs-1,false,1.055345003920092,0.91186441049273859,0.058766975947465362,1.0991779467262428,24681357,canonical-shear-friction-v0.8.1
aef44b7f1f87e092471844941f94712250dd6cee3dcb95908dfc7e5b6b185b55,ESM,EMSC-20181226_0000014,IT.SVN..HGE.D.EMSC-20181226_0000014.ACC.MP.ASC,confirmatory,3,lhs-2,false,0.93530801801650687,0.953478937041492,0.050077687460435838,0.94748395915337158,24681357,canonical-shear-friction-v0.8.1
44cf4c56337b292b3a42591d51a6e98b1ce8ed5ff21dc9c1bd43ff462950ee00,ESM,EMSC-20181226_0000014,IT.SVN..HGE.D.EMSC-20181226_0000014.ACC.MP.ASC,confirmatory,3,lhs-3,false,0.98012715606141543,1.0955005541028737,0.043992240427104604,1.0147451705015114,24681357,canonical-shear-friction-v0.8.1
f32f325c7e2dda0a431d43e9242f6f4b385ffd84af39437791d64afa884cff95,ESM,EMSC-20181226_0000014,IT.SVN..HGE.D.EMSC-20181226_0000014.ACC.MP.ASC,confirmatory,6,nominal,true,1,1,0.050000000000000003,1,24681357,canonical-shear-friction-v0.8.1
1190dd1de17f39e0b13aabbaa0e79f870e9588a6e72e369004a6a0a01bbc7c35,ESM,EMSC-20181226_0000014,IT.SVN..HGE.D.EMSC-20181226_0000014.ACC.MP.ASC,confirmatory,6,lhs-1,false,1.055345003920092,0.91186441049273859,0.058766975947465362,1.0991779467262428,24681357,canonical-shear-friction-v0.8.1
8a9fe0fe65f9e0ab3801425fdfe80aac4aabfad8a6e11884b20b72b3c7af3eef,ESM,EMSC-20181226_0000014,IT.SVN..HGE.D.EMSC-20181226_0000014.ACC.MP.ASC,confirmatory,6,lhs-2,false,0.93530801801650687,0.953478937041492,0.050077687460435838,0.94748395915337158,24681357,canonical-shear-friction-v0.8.1
3d9e244469e43431b26c6680c7aec0169e224e530597a48427fc54fafd3e825d,ESM,EMSC-20181226_0000014,IT.SVN..HGE.D.EMSC-20181226_0000014.ACC.MP.ASC,confirmatory,6,lhs-3,false,0.98012715606141543,1.0955005541028737,0.043992240427104604,1.0147451705015114,24681357,canonical-shear-friction-v0.8.1
97a36741326e564f587ba97b587859986781a757aff1b9bc9fe6cc63d251ee9d,ESM,EMSC-20181226_0000014,IT.SVN..HGE.D.EMSC-20181226_0000014.ACC.MP.ASC,confirmatory,10,nominal,true,1,1,0.050000000000000003,1,24681357,canonical-shear-friction-v0.8.1
eb6825b280fa2fe18bb3a03b2ed1cf3f1166b2d68dd4f12c29b18ea762b4d590,ESM,EMSC-20181226_0000014,IT.SVN..HGE.D.EMSC-20181226_0000014.ACC.MP.ASC,confirmatory,10,lhs-1,false,1.055345003920092,0.91186441049273859,0.058766975947465362,1.0991779467262428,24681357,canonical-shear-friction-v0.8.1
d431ea9d8bcfa33893ff7dc884ae91c76de7aad58a4a22c3767c2af3ed9c15c9,ESM,EMSC-20181226_0000014,IT.SVN..HGE.D.EMSC-20181226_0000014.ACC.MP.ASC,confirmatory,10,lhs-2,false,0.93530801801650687,0.953478937041492,0.050077687460435838,0.94748395915337158,24681357,canonical-shear-friction-v0.8.1
d18a08cd455e92448a1ca6d3f8a5b1f5ef86f5d33180670047d1c82e900fc4ac,ESM,EMSC-20181226_0000014,IT.SVN..HGE.D.EMSC-20181226_0000014.ACC.MP.ASC,confirmatory,10,lhs-3,false,0.98012715606141543,1.0955005541028737,0.043992240427104604,1.0147451705015114,24681357,canonical-shear-friction-v0.8.1
34c92c7375b3937fe79f7be009e6e78d37ea1fa9128dcf03f87cb94bf3ab1e77,ESM,EMSC-20181226_0000014,IT.SVN..HGE.D.EMSC-20181226_0000014.ACC.MP.ASC,confirmatory,20,nominal,true,1,1,0.050000000000000003,1,24681357,canonical-shear-friction-v0.8.1
f99e4f41784cac47bd4eb598a03effb398d2074c85cfb8d2b2e7daf13c26cf3f,ESM,EMSC-20181226_0000014,IT.SVN..HGE.D.EMSC-20181226_0000014.ACC.MP.ASC,confirmatory,20,lhs-1,false,1.055345003920092,0.91186441049273859,0.058766975947465362,1.0991779467262428,24681357,canonical-shear-friction-v0.8.1
ee1e55f642e6c35759f7b38e49f73d0722024741cbfeb77be319d2d1626c27cd,ESM,EMSC-20181226_0000014,IT.SVN..HGE.D.EMSC-20181226_0000014.ACC.MP.ASC,confirmatory,20,lhs-2,false,0.93530801801650687,0.953478937041492,0.050077687460435838,0.94748395915337158,24681357,canonical-shear-friction-v0.8.1
7811598a8d84814e4fff9a6efaf494b4cbce09533aad05acb9fbd90abf4117b5,ESM,EMSC-20181226_0000014,IT.SVN..HGE.D.EMSC-20181226_0000014.ACC.MP.ASC,confirmatory,20,lhs-3,false,0.98012715606141543,1.0955005541028737,0.043992240427104604,1.0147451705015114,24681357,canonical-shear-friction-v0.8.1
d47c0412bd232d043a62d642b65b933ea324a130953486360b048387969f6769,ESM,EMSC-20181226_0000014,IV.EVRN..HNN.D.EMSC-20181226_0000014.ACC.MP.ASC,confirmatory,3,nominal,true,1,1,0.050000000000000003,1,24681357,canonical-shear-friction-v0.8.1
62d41db4201d9caefc175546ea6a9bccd5a849680e73e93ca725a7d3cb04ba59,ESM,EMSC-20181226_0000014,IV.EVRN..HNN.D.EMSC-20181226_0000014.ACC.MP.ASC,confirmatory,3,lhs-1,false,1.055345003920092,0.91186441049273859,0.058766975947465362,1.0991779467262428,24681357,canonical-shear-friction-v0.8.1
776866d30d5f97373c921598b4ccf95a63b60dc1ec2160133c9502569232b17c,ESM,EMSC-20181226_0000014,IV.EVRN..HNN.D.EMSC-20181226_0000014.ACC.MP.ASC,confirmatory,3,lhs-2,false,0.93530801801650687,0.953478937041492,0.050077687460435838,0.94748395915337158,24681357,canonical-shear-friction-v0.8.1
45aa34f4819093c06980eba494f3ae03035e8aad940c09bcfb550e030e49deec,ESM,EMSC-20181226_0000014,IV.EVRN..HNN.D.EMSC-20181226_0000014.ACC.MP.ASC,confirmatory,3,lhs-3,false,0.98012715606141543,1.0955005541028737,0.043992240427104604,1.0147451705015114,24681357,canonical-shear-friction-v0.8.1
3d83d34df1234ec814d141a8b86445ef3491f0b55b2b3dc33387120e9252d74e,ESM,EMSC-20181226_0000014,IV.EVRN..HNN.D.EMSC-20181226_0000014.ACC.MP.ASC,confirmatory,6,nominal,true,1,1,0.050000000000000003,1,24681357,canonical-shear-friction-v0.8.1
10a9579f7e7bc400e1c5fcb5b8ff416be7b1e5debf0ef534168bc1e79a6ff806,ESM,EMSC-20181226_0000014,IV.EVRN..HNN.D.EMSC-20181226_0000014.ACC.MP.ASC,confirmatory,6,lhs-1,false,1.055345003920092,0.91186441049273859,0.058766975947465362,1.0991779467262428,24681357,canonical-shear-friction-v0.8.1
0c019c06cfd4ad7f4551625baf25ce83fdd857cd8204cf6030eef1ca0841217d,ESM,EMSC-20181226_0000014,IV.EVRN..HNN.D.EMSC-20181226_0000014.ACC.MP.ASC,confirmatory,6,lhs-2,false,0.93530801801650687,0.953478937041492,0.050077687460435838,0.94748395915337158,24681357,canonical-shear-friction-v0.8.1
c495280113bf268c46546bc9235d18f94e97c0051a84d46a67e4774c3675c53a,ESM,EMSC-20181226_0000014,IV.EVRN..HNN.D.EMSC-20181226_0000014.ACC.MP.ASC,confirmatory,6,lhs-3,false,0.98012715606141543,1.0955005541028737,0.043992240427104604,1.0147451705015114,24681357,canonical-shear-friction-v0.8.1
d14310e394379cd7d8cb57cb447329dd5fa10d9f6c343a2d7b9619edb3a4302c,ESM,EMSC-20181226_0000014,IV.EVRN..HNN.D.EMSC-20181226_0000014.ACC.MP.ASC,confirmatory,10,nominal,true,1,1,0.050000000000000003,1,24681357,canonical-shear-friction-v0.8.1
002cfab8bcf4989c68a6a1aefc114d2bd961f9d11a4afe383496d20f2dc25df2,ESM,EMSC-20181226_0000014,IV.EVRN..HNN.D.EMSC-20181226_0000014.ACC.MP.ASC,confirmatory,10,lhs-1,false,1.055345003920092,0.91186441049273859,0.058766975947465362,1.0991779467262428,24681357,canonical-shear-friction-v0.8.1
0ca6c26fcd45044827f1d7a6b2f995af72dcade0e5b6979859efe4ddb8b910a3,ESM,EMSC-20181226_0000014,IV.EVRN..HNN.D.EMSC-20181226_0000014.ACC.MP.ASC,confirmatory,10,lhs-2,false,0.93530801801650687,0.953478937041492,0.050077687460435838,0.94748395915337158,24681357,canonical-shear-friction-v0.8.1
06c31c2f8aba106e02e224fe40183f63f9335dfcb4ac277bf7ebf9d618ac35b8,ESM,EMSC-20181226_0000014,IV.EVRN..HNN.D.EMSC-20181226_0000014.ACC.MP.ASC,confirmatory,10,lhs-3,false,0.98012715606141543,1.0955005541028737,0.043992240427104604,1.0147451705015114,24681357,canonical-shear-friction-v0.8.1
22b3485b7b504e5946c2b80ad8a333c08a6a5ea1bab5f26f55fc21253103424a,ESM,EMSC-20181226_0000014,IV.EVRN..HNN.D.EMSC-20181226_0000014.ACC.MP.ASC,confirmatory,20,nominal,true,1,1,0.050000000000000003,1,24681357,canonical-shear-friction-v0.8.1
254c9389f2dc7679f6654161fdccee74d0c9a5d6d443d0e3cfeda478c8e455d7,ESM,EMSC-20181226_0000014,IV.EVRN..HNN.D.EMSC-20181226_0000014.ACC.MP.ASC,confirmatory,20,lhs-1,false,1.055345003920092,0.91186441049273859,0.058766975947465362,1.0991779467262428,24681357,canonical-shear-friction-v0.8.1
01cd1ebb49302e33c0d07d8bf78809c4d043aa142be6dce9cd34269d776007a6,ESM,EMSC-20181226_0000014,IV.EVRN..HNN.D.EMSC-20181226_0000014.ACC.MP.ASC,confirmatory,20,lhs-2,false,0.93530801801650687,0.953478937041492,0.050077687460435838,0.94748395915337158,24681357,canonical-shear-friction-v0.8.1
576a6de68b41af3d07c05a29945539f9fe42efe8ad36504331cca0ed50fc9793,ESM,EMSC-20181226_0000014,IV.EVRN..HNN.D.EMSC-20181226_0000014.ACC.MP.ASC,confirmatory,20,lhs-3,false,0.98012715606141543,1.0955005541028737,0.043992240427104604,1.0147451705015114,24681357,canonical-shear-friction-v0.8.1
a22df37051b737bad9605d578f68cd15c5ca2780b26df11b0fe098f04ddf5b54,ESM,EMSC-20170118_0000119,IT.PCB..HGE.D.EMSC-20170118_0000119.ACC.MP.ASC,confirmatory,3,nominal,true,1,1,0.050000000000000003,1,24681357,canonical-shear-friction-v0.8.1
d0950e59a2671d62e0508a4a82947dc832089faf9d49633e810bb1ce37d85ce5,ESM,EMSC-20170118_0000119,IT.PCB..HGE.D.EMSC-20170118_0000119.ACC.MP.ASC,confirmatory,3,lhs-1,false,1.055345003920092,0.91186441049273859,0.058766975947465362,1.0991779467262428,24681357,canonical-shear-friction-v0.8.1
c4a91106de0db0cf25e57d4d6da22ceb61171713b2674d31366822da99e5d303,ESM,EMSC-20170118_0000119,IT.PCB..HGE.D.EMSC-20170118_0000119.ACC.MP.ASC,confirmatory,3,lhs-2,false,0.93530801801650687,0.953478937041492,0.050077687460435838,0.94748395915337158,24681357,canonical-shear-friction-v0.8.1
821c6d8db9f59b03442841458fba89394715aafdefa8258a0aac69469487048d,ESM,EMSC-20170118_0000119,IT.PCB..HGE.D.EMSC-20170118_0000119.ACC.MP.ASC,confirmatory,3,lhs-3,false,0.98012715606141543,1.0955005541028737,0.043992240427104604,1.0147451705015114,24681357,canonical-shear-friction-v0.8.1
d486aaa728d1322c0c7250b758c406c52a76fde0280d3fb87b6ea997fccacd7a,ESM,EMSC-20170118_0000119,IT.PCB..HGE.D.EMSC-20170118_0000119.ACC.MP.ASC,confirmatory,6,nominal,true,1,1,0.050000000000000003,1,24681357,canonical-shear-friction-v0.8.1
f9607f30f91a086262a9c8528d3e5626408d461f7e3aa5800f98e64c670e1c56,ESM,EMSC-20170118_0000119,IT.PCB..HGE.D.EMSC-20170118_0000119.ACC.MP.ASC,confirmatory,6,lhs-1,false,1.055345003920092,0.91186441049273859,0.058766975947465362,1.0991779467262428,24681357,canonical-shear-friction-v0.8.1
ab404e01f93df31b5daa1ce1cd5e20927bf7b08fefb1f07b9c1a0ef3943d99ef,ESM,EMSC-20170118_0000119,IT.PCB..HGE.D.EMSC-20170118_0000119.ACC.MP.ASC,confirmatory,6,lhs-2,false,0.93530801801650687,0.953478937041492,0.050077687460435838,0.94748395915337158,24681357,canonical-shear-friction-v0.8.1
ebc350815dc7fc1ac413642404bf47502d941c26b377a3d661b181eee18bc1c2,ESM,EMSC-20170118_0000119,IT.PCB..HGE.D.EMSC-20170118_0000119.ACC.MP.ASC,confirmatory,6,lhs-3,false,0.98012715606141543,1.0955005541028737,0.043992240427104604,1.0147451705015114,24681357,canonical-shear-friction-v0.8.1
77c92c2ce6b88fee8d7d61f0102237199399a2db1d56c7005ce7d3712548dd8b,ESM,EMSC-20170118_0000119,IT.PCB..HGE.D.EMSC-20170118_0000119.ACC.MP.ASC,confirmatory,10,nominal,true,1,1,0.050000000000000003,1,24681357,canonical-shear-friction-v0.8.1
27cae6e7c5803717f7defd3638cd6cdfa84ff8ae024ddfffc63978dd2ed284d4,ESM,EMSC-20170118_0000119,IT.PCB..HGE.D.EMSC-20170118_0000119.ACC.MP.ASC,confirmatory,10,lhs-1,false,1.055345003920092,0.91186441049273859,0.058766975947465362,1.0991779467262428,24681357,canonical-shear-friction-v0.8.1
8c3462c4c00776e9a50b8879583e0447727ef87613750013455501dfeffe5c11,ESM,EMSC-20170118_0000119,IT.PCB..HGE.D.EMSC-20170118_0000119.ACC.MP.ASC,confirmatory,10,lhs-2,false,0.93530801801650687,0.953478937041492,0.050077687460435838,0.94748395915337158,24681357,canonical-shear-friction-v0.8.1
567a09984b82e29b0eb084ce9b3d250f12f841e5b9daa6c268af9c4951d6023e,ESM,EMSC-20170118_0000119,IT.PCB..HGE.D.EMSC-20170118_0000119.ACC.MP.ASC,confirmatory,10,lhs-3,false,0.98012715606141543,1.0955005541028737,0.043992240427104604,1.0147451705015114,24681357,canonical-shear-friction-v0.8.1
530231ca92aca525fbf30112a60ab48b8af049b2738bec16b8a49377e82c6b51,ESM,EMSC-20170118_0000119,IT.PCB..HGE.D.EMSC-20170118_0000119.ACC.MP.ASC,confirmatory,20,nominal,true,1,1,0.050000000000000003,1,24681357,canonical-shear-friction-v0.8.1
aa158e46dc1b68ceb46c0bb69578b28f58e9e241c42600f670a95d93b048be5c,ESM,EMSC-20170118_0000119,IT.PCB..HGE.D.EMSC-20170118_0000119.ACC.MP.ASC,confirmatory,20,lhs-1,false,1.055345003920092,0.91186441049273859,0.058766975947465362,1.0991779467262428,24681357,canonical-shear-friction-v0.8.1
46604dfb8968b9c9cc65c71acb45a8bcb91b335ce9f751448f8e1da4e9b67b42,ESM,EMSC-20170118_0000119,IT.PCB..HGE.D.EMSC-20170118_0000119.ACC.MP.ASC,confirmatory,20,lhs-2,false,0.93530801801650687,0.953478937041492,0.050077687460435838,0.94748395915337158,24681357,canonical-shear-friction-v0.8.1
956558193a2c7b807a45b1cbc0f4ab845a9d5d158ff8aa9ed7d8543239a6030d,ESM,EMSC-20170118_0000119,IT.PCB..HGE.D.EMSC-20170118_0000119.ACC.MP.ASC,confirmatory,20,lhs-3,false,0.98012715606141543,1.0955005541028737,0.043992240427104604,1.0147451705015114,24681357,canonical-shear-friction-v0.8.1
f7c851db4fb677703fbe7e9d5e4c68cfb461f1d5cc094dd78f520825b358d19e,ESM,EMSC-20170118_0000119,IT.MSC..HGN.D.EMSC-20170118_0000119.ACC.MP.ASC,confirmatory,3,nominal,true,1,1,0.050000000000000003,1,24681357,canonical-shear-friction-v0.8.1
1c7b782beceeeb8b1de245d27fd543711cda09b33c545b24f7516acf534511bb,ESM,EMSC-20170118_0000119,IT.MSC..HGN.D.EMSC-20170118_0000119.ACC.MP.ASC,confirmatory,3,lhs-1,false,1.055345003920092,0.91186441049273859,0.058766975947465362,1.0991779467262428,24681357,canonical-shear-friction-v0.8.1
77672d19c808671e270b83ba4e0c9d3483940a11e8126d6da59149392344113a,ESM,EMSC-20170118_0000119,IT.MSC..HGN.D.EMSC-20170118_0000119.ACC.MP.ASC,confirmatory,3,lhs-2,false,0.93530801801650687,0.953478937041492,0.050077687460435838,0.94748395915337158,24681357,canonical-shear-friction-v0.8.1
893f1f7014387db42a103ea51080662f2d6a4e51e9191eff6a25901652be100e,ESM,EMSC-20170118_0000119,IT.MSC..HGN.D.EMSC-20170118_0000119.ACC.MP.ASC,confirmatory,3,lhs-3,false,0.98012715606141543,1.0955005541028737,0.043992240427104604,1.0147451705015114,24681357,canonical-shear-friction-v0.8.1
0d0be4826b82bb67035706896494d872e9549efd43efa94a69f4453de1485b7c,ESM,EMSC-20170118_0000119,IT.MSC..HGN.D.EMSC-20170118_0000119.ACC.MP.ASC,confirmatory,6,nominal,true,1,1,0.050000000000000003,1,24681357,canonical-shear-friction-v0.8.1
bb1798a3e631781afd929f6b505a7ff3b108f1be33a6f85d00b5718f4c429d2c,ESM,EMSC-20170118_0000119,IT.MSC..HGN.D.EMSC-20170118_0000119.ACC.MP.ASC,confirmatory,6,lhs-1,false,1.055345003920092,0.91186441049273859,0.058766975947465362,1.0991779467262428,24681357,canonical-shear-friction-v0.8.1
7cd5b748f912c773c870c82dba3298017196883d697b0bff33268c9de89ea0ad,ESM,EMSC-20170118_0000119,IT.MSC..HGN.D.EMSC-20170118_0000119.ACC.MP.ASC,confirmatory,6,lhs-2,false,0.93530801801650687,0.953478937041492,0.050077687460435838,0.94748395915337158,24681357,canonical-shear-friction-v0.8.1
72d4630bebfc5036693b324e1a4cc2fb976f4b143db6a887b1d0408d0a03f874,ESM,EMSC-20170118_0000119,IT.MSC..HGN.D.EMSC-20170118_0000119.ACC.MP.ASC,confirmatory,6,lhs-3,false,0.98012715606141543,1.0955005541028737,0.043992240427104604,1.0147451705015114,24681357,canonical-shear-friction-v0.8.1
4f39a5cea426e70eb762be3635b603736d4ce9ee757cffdcf9fdcc33f810788b,ESM,EMSC-20170118_0000119,IT.MSC..HGN.D.EMSC-20170118_0000119.ACC.MP.ASC,confirmatory,10,nominal,true,1,1,0.050000000000000003,1,24681357,canonical-shear-friction-v0.8.1
8cffd2b686687f9cd9c6e19e1b21fde536d992d7007ab2544d63be15652f9e12,ESM,EMSC-20170118_0000119,IT.MSC..HGN.D.EMSC-20170118_0000119.ACC.MP.ASC,confirmatory,10,lhs-1,false,1.055345003920092,0.91186441049273859,0.058766975947465362,1.0991779467262428,24681357,canonical-shear-friction-v0.8.1
e023a894a741c5a770950e1f09ddace99ea153b2ddf5ad08ad477ece412f3264,ESM,EMSC-20170118_0000119,IT.MSC..HGN.D.EMSC-20170118_0000119.ACC.MP.ASC,confirmatory,10,lhs-2,false,0.93530801801650687,0.953478937041492,0.050077687460435838,0.94748395915337158,24681357,canonical-shear-friction-v0.8.1
b584148f79b13efd41aec93e158d6e076a02cdfec01f49aabb576a040143cd6a,ESM,EMSC-20170118_0000119,IT.MSC..HGN.D.EMSC-20170118_0000119.ACC.MP.ASC,confirmatory,10,lhs-3,false,0.98012715606141543,1.0955005541028737,0.043992240427104604,1.0147451705015114,24681357,canonical-shear-friction-v0.8.1
c4f3874a9e82f8e113d3533aa8b31d425a94803d62830bff3f74735b78c186c5,ESM,EMSC-20170118_0000119,IT.MSC..HGN.D.EMSC-20170118_0000119.ACC.MP.ASC,confirmatory,20,nominal,true,1,1,0.050000000000000003,1,24681357,canonical-shear-friction-v0.8.1
227764a35ee0a421ca2701a7b643e08527f342ce4841a928401ee657ae742481,ESM,EMSC-20170118_0000119,IT.MSC..HGN.D.EMSC-20170118_0000119.ACC.MP.ASC,confirmatory,20,lhs-1,false,1.055345003920092,0.91186441049273859,0.058766975947465362,1.0991779467262428,24681357,canonical-shear-friction-v0.8.1
924d379e3c0e2692f61899fb1d0b06958b435e8fceeda71510536cca13543e52,ESM,EMSC-20170118_0000119,IT.MSC..HGN.D.EMSC-20170118_0000119.ACC.MP.ASC,confirmatory,20,lhs-2,false,0.93530801801650687,0.953478937041492,0.050077687460435838,0.94748395915337158,24681357,canonical-shear-friction-v0.8.1
5e9b2640887f24b094a51efaa4294d156b0e5523983a822c25279810d86f1938,ESM,EMSC-20170118_0000119,IT.MSC..HGN.D.EMSC-20170118_0000119.ACC.MP.ASC,confirmatory,20,lhs-3,false,0.98012715606141543,1.0955005541028737,0.043992240427104604,1.0147451705015114,24681357,canonical-shear-friction-v0.8.1
01bf63db997fc3ad46ec3dd07f1f468b3d67333554bf84f14299e7639bce8c3b,ESM,EMSC-20170118_0000119,IT.MSCT..HGN.D.EMSC-20170118_0000119.ACC.MP.ASC,confirmatory,3,nominal,true,1,1,0.050000000000000003,1,24681357,canonical-shear-friction-v0.8.1
5f0ff5b10df5296082cab30f6ac5cb706399c39d1f114be810990e8311ee86e3,ESM,EMSC-20170118_0000119,IT.MSCT..HGN.D.EMSC-20170118_0000119.ACC.MP.ASC,confirmatory,3,lhs-1,false,1.055345003920092,0.91186441049273859,0.058766975947465362,1.0991779467262428,24681357,canonical-shear-friction-v0.8.1
375678152d71fa22a5058776873e1ae6d54b18d068fbec03f425258d80c824d7,ESM,EMSC-20170118_0000119,IT.MSCT..HGN.D.EMSC-20170118_0000119.ACC.MP.ASC,confirmatory,3,lhs-2,false,0.93530801801650687,0.953478937041492,0.050077687460435838,0.94748395915337158,24681357,canonical-shear-friction-v0.8.1
f49480211ac4b22a9e0ff1217e68a19a5eb82138fbc4578a4a84def80ab9317e,ESM,EMSC-20170118_0000119,IT.MSCT..HGN.D.EMSC-20170118_0000119.ACC.MP.ASC,confirmatory,3,lhs-3,false,0.98012715606141543,1.0955005541028737,0.043992240427104604,1.0147451705015114,24681357,canonical-shear-friction-v0.8.1
0a160ef15d3dc5f731fbebc9566c8628b30824ba6891568e708048d5f6985ee4,ESM,EMSC-20170118_0000119,IT.MSCT..HGN.D.EMSC-20170118_0000119.ACC.MP.ASC,confirmatory,6,nominal,true,1,1,0.050000000000000003,1,24681357,canonical-shear-friction-v0.8.1
6680092f53888e83de1bc3c72091bceb81d065bcdf2a769b4d6f702d8bbdb1d4,ESM,EMSC-20170118_0000119,IT.MSCT..HGN.D.EMSC-20170118_0000119.ACC.MP.ASC,confirmatory,6,lhs-1,false,1.055345003920092,0.91186441049273859,0.058766975947465362,1.0991779467262428,24681357,canonical-shear-friction-v0.8.1
cd727d582ce23bcb638f4011dd9b9dd2290ad7436bd57f3413f78d9607254fae,ESM,EMSC-20170118_0000119,IT.MSCT..HGN.D.EMSC-20170118_0000119.ACC.MP.ASC,confirmatory,6,lhs-2,false,0.93530801801650687,0.953478937041492,0.050077687460435838,0.94748395915337158,24681357,canonical-shear-friction-v0.8.1
7480ff628f448cd9490de28fa9fa6a2898dc1408cc0febef4090e12e6c2802cc,ESM,EMSC-20170118_0000119,IT.MSCT..HGN.D.EMSC-20170118_0000119.ACC.MP.ASC,confirmatory,6,lhs-3,false,0.98012715606141543,1.0955005541028737,0.043992240427104604,1.0147451705015114,24681357,canonical-shear-friction-v0.8.1
ee022bba555e9ff3f57123b912e8ddf23f9b57411a07633eacfad2210dde2351,ESM,EMSC-20170118_0000119,IT.MSCT..HGN.D.EMSC-20170118_0000119.ACC.MP.ASC,confirmatory,10,nominal,true,1,1,0.050000000000000003,1,24681357,canonical-shear-friction-v0.8.1
7d3685fdb0f37dab5c63b65e5b7929828e75ef5b41dbde0d34a49112996c3d7b,ESM,EMSC-20170118_0000119,IT.MSCT..HGN.D.EMSC-20170118_0000119.ACC.MP.ASC,confirmatory,10,lhs-1,false,1.055345003920092,0.91186441049273859,0.058766975947465362,1.0991779467262428,24681357,canonical-shear-friction-v0.8.1
699909fb56bbfe0c06c75bf51f11512ec6dedf1747b5f9f77dc924205fc43a4b,ESM,EMSC-20170118_0000119,IT.MSCT..HGN.D.EMSC-20170118_0000119.ACC.MP.ASC,confirmatory,10,lhs-2,false,0.93530801801650687,0.953478937041492,0.050077687460435838,0.94748395915337158,24681357,canonical-shear-friction-v0.8.1
fa1a038aee76fcabebc26c73aa036c6a4d51514ea249dd3e9e11cff304ecb94c,ESM,EMSC-20170118_0000119,IT.MSCT..HGN.D.EMSC-20170118_0000119.ACC.MP.ASC,confirmatory,10,lhs-3,false,0.98012715606141543,1.0955005541028737,0.043992240427104604,1.0147451705015114,24681357,canonical-shear-friction-v0.8.1
c506eeaf676cf45ef42d7156ef61a4d693700afbd2f170e10ff2de54191ffcd0,ESM,EMSC-20170118_0000119,IT.MSCT..HGN.D.EMSC-20170118_0000119.ACC.MP.ASC,confirmatory,20,nominal,true,1,1,0.050000000000000003,1,24681357,canonical-shear-friction-v0.8.1
f09055e8c7ea1ef613d87b21cc47baf6a151f5e717af09adfe49cc760f89260f,ESM,EMSC-20170118_0000119,IT.MSCT..HGN.D.EMSC-20170118_0000119.ACC.MP.ASC,confirmatory,20,lhs-1,false,1.055345003920092,0.91186441049273859,0.058766975947465362,1.0991779467262428,24681357,canonical-shear-friction-v0.8.1
b135d88f72e4b6e68a9486a719c21a548f34104f5ac3f6f1a5eb8529992f78f1,ESM,EMSC-20170118_0000119,IT.MSCT..HGN.D.EMSC-20170118_0000119.ACC.MP.ASC,confirmatory,20,lhs-2,false,0.93530801801650687,0.953478937041492,0.050077687460435838,0.94748395915337158,24681357,canonical-shear-friction-v0.8.1
fe444f69a64c2f94923501568a081969775c19975ac9d4b7f25a86df7415fa9c,ESM,EMSC-20170118_0000119,IT.MSCT..HGN.D.EMSC-20170118_0000119.ACC.MP.ASC,confirmatory,20,lhs-3,false,0.98012715606141543,1.0955005541028737,0.043992240427104604,1.0147451705015114,24681357,canonical-shear-friction-v0.8.1
500150c7346d366ec6f277ee49bff1cdb7c4ccddbe02f881a70b6e8ba6d5007b,ESM,EMSC-20170118_0000119,IT.PCB..HGN.D.EMSC-20170118_0000119.ACC.MP.ASC,confirmatory,3,nominal,true,1,1,0.050000000000000003,1,24681357,canonical-shear-friction-v0.8.1
e077937b8e3c679a574951f4b98c6ed4b20bc119b7d6848f406a68c5ae5ad983,ESM,EMSC-20170118_0000119,IT.PCB..HGN.D.EMSC-20170118_0000119.ACC.MP.ASC,confirmatory,3,lhs-1,false,1.055345003920092,0.91186441049273859,0.058766975947465362,1.0991779467262428,24681357,canonical-shear-friction-v0.8.1
514ab786bda74cea4deac36d4f71a51839047a1fd94ba6be94f1cfb60c25564b,ESM,EMSC-20170118_0000119,IT.PCB..HGN.D.EMSC-20170118_0000119.ACC.MP.ASC,confirmatory,3,lhs-2,false,0.93530801801650687,0.953478937041492,0.050077687460435838,0.94748395915337158,24681357,canonical-shear-friction-v0.8.1
4373d99ea3f6b386b5093b9982e301d2a80e25b8534f3c17fc43d29b8f40e351,ESM,EMSC-20170118_0000119,IT.PCB..HGN.D.EMSC-20170118_0000119.ACC.MP.ASC,confirmatory,3,lhs-3,false,0.98012715606141543,1.0955005541028737,0.043992240427104604,1.0147451705015114,24681357,canonical-shear-friction-v0.8.1
5fcc16a92bf6d6f756ade908622515386b70038dc98378b52acc1fd53b0a40b3,ESM,EMSC-20170118_0000119,IT.PCB..HGN.D.EMSC-20170118_0000119.ACC.MP.ASC,confirmatory,6,nominal,true,1,1,0.050000000000000003,1,24681357,canonical-shear-friction-v0.8.1
185e4797ec263670e105f477abb301ee7ac723f1fc1787d91ecdaa57c3ea0fd1,ESM,EMSC-20170118_0000119,IT.PCB..HGN.D.EMSC-20170118_0000119.ACC.MP.ASC,confirmatory,6,lhs-1,false,1.055345003920092,0.91186441049273859,0.058766975947465362,1.0991779467262428,24681357,canonical-shear-friction-v0.8.1
f75b334eea62606e4f9b424db2062a7ff97f4de7c48df2b8146f59fb631f2d0e,ESM,EMSC-20170118_0000119,IT.PCB..HGN.D.EMSC-20170118_0000119.ACC.MP.ASC,confirmatory,6,lhs-2,false,0.93530801801650687,0.953478937041492,0.050077687460435838,0.94748395915337158,24681357,canonical-shear-friction-v0.8.1
9f7691c239916b86c3a24ac67c20491d2e359bebfc0c7ce7be40ae72bf499936,ESM,EMSC-20170118_0000119,IT.PCB..HGN.D.EMSC-20170118_0000119.ACC.MP.ASC,confirmatory,6,lhs-3,false,0.98012715606141543,1.0955005541028737,0.043992240427104604,1.0147451705015114,24681357,canonical-shear-friction-v0.8.1
56e8f10f65b3d62c6fd5c6dd7bbae66cecb88312bcc5d282370f34a8603013eb,ESM,EMSC-20170118_0000119,IT.PCB..HGN.D.EMSC-20170118_0000119.ACC.MP.ASC,confirmatory,10,nominal,true,1,1,0.050000000000000003,1,24681357,canonical-shear-friction-v0.8.1
2a6c206de7de6a34cd8c9b77f9e200ac6a54c9b23037a45e01274c1dc29b825c,ESM,EMSC-20170118_0000119,IT.PCB..HGN.D.EMSC-20170118_0000119.ACC.MP.ASC,confirmatory,10,lhs-1,false,1.055345003920092,0.91186441049273859,0.058766975947465362,1.0991779467262428,24681357,canonical-shear-friction-v0.8.1
1a53d5a6d79fc13b96d88c88eb1863b39d8f01805fcec73ddee2d77599c5fae6,ESM,EMSC-20170118_0000119,IT.PCB..HGN.D.EMSC-20170118_0000119.ACC.MP.ASC,confirmatory,10,lhs-2,false,0.93530801801650687,0.953478937041492,0.050077687460435838,0.94748395915337158,24681357,canonical-shear-friction-v0.8.1
bb8c14086b41fb250ab2463cdb6cbcd136e0b6473e2fe9d97225d8557144c145,ESM,EMSC-20170118_0000119,IT.PCB..HGN.D.EMSC-20170118_0000119.ACC.MP.ASC,confirmatory,10,lhs-3,false,0.98012715606141543,1.0955005541028737,0.043992240427104604,1.0147451705015114,24681357,canonical-shear-friction-v0.8.1
781e53f7d99e486495fac324bfa8732b7116dae8fc5fdbf5b7b391ec51ebca99,ESM,EMSC-20170118_0000119,IT.PCB..HGN.D.EMSC-20170118_0000119.ACC.MP.ASC,confirmatory,20,nominal,true,1,1,0.050000000000000003,1,24681357,canonical-shear-friction-v0.8.1
62daa31db32cf9e8d6f77f0e5abd331eaa7bcd1141a9d54163d64761e453d70a,ESM,EMSC-20170118_0000119,IT.PCB..HGN.D.EMSC-20170118_0000119.ACC.MP.ASC,confirmatory,20,lhs-1,false,1.055345003920092,0.91186441049273859,0.058766975947465362,1.0991779467262428,24681357,canonical-shear-friction-v0.8.1
4444919e560cb5ab432c9d8bb14272db602f6366fa255ccc766ef4550510e54e,ESM,EMSC-20170118_0000119,IT.PCB..HGN.D.EMSC-20170118_0000119.ACC.MP.ASC,confirmatory,20,lhs-2,false,0.93530801801650687,0.953478937041492,0.050077687460435838,0.94748395915337158,24681357,canonical-shear-friction-v0.8.1
e2c4977f614ddcd66854215b0ed878b27a8ee81e7c23af250193ed5889ca3722,ESM,EMSC-20170118_0000119,IT.PCB..HGN.D.EMSC-20170118_0000119.ACC.MP.ASC,confirmatory,20,lhs-3,false,0.98012715606141543,1.0955005541028737,0.043992240427104604,1.0147451705015114,24681357,canonical-shear-friction-v0.8.1
b728d7d935dae9f5a246a1aac1f0556e8b763988add88d6b36542da0945147cd,ESM,EMSC-20170118_0000034,IT.MSC..HGE.D.EMSC-20170118_0000034.ACC.MP.ASC,confirmatory,3,nominal,true,1,1,0.050000000000000003,1,24681357,canonical-shear-friction-v0.8.1
6c5b0fdef45f1df8143e6c974288caf627b0b1fc4d32a8adbfa19cde3ba68636,ESM,EMSC-20170118_0000034,IT.MSC..HGE.D.EMSC-20170118_0000034.ACC.MP.ASC,confirmatory,3,lhs-1,false,1.055345003920092,0.91186441049273859,0.058766975947465362,1.0991779467262428,24681357,canonical-shear-friction-v0.8.1
616ef530b41327b0251af1f45f0240e9ea17f9000d0cac21e2333bf68c43923c,ESM,EMSC-20170118_0000034,IT.MSC..HGE.D.EMSC-20170118_0000034.ACC.MP.ASC,confirmatory,3,lhs-2,false,0.93530801801650687,0.953478937041492,0.050077687460435838,0.94748395915337158,24681357,canonical-shear-friction-v0.8.1
1e5b8bd4159ca98023e1e80feb9eb32358444817a3bcea8be41fdcb932316e74,ESM,EMSC-20170118_0000034,IT.MSC..HGE.D.EMSC-20170118_0000034.ACC.MP.ASC,confirmatory,3,lhs-3,false,0.98012715606141543,1.0955005541028737,0.043992240427104604,1.0147451705015114,24681357,canonical-shear-friction-v0.8.1
e7070bad9d7c35646b39c046c9bd54547ab47e442859461171cdc1e1620555bc,ESM,EMSC-20170118_0000034,IT.MSC..HGE.D.EMSC-20170118_0000034.ACC.MP.ASC,confirmatory,6,nominal,true,1,1,0.050000000000000003,1,24681357,canonical-shear-friction-v0.8.1
2aa7210e118a8a5a4545b11b70b2346a806c2ec4ef89bead3eaa82afe728b7a2,ESM,EMSC-20170118_0000034,IT.MSC..HGE.D.EMSC-20170118_0000034.ACC.MP.ASC,confirmatory,6,lhs-1,false,1.055345003920092,0.91186441049273859,0.058766975947465362,1.0991779467262428,24681357,canonical-shear-friction-v0.8.1
83b3b296cd7cda55fb94769bca85e79fa4fbc52927ef3542b95ee9c776561a03,ESM,EMSC-20170118_0000034,IT.MSC..HGE.D.EMSC-20170118_0000034.ACC.MP.ASC,confirmatory,6,lhs-2,false,0.93530801801650687,0.953478937041492,0.050077687460435838,0.94748395915337158,24681357,canonical-shear-friction-v0.8.1
ba2a8fa29423b5c84ccaf03575e4da456967620525fa65e71559db50083d060d,ESM,EMSC-20170118_0000034,IT.MSC..HGE.D.EMSC-20170118_0000034.ACC.MP.ASC,confirmatory,6,lhs-3,false,0.98012715606141543,1.0955005541028737,0.043992240427104604,1.0147451705015114,24681357,canonical-shear-friction-v0.8.1
23210d94e934f2c69f6860bfe482f4fd3d7790dee177a4e9fd9a5599ccbde484,ESM,EMSC-20170118_0000034,IT.MSC..HGE.D.EMSC-20170118_0000034.ACC.MP.ASC,confirmatory,10,nominal,true,1,1,0.050000000000000003,1,24681357,canonical-shear-friction-v0.8.1
9c9c558a2483d5089d54d395b6feaee573c725109518fc2676a1a294126a6c59,ESM,EMSC-20170118_0000034,IT.MSC..HGE.D.EMSC-20170118_0000034.ACC.MP.ASC,confirmatory,10,lhs-1,false,1.055345003920092,0.91186441049273859,0.058766975947465362,1.0991779467262428,24681357,canonical-shear-friction-v0.8.1
957c1c6bbc900484ad493e2b8f05a8718ac93dc0a28ed6796486e18f8a628e74,ESM,EMSC-20170118_0000034,IT.MSC..HGE.D.EMSC-20170118_0000034.ACC.MP.ASC,confirmatory,10,lhs-2,false,0.93530801801650687,0.953478937041492,0.050077687460435838,0.94748395915337158,24681357,canonical-shear-friction-v0.8.1
e23e0f1d36ac4f59abaf1b191e49a1bc7af5fadad042595036a47f40eebd2aeb,ESM,EMSC-20170118_0000034,IT.MSC..HGE.D.EMSC-20170118_0000034.ACC.MP.ASC,confirmatory,10,lhs-3,false,0.98012715606141543,1.0955005541028737,0.043992240427104604,1.0147451705015114,24681357,canonical-shear-friction-v0.8.1
156d22d044c8726558daa7c26d735ce580dab72c2b439133c033862d598dbdb5,ESM,EMSC-20170118_0000034,IT.MSC..HGE.D.EMSC-20170118_0000034.ACC.MP.ASC,confirmatory,20,nominal,true,1,1,0.050000000000000003,1,24681357,canonical-shear-friction-v0.8.1
8cf9ef831ebd4ede599eac0bb501fa60d9acddf471b4524711c8580616dfc644,ESM,EMSC-20170118_0000034,IT.MSC..HGE.D.EMSC-20170118_0000034.ACC.MP.ASC,confirmatory,20,lhs-1,false,1.055345003920092,0.91186441049273859,0.058766975947465362,1.0991779467262428,24681357,canonical-shear-friction-v0.8.1
598e2bd7b7e83897de5d48421e495e203204954db5b6fa47266076eee8a288e7,ESM,EMSC-20170118_0000034,IT.MSC..HGE.D.EMSC-20170118_0000034.ACC.MP.ASC,confirmatory,20,lhs-2,false,0.93530801801650687,0.953478937041492,0.050077687460435838,0.94748395915337158,24681357,canonical-shear-friction-v0.8.1
011842d4fbd23fec84087cc1f7954fc6686a49732f59902c758423393e8fe4b6,ESM,EMSC-20170118_0000034,IT.MSC..HGE.D.EMSC-20170118_0000034.ACC.MP.ASC,confirmatory,20,lhs-3,false,0.98012715606141543,1.0955005541028737,0.043992240427104604,1.0147451705015114,24681357,canonical-shear-friction-v0.8.1
e05731c43325ebb0edf1c01f3f9bc7ba87c8a55a3bf6a2e76b28bc14092f646f,ESM,EMSC-20170118_0000034,IT.AMT..HGE.D.EMSC-20170118_0000034.ACC.MP.ASC,confirmatory,3,nominal,true,1,1,0.050000000000000003,1,24681357,canonical-shear-friction-v0.8.1
3f2cd21c1d514767d18293e191cf0f348a76b4f96713d974248c6a9d6dd2ad9c,ESM,EMSC-20170118_0000034,IT.AMT..HGE.D.EMSC-20170118_0000034.ACC.MP.ASC,confirmatory,3,lhs-1,false,1.055345003920092,0.91186441049273859,0.058766975947465362,1.0991779467262428,24681357,canonical-shear-friction-v0.8.1
c8f4c7b16c2438954d6a32bed9c9b05febc457a7667e5d83292ec1771d63b633,ESM,EMSC-20170118_0000034,IT.AMT..HGE.D.EMSC-20170118_0000034.ACC.MP.ASC,confirmatory,3,lhs-2,false,0.93530801801650687,0.953478937041492,0.050077687460435838,0.94748395915337158,24681357,canonical-shear-friction-v0.8.1
ab79016ab8ab617d22b051de8f14e804ae4fef29e2aec8ee8c2cc6cb45787258,ESM,EMSC-20170118_0000034,IT.AMT..HGE.D.EMSC-20170118_0000034.ACC.MP.ASC,confirmatory,3,lhs-3,false,0.98012715606141543,1.0955005541028737,0.043992240427104604,1.0147451705015114,24681357,canonical-shear-friction-v0.8.1
0ea1cff9784ba806839c02958cdc24d2db558d4064e1aac5a4f8eca951a9ad86,ESM,EMSC-20170118_0000034,IT.AMT..HGE.D.EMSC-20170118_0000034.ACC.MP.ASC,confirmatory,6,nominal,true,1,1,0.050000000000000003,1,24681357,canonical-shear-friction-v0.8.1
7906e44f8026eb5ea21ce1616e43f53daa1be44b869dcad4dc0c2e78bebf509d,ESM,EMSC-20170118_0000034,IT.AMT..HGE.D.EMSC-20170118_0000034.ACC.MP.ASC,confirmatory,6,lhs-1,false,1.055345003920092,0.91186441049273859,0.058766975947465362,1.0991779467262428,24681357,canonical-shear-friction-v0.8.1
06c5cd4a4dbdf7a0d3cab749af11be1d66c020fc7164da9a7486438ddbf5a8c3,ESM,EMSC-20170118_0000034,IT.AMT..HGE.D.EMSC-20170118_0000034.ACC.MP.ASC,confirmatory,6,lhs-2,false,0.93530801801650687,0.953478937041492,0.050077687460435838,0.94748395915337158,24681357,canonical-shear-friction-v0.8.1
99f823c9f6bc7fc916210d03fa65784761a8765425e28fefa2629b301a0c7c9e,ESM,EMSC-20170118_0000034,IT.AMT..HGE.D.EMSC-20170118_0000034.ACC.MP.ASC,confirmatory,6,lhs-3,false,0.98012715606141543,1.0955005541028737,0.043992240427104604,1.0147451705015114,24681357,canonical-shear-friction-v0.8.1
5cf8833b085243857636661490357257f2613732616a58dec2cb55ba4ef3f5be,ESM,EMSC-20170118_0000034,IT.AMT..HGE.D.EMSC-20170118_0000034.ACC.MP.ASC,confirmatory,10,nominal,true,1,1,0.050000000000000003,1,24681357,canonical-shear-friction-v0.8.1
658e9420d6f943dedc22aac7fca76068f7e86ac467e552a7476a1747539bb56b,ESM,EMSC-20170118_0000034,IT.AMT..HGE.D.EMSC-20170118_0000034.ACC.MP.ASC,confirmatory,10,lhs-1,false,1.055345003920092,0.91186441049273859,0.058766975947465362,1.0991779467262428,24681357,canonical-shear-friction-v0.8.1
bbc74e0c59e305bfbfc3e0e1473d0aa30e09c6acc7db7e87ad662bb28103cf66,ESM,EMSC-20170118_0000034,IT.AMT..HGE.D.EMSC-20170118_0000034.ACC.MP.ASC,confirmatory,10,lhs-2,false,0.93530801801650687,0.953478937041492,0.050077687460435838,0.94748395915337158,24681357,canonical-shear-friction-v0.8.1
42731c12522fde1a12b6fb6fd4f4fdb5d021c484d271e0aef8f296b9570c9439,ESM,EMSC-20170118_0000034,IT.AMT..HGE.D.EMSC-20170118_0000034.ACC.MP.ASC,confirmatory,10,lhs-3,false,0.98012715606141543,1.0955005541028737,0.043992240427104604,1.0147451705015114,24681357,canonical-shear-friction-v0.8.1
a1512c1c9f2387a19e639d778b2867d422c3ef0118c3a5d8969c7e8d48c20b83,ESM,EMSC-20170118_0000034,IT.AMT..HGE.D.EMSC-20170118_0000034.ACC.MP.ASC,confirmatory,20,nominal,true,1,1,0.050000000000000003,1,24681357,canonical-shear-friction-v0.8.1
85b044a3aa481882b94856b26e7690ea80f3c9ecf8719571ed3f0ac7af7d770c,ESM,EMSC-20170118_0000034,IT.AMT..HGE.D.EMSC-20170118_0000034.ACC.MP.ASC,confirmatory,20,lhs-1,false,1.055345003920092,0.91186441049273859,0.058766975947465362,1.0991779467262428,24681357,canonical-shear-friction-v0.8.1
72bd56913023302caac6e84a206ff3147bed3b3a54007bbd0b1d2ffca32ec0c4,ESM,EMSC-20170118_0000034,IT.AMT..HGE.D.EMSC-20170118_0000034.ACC.MP.ASC,confirmatory,20,lhs-2,false,0.93530801801650687,0.953478937041492,0.050077687460435838,0.94748395915337158,24681357,canonical-shear-friction-v0.8.1
fe91cd602e047726f6c59edef1153fef99abf4fa99eed0d9c2344168f5cfffcc,ESM,EMSC-20170118_0000034,IT.AMT..HGE.D.EMSC-20170118_0000034.ACC.MP.ASC,confirmatory,20,lhs-3,false,0.98012715606141543,1.0955005541028737,0.043992240427104604,1.0147451705015114,24681357,canonical-shear-friction-v0.8.1
6e9056f3403472103e5ffea20b80ae6b5e2187590878bfde87e6780e13f80225,ESM,EMSC-20170118_0000034,IT.MSC..HGN.D.EMSC-20170118_0000034.ACC.MP.ASC,confirmatory,3,nominal,true,1,1,0.050000000000000003,1,24681357,canonical-shear-friction-v0.8.1
e3828b818f17807fe2b30a258c005d39510b676e5277d8592aa715c6e16c2284,ESM,EMSC-20170118_0000034,IT.MSC..HGN.D.EMSC-20170118_0000034.ACC.MP.ASC,confirmatory,3,lhs-1,false,1.055345003920092,0.91186441049273859,0.058766975947465362,1.0991779467262428,24681357,canonical-shear-friction-v0.8.1
980b586a8e69b738ca8d4a4dc13e0ba1acc92b75bff3b40e130c609d98acb05e,ESM,EMSC-20170118_0000034,IT.MSC..HGN.D.EMSC-20170118_0000034.ACC.MP.ASC,confirmatory,3,lhs-2,false,0.93530801801650687,0.953478937041492,0.050077687460435838,0.94748395915337158,24681357,canonical-shear-friction-v0.8.1
0b386b051e970c0637b209384b9a2fe363961940b5ee14e8edf4c5718d897451,ESM,EMSC-20170118_0000034,IT.MSC..HGN.D.EMSC-20170118_0000034.ACC.MP.ASC,confirmatory,3,lhs-3,false,0.98012715606141543,1.0955005541028737,0.043992240427104604,1.0147451705015114,24681357,canonical-shear-friction-v0.8.1
efbd8a605a60698221ea2ab6abe3ad4d0d595573492ada1f4b2b7d433ceee33a,ESM,EMSC-20170118_0000034,IT.MSC..HGN.D.EMSC-20170118_0000034.ACC.MP.ASC,confirmatory,6,nominal,true,1,1,0.050000000000000003,1,24681357,canonical-shear-friction-v0.8.1
8bc9619892aec41319c850bca8c2fb4f0950ebf2110319354638a0dd5723ad49,ESM,EMSC-20170118_0000034,IT.MSC..HGN.D.EMSC-20170118_0000034.ACC.MP.ASC,confirmatory,6,lhs-1,false,1.055345003920092,0.91186441049273859,0.058766975947465362,1.0991779467262428,24681357,canonical-shear-friction-v0.8.1
5edfad37a7cbe44207aa28a1163da3638aa6c5ecf572fa52643a8f22c7118310,ESM,EMSC-20170118_0000034,IT.MSC..HGN.D.EMSC-20170118_0000034.ACC.MP.ASC,confirmatory,6,lhs-2,false,0.93530801801650687,0.953478937041492,0.050077687460435838,0.94748395915337158,24681357,canonical-shear-friction-v0.8.1
91a5cd1ce8ed77b2bce37338ab001c54b0fa7b49d82367cf33fb9982939e518d,ESM,EMSC-20170118_0000034,IT.MSC..HGN.D.EMSC-20170118_0000034.ACC.MP.ASC,confirmatory,6,lhs-3,false,0.98012715606141543,1.0955005541028737,0.043992240427104604,1.0147451705015114,24681357,canonical-shear-friction-v0.8.1
65adcb7f3a09de9af3781d377e2bc57e8648fa97b0ee494903ab49340c379a8d,ESM,EMSC-20170118_0000034,IT.MSC..HGN.D.EMSC-20170118_0000034.ACC.MP.ASC,confirmatory,10,nominal,true,1,1,0.050000000000000003,1,24681357,canonical-shear-friction-v0.8.1
8cb1d4c1a108dee8e14a0bb0a95145d672e37fcdf873546d821a1370421aa2bc,ESM,EMSC-20170118_0000034,IT.MSC..HGN.D.EMSC-20170118_0000034.ACC.MP.ASC,confirmatory,10,lhs-1,false,1.055345003920092,0.91186441049273859,0.058766975947465362,1.0991779467262428,24681357,canonical-shear-friction-v0.8.1
7f018e310c234efadc61993333ca52fd93427483a0190f3f10635764663255a7,ESM,EMSC-20170118_0000034,IT.MSC..HGN.D.EMSC-20170118_0000034.ACC.MP.ASC,confirmatory,10,lhs-2,false,0.93530801801650687,0.953478937041492,0.050077687460435838,0.94748395915337158,24681357,canonical-shear-friction-v0.8.1
2543fff5ca93db4dbe1b0242f0de3329c5be651d5031f5e1e85532150b711bd0,ESM,EMSC-20170118_0000034,IT.MSC..HGN.D.EMSC-20170118_0000034.ACC.MP.ASC,confirmatory,10,lhs-3,false,0.98012715606141543,1.0955005541028737,0.043992240427104604,1.0147451705015114,24681357,canonical-shear-friction-v0.8.1
17d1bb6e7feabad9ae43ce903926a6c1034f3beaeb0eb917acf4f01c9a796628,ESM,EMSC-20170118_0000034,IT.MSC..HGN.D.EMSC-20170118_0000034.ACC.MP.ASC,confirmatory,20,nominal,true,1,1,0.050000000000000003,1,24681357,canonical-shear-friction-v0.8.1
8eeb7e73637ef00e8a06b26987795af07c41d1b91d318394236be2f9b510202c,ESM,EMSC-20170118_0000034,IT.MSC..HGN.D.EMSC-20170118_0000034.ACC.MP.ASC,confirmatory,20,lhs-1,false,1.055345003920092,0.91186441049273859,0.058766975947465362,1.0991779467262428,24681357,canonical-shear-friction-v0.8.1
40f90061de46d3a3e4af24ccd9af3d9a82d9a89edae8aaa0162f8aadfc17f22e,ESM,EMSC-20170118_0000034,IT.MSC..HGN.D.EMSC-20170118_0000034.ACC.MP.ASC,confirmatory,20,lhs-2,false,0.93530801801650687,0.953478937041492,0.050077687460435838,0.94748395915337158,24681357,canonical-shear-friction-v0.8.1
f4794b7e6f65c593264841c36d446e7734972c890a5c6ce072417239135087a4,ESM,EMSC-20170118_0000034,IT.MSC..HGN.D.EMSC-20170118_0000034.ACC.MP.ASC,confirmatory,20,lhs-3,false,0.98012715606141543,1.0955005541028737,0.043992240427104604,1.0147451705015114,24681357,canonical-shear-friction-v0.8.1
e980589bd886342bdab86e333e7cbff3d638f1c721a74c10284c91da40db7913,ESM,EMSC-20170118_0000034,IT.AMT..HGN.D.EMSC-20170118_0000034.ACC.MP.ASC,confirmatory,3,nominal,true,1,1,0.050000000000000003,1,24681357,canonical-shear-friction-v0.8.1
7678120110fa220e79e13e6c2fca03800e0c26d31c1c46fee4b358a0aad7e5ed,ESM,EMSC-20170118_0000034,IT.AMT..HGN.D.EMSC-20170118_0000034.ACC.MP.ASC,confirmatory,3,lhs-1,false,1.055345003920092,0.91186441049273859,0.058766975947465362,1.0991779467262428,24681357,canonical-shear-friction-v0.8.1
990fd64e29519f0a40d9216ed26bd24e09358334ea4b217f42430e888313d4c8,ESM,EMSC-20170118_0000034,IT.AMT..HGN.D.EMSC-20170118_0000034.ACC.MP.ASC,confirmatory,3,lhs-2,false,0.93530801801650687,0.953478937041492,0.050077687460435838,0.94748395915337158,24681357,canonical-shear-friction-v0.8.1
d56fe737f2b0e1de88ac7027e593a9039a2bba041755a185aef115746b617a64,ESM,EMSC-20170118_0000034,IT.AMT..HGN.D.EMSC-20170118_0000034.ACC.MP.ASC,confirmatory,3,lhs-3,false,0.98012715606141543,1.0955005541028737,0.043992240427104604,1.0147451705015114,24681357,canonical-shear-friction-v0.8.1
bb68e8e2875dc373460e980d52010a3179bac44d6ac3c6b72d526974d8b281ba,ESM,EMSC-20170118_0000034,IT.AMT..HGN.D.EMSC-20170118_0000034.ACC.MP.ASC,confirmatory,6,nominal,true,1,1,0.050000000000000003,1,24681357,canonical-shear-friction-v0.8.1
ae3f36ddb2e3f5aed5f26835ee4b39d65fa6ad3876987ffcab7e902fa0159314,ESM,EMSC-20170118_0000034,IT.AMT..HGN.D.EMSC-20170118_0000034.ACC.MP.ASC,confirmatory,6,lhs-1,false,1.055345003920092,0.91186441049273859,0.058766975947465362,1.0991779467262428,24681357,canonical-shear-friction-v0.8.1
a55148559127f805a8804b7a5a0396943fd03453354f15753cb54a972c375486,ESM,EMSC-20170118_0000034,IT.AMT..HGN.D.EMSC-20170118_0000034.ACC.MP.ASC,confirmatory,6,lhs-2,false,0.93530801801650687,0.953478937041492,0.050077687460435838,0.94748395915337158,24681357,canonical-shear-friction-v0.8.1
9a1fd3bc64d999686e9dfce3bf26e17306c98f34abd48d1b34df738547d74ff9,ESM,EMSC-20170118_0000034,IT.AMT..HGN.D.EMSC-20170118_0000034.ACC.MP.ASC,confirmatory,6,lhs-3,false,0.98012715606141543,1.0955005541028737,0.043992240427104604,1.0147451705015114,24681357,canonical-shear-friction-v0.8.1
c7268cd1cd1fd07dbe0740b05f842509c1046107a938a00716f1f1af084af5ba,ESM,EMSC-20170118_0000034,IT.AMT..HGN.D.EMSC-20170118_0000034.ACC.MP.ASC,confirmatory,10,nominal,true,1,1,0.050000000000000003,1,24681357,canonical-shear-friction-v0.8.1
a80c3483ac57f113c4cb47b321fe4f385bd3e03fd4d3e6528e6786211801097d,ESM,EMSC-20170118_0000034,IT.AMT..HGN.D.EMSC-20170118_0000034.ACC.MP.ASC,confirmatory,10,lhs-1,false,1.055345003920092,0.91186441049273859,0.058766975947465362,1.0991779467262428,24681357,canonical-shear-friction-v0.8.1
5fa0ce2aa13114e6b0a163408114f5799b7af317bf9fe643828068169f40c46e,ESM,EMSC-20170118_0000034,IT.AMT..HGN.D.EMSC-20170118_0000034.ACC.MP.ASC,confirmatory,10,lhs-2,false,0.93530801801650687,0.953478937041492,0.050077687460435838,0.94748395915337158,24681357,canonical-shear-friction-v0.8.1
057ea86e56adf8192f4b5593eeca44fa07c367201597faad8793b766ad970640,ESM,EMSC-20170118_0000034,IT.AMT..HGN.D.EMSC-20170118_0000034.ACC.MP.ASC,confirmatory,10,lhs-3,false,0.98012715606141543,1.0955005541028737,0.043992240427104604,1.0147451705015114,24681357,canonical-shear-friction-v0.8.1
14002dccd6164537122f29a6725d25a80dd78c308457bebb17e5fa767a5e9b82,ESM,EMSC-20170118_0000034,IT.AMT..HGN.D.EMSC-20170118_0000034.ACC.MP.ASC,confirmatory,20,nominal,true,1,1,0.050000000000000003,1,24681357,canonical-shear-friction-v0.8.1
397837db807ad549493b20ce2006ff862bb51190f96268a2f4b9f8660f21cfc9,ESM,EMSC-20170118_0000034,IT.AMT..HGN.D.EMSC-20170118_0000034.ACC.MP.ASC,confirmatory,20,lhs-1,false,1.055345003920092,0.91186441049273859,0.058766975947465362,1.0991779467262428,24681357,canonical-shear-friction-v0.8.1
6f78880420321ecaa2a50e4f784a5b9946d6f6a1e098b0b366ad9dd4b6119246,ESM,EMSC-20170118_0000034,IT.AMT..HGN.D.EMSC-20170118_0000034.ACC.MP.ASC,confirmatory,20,lhs-2,false,0.93530801801650687,0.953478937041492,0.050077687460435838,0.94748395915337158,24681357,canonical-shear-friction-v0.8.1
23aae74ee8ad443509248705788c6c077a9bd56b7e55b210dbfa72f64a697b74,ESM,EMSC-20170118_0000034,IT.AMT..HGN.D.EMSC-20170118_0000034.ACC.MP.ASC,confirmatory,20,lhs-3,false,0.98012715606141543,1.0955005541028737,0.043992240427104604,1.0147451705015114,24681357,canonical-shear-friction-v0.8.1
dcfae9b6d089250dcb4d1cde4915dec207e95ba6bce877b59df1e4bea3101bfa,ESM,EMSC-20161103_0000003,IT.PBN..HGE.D.EMSC-20161103_0000003.ACC.MP.ASC,confirmatory,3,nominal,true,1,1,0.050000000000000003,1,24681357,canonical-shear-friction-v0.8.1
c4eb9f09eeaf0b13b73bc14a3671ffb9cad2d10c7a0d03e43fa0d8998c85b4f2,ESM,EMSC-20161103_0000003,IT.PBN..HGE.D.EMSC-20161103_0000003.ACC.MP.ASC,confirmatory,3,lhs-1,false,1.055345003920092,0.91186441049273859,0.058766975947465362,1.0991779467262428,24681357,canonical-shear-friction-v0.8.1
134c442f21dd0629dd4e37df58362781c6e3f35d2d89798d31c18dd254f2a5a8,ESM,EMSC-20161103_0000003,IT.PBN..HGE.D.EMSC-20161103_0000003.ACC.MP.ASC,confirmatory,3,lhs-2,false,0.93530801801650687,0.953478937041492,0.050077687460435838,0.94748395915337158,24681357,canonical-shear-friction-v0.8.1
164ce09c826cac2d2364ba1306e0f96e8ad886d1f8dbc3a495e416ed760b5ac2,ESM,EMSC-20161103_0000003,IT.PBN..HGE.D.EMSC-20161103_0000003.ACC.MP.ASC,confirmatory,3,lhs-3,false,0.98012715606141543,1.0955005541028737,0.043992240427104604,1.0147451705015114,24681357,canonical-shear-friction-v0.8.1
ed99883c2347d1c8820db0d5f507a2184d9ce5007aaf703bca5d04e3495a357c,ESM,EMSC-20161103_0000003,IT.PBN..HGE.D.EMSC-20161103_0000003.ACC.MP.ASC,confirmatory,6,nominal,true,1,1,0.050000000000000003,1,24681357,canonical-shear-friction-v0.8.1
e6e39be641c86b742a67bb760d771071018042ed8d656726f3180e877379892a,ESM,EMSC-20161103_0000003,IT.PBN..HGE.D.EMSC-20161103_0000003.ACC.MP.ASC,confirmatory,6,lhs-1,false,1.055345003920092,0.91186441049273859,0.058766975947465362,1.0991779467262428,24681357,canonical-shear-friction-v0.8.1
83f329317e1b99fd1cc79e34ccb84adb2266d20d29bfa6c19de5674318cab5cb,ESM,EMSC-20161103_0000003,IT.PBN..HGE.D.EMSC-20161103_0000003.ACC.MP.ASC,confirmatory,6,lhs-2,false,0.93530801801650687,0.953478937041492,0.050077687460435838,0.94748395915337158,24681357,canonical-shear-friction-v0.8.1
bf87b7d37e09ad233260f0cf785ce318e5f2009f7baa30283c9acb78b69971b1,ESM,EMSC-20161103_0000003,IT.PBN..HGE.D.EMSC-20161103_0000003.ACC.MP.ASC,confirmatory,6,lhs-3,false,0.98012715606141543,1.0955005541028737,0.043992240427104604,1.0147451705015114,24681357,canonical-shear-friction-v0.8.1
2d3863c628a025af7d11e66505bd587ca391b5836c8fc34802a61a2bc1658eea,ESM,EMSC-20161103_0000003,IT.PBN..HGE.D.EMSC-20161103_0000003.ACC.MP.ASC,confirmatory,10,nominal,true,1,1,0.050000000000000003,1,24681357,canonical-shear-friction-v0.8.1
2903143682d9f4f7b64aa15606688b22206f22184b5f948fb5a9925ddd201bd0,ESM,EMSC-20161103_0000003,IT.PBN..HGE.D.EMSC-20161103_0000003.ACC.MP.ASC,confirmatory,10,lhs-1,false,1.055345003920092,0.91186441049273859,0.058766975947465362,1.0991779467262428,24681357,canonical-shear-friction-v0.8.1
dcbea49e9f00cb9b41698d595fc1839d5489848f3d8c940106a19d0e3926abca,ESM,EMSC-20161103_0000003,IT.PBN..HGE.D.EMSC-20161103_0000003.ACC.MP.ASC,confirmatory,10,lhs-2,false,0.93530801801650687,0.953478937041492,0.050077687460435838,0.94748395915337158,24681357,canonical-shear-friction-v0.8.1
a9f563b1d4b03c9b8941c81d995dc0b22ab90eee83225689a7c1270e33d3925b,ESM,EMSC-20161103_0000003,IT.PBN..HGE.D.EMSC-20161103_0000003.ACC.MP.ASC,confirmatory,10,lhs-3,false,0.98012715606141543,1.0955005541028737,0.043992240427104604,1.0147451705015114,24681357,canonical-shear-friction-v0.8.1
f290dcfe1de760c0e32a2a1e77e93f28a031ca0da005c5c36db472f6f672f53f,ESM,EMSC-20161103_0000003,IT.PBN..HGE.D.EMSC-20161103_0000003.ACC.MP.ASC,confirmatory,20,nominal,true,1,1,0.050000000000000003,1,24681357,canonical-shear-friction-v0.8.1
5c0be00b43ce81af07d1fc6deb9a82b2cdd0c69b79ad2df5dfb4431bb11118f6,ESM,EMSC-20161103_0000003,IT.PBN..HGE.D.EMSC-20161103_0000003.ACC.MP.ASC,confirmatory,20,lhs-1,false,1.055345003920092,0.91186441049273859,0.058766975947465362,1.0991779467262428,24681357,canonical-shear-friction-v0.8.1
e86a4bfae5f02bb062300730bfbefd08f80ead5e30ea13b104e3d29fd1f545be,ESM,EMSC-20161103_0000003,IT.PBN..HGE.D.EMSC-20161103_0000003.ACC.MP.ASC,confirmatory,20,lhs-2,false,0.93530801801650687,0.953478937041492,0.050077687460435838,0.94748395915337158,24681357,canonical-shear-friction-v0.8.1
b0bd784830f84f2036e44957da0496696e6a6f141cf19eb7c4ddf006b3748479,ESM,EMSC-20161103_0000003,IT.PBN..HGE.D.EMSC-20161103_0000003.ACC.MP.ASC,confirmatory,20,lhs-3,false,0.98012715606141543,1.0955005541028737,0.043992240427104604,1.0147451705015114,24681357,canonical-shear-friction-v0.8.1
d46245aee4643146962a830402ab6ca094607398a22ecb85cc2883fe6ff62daf,ESM,EMSC-20161103_0000003,IT.MCV..HGN.D.EMSC-20161103_0000003.ACC.MP.ASC,confirmatory,3,nominal,true,1,1,0.050000000000000003,1,24681357,canonical-shear-friction-v0.8.1
8b4aec04e1a00356c950772ee25466e5d70d7c83b571dcfaafb052843f398cc3,ESM,EMSC-20161103_0000003,IT.MCV..HGN.D.EMSC-20161103_0000003.ACC.MP.ASC,confirmatory,3,lhs-1,false,1.055345003920092,0.91186441049273859,0.058766975947465362,1.0991779467262428,24681357,canonical-shear-friction-v0.8.1
9f46b6c21b44530cd33860a5c2c917cb3246a73166e5d7cc79ff8ae06cf1db98,ESM,EMSC-20161103_0000003,IT.MCV..HGN.D.EMSC-20161103_0000003.ACC.MP.ASC,confirmatory,3,lhs-2,false,0.93530801801650687,0.953478937041492,0.050077687460435838,0.94748395915337158,24681357,canonical-shear-friction-v0.8.1
cf9dbff766d746cc4f51d393d40d5a5807f190e757241f6f7c63798b57249e3c,ESM,EMSC-20161103_0000003,IT.MCV..HGN.D.EMSC-20161103_0000003.ACC.MP.ASC,confirmatory,3,lhs-3,false,0.98012715606141543,1.0955005541028737,0.043992240427104604,1.0147451705015114,24681357,canonical-shear-friction-v0.8.1
c4b5f5372e2d4a700c8f7108888a2cef4101af2bb3228c05a64967f35f87b7d4,ESM,EMSC-20161103_0000003,IT.MCV..HGN.D.EMSC-20161103_0000003.ACC.MP.ASC,confirmatory,6,nominal,true,1,1,0.050000000000000003,1,24681357,canonical-shear-friction-v0.8.1
c4935cc3dd9486659f198b910979039b3d0ca66216dd31e095097cbe19ffd114,ESM,EMSC-20161103_0000003,IT.MCV..HGN.D.EMSC-20161103_0000003.ACC.MP.ASC,confirmatory,6,lhs-1,false,1.055345003920092,0.91186441049273859,0.058766975947465362,1.0991779467262428,24681357,canonical-shear-friction-v0.8.1
641881436742464d77eae025dfef0360a7dd6a8b8b9d707c3bd7a65e925e6e91,ESM,EMSC-20161103_0000003,IT.MCV..HGN.D.EMSC-20161103_0000003.ACC.MP.ASC,confirmatory,6,lhs-2,false,0.93530801801650687,0.953478937041492,0.050077687460435838,0.94748395915337158,24681357,canonical-shear-friction-v0.8.1
64a3769db1ad016f4f943b1242d0ea9b3e27b1860b7eb727e00b47e0638ea5da,ESM,EMSC-20161103_0000003,IT.MCV..HGN.D.EMSC-20161103_0000003.ACC.MP.ASC,confirmatory,6,lhs-3,false,0.98012715606141543,1.0955005541028737,0.043992240427104604,1.0147451705015114,24681357,canonical-shear-friction-v0.8.1
67e079c9c0aeb76f89182c9b1e8628890a5eba4db00c44a56be9bd4a55f1977d,ESM,EMSC-20161103_0000003,IT.MCV..HGN.D.EMSC-20161103_0000003.ACC.MP.ASC,confirmatory,10,nominal,true,1,1,0.050000000000000003,1,24681357,canonical-shear-friction-v0.8.1
79f2f4d77e209d20ae77eea80646ac6a13cf7b35f0f089f72d75232ef46bf86a,ESM,EMSC-20161103_0000003,IT.MCV..HGN.D.EMSC-20161103_0000003.ACC.MP.ASC,confirmatory,10,lhs-1,false,1.055345003920092,0.91186441049273859,0.058766975947465362,1.0991779467262428,24681357,canonical-shear-friction-v0.8.1
afd4735b0126c89ee33859c9fa59cf42e17cf1b8363a976836b9c52ede75f715,ESM,EMSC-20161103_0000003,IT.MCV..HGN.D.EMSC-20161103_0000003.ACC.MP.ASC,confirmatory,10,lhs-2,false,0.93530801801650687,0.953478937041492,0.050077687460435838,0.94748395915337158,24681357,canonical-shear-friction-v0.8.1
9145e8d3e5eeba11c32670cdcfbbc304e10fe8175fed380d3df82cbdd1401fb9,ESM,EMSC-20161103_0000003,IT.MCV..HGN.D.EMSC-20161103_0000003.ACC.MP.ASC,confirmatory,10,lhs-3,false,0.98012715606141543,1.0955005541028737,0.043992240427104604,1.0147451705015114,24681357,canonical-shear-friction-v0.8.1
17550264e6e7d76b9d6f70bfd454a54a7066cbae32de8f0d6b84dda12540013e,ESM,EMSC-20161103_0000003,IT.MCV..HGN.D.EMSC-20161103_0000003.ACC.MP.ASC,confirmatory,20,nominal,true,1,1,0.050000000000000003,1,24681357,canonical-shear-friction-v0.8.1
97d12406cc3dc0d301eeb270b06b669d60fffb8566c6e3cdf56f389fee5633a5,ESM,EMSC-20161103_0000003,IT.MCV..HGN.D.EMSC-20161103_0000003.ACC.MP.ASC,confirmatory,20,lhs-1,false,1.055345003920092,0.91186441049273859,0.058766975947465362,1.0991779467262428,24681357,canonical-shear-friction-v0.8.1
ac244d274a32ec20baf196d0e440366d79d9d2c4d415c3a880480d15d1768bae,ESM,EMSC-20161103_0000003,IT.MCV..HGN.D.EMSC-20161103_0000003.ACC.MP.ASC,confirmatory,20,lhs-2,false,0.93530801801650687,0.953478937041492,0.050077687460435838,0.94748395915337158,24681357,canonical-shear-friction-v0.8.1
bf7947cce5ebc81dbe4eb1fe278f669d48921cc046622f371c9535b82277efe4,ESM,EMSC-20161103_0000003,IT.MCV..HGN.D.EMSC-20161103_0000003.ACC.MP.ASC,confirmatory,20,lhs-3,false,0.98012715606141543,1.0955005541028737,0.043992240427104604,1.0147451705015114,24681357,canonical-shear-friction-v0.8.1
5d11876c2ec520c638dbd72824cf4e8ca6c0266c84f02f26e09ae66ec2730d2a,ESM,EMSC-20161103_0000003,8P.T1219..HNE.D.EMSC-20161103_0000003.ACC.MP.ASC,confirmatory,3,nominal,true,1,1,0.050000000000000003,1,24681357,canonical-shear-friction-v0.8.1
daf35c6f36d9cf739b6c1b4f3aebe5df03a24cf06b1c42fa3022e3cd973a053c,ESM,EMSC-20161103_0000003,8P.T1219..HNE.D.EMSC-20161103_0000003.ACC.MP.ASC,confirmatory,3,lhs-1,false,1.055345003920092,0.91186441049273859,0.058766975947465362,1.0991779467262428,24681357,canonical-shear-friction-v0.8.1
a09139e8fea21ff58ca1e6241f084e0c207a118b35e0874bdfe8b4ff368169e9,ESM,EMSC-20161103_0000003,8P.T1219..HNE.D.EMSC-20161103_0000003.ACC.MP.ASC,confirmatory,3,lhs-2,false,0.93530801801650687,0.953478937041492,0.050077687460435838,0.94748395915337158,24681357,canonical-shear-friction-v0.8.1
44f9de56f79cc4e575647f9f62a9d82ad945187ea9471bc634f2b9b90bbb5133,ESM,EMSC-20161103_0000003,8P.T1219..HNE.D.EMSC-20161103_0000003.ACC.MP.ASC,confirmatory,3,lhs-3,false,0.98012715606141543,1.0955005541028737,0.043992240427104604,1.0147451705015114,24681357,canonical-shear-friction-v0.8.1
3f764b37cb41e2891fac7ca1a2aaaaeec3e01856a14ca486088158a807d7b9fb,ESM,EMSC-20161103_0000003,8P.T1219..HNE.D.EMSC-20161103_0000003.ACC.MP.ASC,confirmatory,6,nominal,true,1,1,0.050000000000000003,1,24681357,canonical-shear-friction-v0.8.1
3853097c9958eeea5f6e0fdfd598f29333ae88ff1508e3c2e67ed76d9835c57b,ESM,EMSC-20161103_0000003,8P.T1219..HNE.D.EMSC-20161103_0000003.ACC.MP.ASC,confirmatory,6,lhs-1,false,1.055345003920092,0.91186441049273859,0.058766975947465362,1.0991779467262428,24681357,canonical-shear-friction-v0.8.1
de2ac08b698fd9152d784b03f0ac6c04ccbf8dc12a44b17114af7dc7e39ebd5d,ESM,EMSC-20161103_0000003,8P.T1219..HNE.D.EMSC-20161103_0000003.ACC.MP.ASC,confirmatory,6,lhs-2,false,0.93530801801650687,0.953478937041492,0.050077687460435838,0.94748395915337158,24681357,canonical-shear-friction-v0.8.1
b69829189ee9a5d3182ca30bebf184e4f501333b437389dd755985133fdfa192,ESM,EMSC-20161103_0000003,8P.T1219..HNE.D.EMSC-20161103_0000003.ACC.MP.ASC,confirmatory,6,lhs-3,false,0.98012715606141543,1.0955005541028737,0.043992240427104604,1.0147451705015114,24681357,canonical-shear-friction-v0.8.1
5f966d4d9aa4df3e0fa8ab50c2d4e0415693ee274d9e38817725cc553caa4233,ESM,EMSC-20161103_0000003,8P.T1219..HNE.D.EMSC-20161103_0000003.ACC.MP.ASC,confirmatory,10,nominal,true,1,1,0.050000000000000003,1,24681357,canonical-shear-friction-v0.8.1
6d270137047619c00c5bf06566026d2f1b81e5d190710aa1d5500ff370c3b615,ESM,EMSC-20161103_0000003,8P.T1219..HNE.D.EMSC-20161103_0000003.ACC.MP.ASC,confirmatory,10,lhs-1,false,1.055345003920092,0.91186441049273859,0.058766975947465362,1.0991779467262428,24681357,canonical-shear-friction-v0.8.1
a5d75ff18b82828dea35f9e5a25186e403af866775bd2e0642dc87f577cbe04c,ESM,EMSC-20161103_0000003,8P.T1219..HNE.D.EMSC-20161103_0000003.ACC.MP.ASC,confirmatory,10,lhs-2,false,0.93530801801650687,0.953478937041492,0.050077687460435838,0.94748395915337158,24681357,canonical-shear-friction-v0.8.1
673047668719507fde5b4dbed9431e6f39c528b220d9e046e7b1c3f4a752f996,ESM,EMSC-20161103_0000003,8P.T1219..HNE.D.EMSC-20161103_0000003.ACC.MP.ASC,confirmatory,10,lhs-3,false,0.98012715606141543,1.0955005541028737,0.043992240427104604,1.0147451705015114,24681357,canonical-shear-friction-v0.8.1
a6466c595dc8912e0c015cd0c33a3915aabcd4dfd1176311bb51885ba55fe5ba,ESM,EMSC-20161103_0000003,8P.T1219..HNE.D.EMSC-20161103_0000003.ACC.MP.ASC,confirmatory,20,nominal,true,1,1,0.050000000000000003,1,24681357,canonical-shear-friction-v0.8.1
844f43676b17231b6c21be2fb0ab3adfff597cfe610514172e51b83b88734d93,ESM,EMSC-20161103_0000003,8P.T1219..HNE.D.EMSC-20161103_0000003.ACC.MP.ASC,confirmatory,20,lhs-1,false,1.055345003920092,0.91186441049273859,0.058766975947465362,1.0991779467262428,24681357,canonical-shear-friction-v0.8.1
041a95da7db134cab5b08227f3d125f140c1cb4b7ac9e41314c30e084db5dcfa,ESM,EMSC-20161103_0000003,8P.T1219..HNE.D.EMSC-20161103_0000003.ACC.MP.ASC,confirmatory,20,lhs-2,false,0.93530801801650687,0.953478937041492,0.050077687460435838,0.94748395915337158,24681357,canonical-shear-friction-v0.8.1
5c7047fa4028a130a165d1d382f55bdfc4679f793735991fdafad238de805f53,ESM,EMSC-20161103_0000003,8P.T1219..HNE.D.EMSC-20161103_0000003.ACC.MP.ASC,confirmatory,20,lhs-3,false,0.98012715606141543,1.0955005541028737,0.043992240427104604,1.0147451705015114,24681357,canonical-shear-friction-v0.8.1
2060d7abb1f9fb1fa7fd0848ad016dad821d5346c8135fa9d292ad231c851f2b,ESM,EMSC-20161103_0000003,8P.T1219..HNN.D.EMSC-20161103_0000003.ACC.MP.ASC,confirmatory,3,nominal,true,1,1,0.050000000000000003,1,24681357,canonical-shear-friction-v0.8.1
4f35cb29918e4440d7a02fe11fcd5d030ae673fad8c0fbfeee5d39a2b3dbe7c8,ESM,EMSC-20161103_0000003,8P.T1219..HNN.D.EMSC-20161103_0000003.ACC.MP.ASC,confirmatory,3,lhs-1,false,1.055345003920092,0.91186441049273859,0.058766975947465362,1.0991779467262428,24681357,canonical-shear-friction-v0.8.1
bb6f8e42dc51ed3d6ad93a0448b0d3db35fa607b290d8c15a337baea1f1f7403,ESM,EMSC-20161103_0000003,8P.T1219..HNN.D.EMSC-20161103_0000003.ACC.MP.ASC,confirmatory,3,lhs-2,false,0.93530801801650687,0.953478937041492,0.050077687460435838,0.94748395915337158,24681357,canonical-shear-friction-v0.8.1
37278f029ea5a62ad142eba9b08be13541d5cf9ae4f167c4e326056c02a113e8,ESM,EMSC-20161103_0000003,8P.T1219..HNN.D.EMSC-20161103_0000003.ACC.MP.ASC,confirmatory,3,lhs-3,false,0.98012715606141543,1.0955005541028737,0.043992240427104604,1.0147451705015114,24681357,canonical-shear-friction-v0.8.1
47d075c1dd4acf042cbce120fca5a69f42bbf01aba8d1738acfb87c60f31ea20,ESM,EMSC-20161103_0000003,8P.T1219..HNN.D.EMSC-20161103_0000003.ACC.MP.ASC,confirmatory,6,nominal,true,1,1,0.050000000000000003,1,24681357,canonical-shear-friction-v0.8.1
d8bdac2e2761292ec9290f673e8fad4d92dfe63f8fdab3be42e197a113fafa18,ESM,EMSC-20161103_0000003,8P.T1219..HNN.D.EMSC-20161103_0000003.ACC.MP.ASC,confirmatory,6,lhs-1,false,1.055345003920092,0.91186441049273859,0.058766975947465362,1.0991779467262428,24681357,canonical-shear-friction-v0.8.1
6450d38fdbc66c4416fe00cfb4ebb84a42788a7fe31f4a7fad5195e30b6c81ce,ESM,EMSC-20161103_0000003,8P.T1219..HNN.D.EMSC-20161103_0000003.ACC.MP.ASC,confirmatory,6,lhs-2,false,0.93530801801650687,0.953478937041492,0.050077687460435838,0.94748395915337158,24681357,canonical-shear-friction-v0.8.1
fb114ccc14c7564ea0b4b1ae7aacaeae1d7767f5a1efffab6e6c65fc15c7de38,ESM,EMSC-20161103_0000003,8P.T1219..HNN.D.EMSC-20161103_0000003.ACC.MP.ASC,confirmatory,6,lhs-3,false,0.98012715606141543,1.0955005541028737,0.043992240427104604,1.0147451705015114,24681357,canonical-shear-friction-v0.8.1
b7806641bb655480043577733ec8064b3068b02b4076b0bb73748d31972b0829,ESM,EMSC-20161103_0000003,8P.T1219..HNN.D.EMSC-20161103_0000003.ACC.MP.ASC,confirmatory,10,nominal,true,1,1,0.050000000000000003,1,24681357,canonical-shear-friction-v0.8.1
b6263d4e32a5daeb5e976c9b14313d9b03d31398b0ab0b9f564a1bf6f3278fba,ESM,EMSC-20161103_0000003,8P.T1219..HNN.D.EMSC-20161103_0000003.ACC.MP.ASC,confirmatory,10,lhs-1,false,1.055345003920092,0.91186441049273859,0.058766975947465362,1.0991779467262428,24681357,canonical-shear-friction-v0.8.1
df295ad8707d93b15afeb3b3bec0208fcc88ae0358761c584f04b2c898fcdb58,ESM,EMSC-20161103_0000003,8P.T1219..HNN.D.EMSC-20161103_0000003.ACC.MP.ASC,confirmatory,10,lhs-2,false,0.93530801801650687,0.953478937041492,0.050077687460435838,0.94748395915337158,24681357,canonical-shear-friction-v0.8.1
ddff9532381f15abb89d4821d8fa6007c5b2f13d7b614c2fb9c14cf296c790f9,ESM,EMSC-20161103_0000003,8P.T1219..HNN.D.EMSC-20161103_0000003.ACC.MP.ASC,confirmatory,10,lhs-3,false,0.98012715606141543,1.0955005541028737,0.043992240427104604,1.0147451705015114,24681357,canonical-shear-friction-v0.8.1
cc77c28277c0a738330892b0329511cb85b52d330ad622315207428eec30bfbe,ESM,EMSC-20161103_0000003,8P.T1219..HNN.D.EMSC-20161103_0000003.ACC.MP.ASC,confirmatory,20,nominal,true,1,1,0.050000000000000003,1,24681357,canonical-shear-friction-v0.8.1
39bf8d155b8e51934c0d3643f06b45a0d39275d7dbc4552ed46ca9ae0337cffa,ESM,EMSC-20161103_0000003,8P.T1219..HNN.D.EMSC-20161103_0000003.ACC.MP.ASC,confirmatory,20,lhs-1,false,1.055345003920092,0.91186441049273859,0.058766975947465362,1.0991779467262428,24681357,canonical-shear-friction-v0.8.1
a499a9a92f6315aa4caea7c42d46291b093dcb94e6f32a25fb310343ce6da360,ESM,EMSC-20161103_0000003,8P.T1219..HNN.D.EMSC-20161103_0000003.ACC.MP.ASC,confirmatory,20,lhs-2,false,0.93530801801650687,0.953478937041492,0.050077687460435838,0.94748395915337158,24681357,canonical-shear-friction-v0.8.1
cd13d0223235540f0133906fbbe9aa0d275405dfd556252b69b2ab92ac241d27,ESM,EMSC-20161103_0000003,8P.T1219..HNN.D.EMSC-20161103_0000003.ACC.MP.ASC,confirmatory,20,lhs-3,false,0.98012715606141543,1.0955005541028737,0.043992240427104604,1.0147451705015114,24681357,canonical-shear-friction-v0.8.1
7fcf1435ebd68c34cd40adad27283646a0429a41a8505a65ad39ec8eddb23595,ESM,IT-1997-0006,IT.CLF..HNN.D.IT-1997-0006.ACC.MP.ASC,confirmatory,3,nominal,true,1,1,0.050000000000000003,1,24681357,canonical-shear-friction-v0.8.1
d6fae2eb4fc7f02b1f5346406ae4958727260ede6bf0761452d7d6bd264e9211,ESM,IT-1997-0006,IT.CLF..HNN.D.IT-1997-0006.ACC.MP.ASC,confirmatory,3,lhs-1,false,1.055345003920092,0.91186441049273859,0.058766975947465362,1.0991779467262428,24681357,canonical-shear-friction-v0.8.1
5121dfac0bb9e098e6e9ebdeb01325bdb2f6a913a28cf997467c0e2e35c66772,ESM,IT-1997-0006,IT.CLF..HNN.D.IT-1997-0006.ACC.MP.ASC,confirmatory,3,lhs-2,false,0.93530801801650687,0.953478937041492,0.050077687460435838,0.94748395915337158,24681357,canonical-shear-friction-v0.8.1
a5c81b589e5fef8dfbef195320fd2ea7dcf2842c154651207ec72e69a1851cb1,ESM,IT-1997-0006,IT.CLF..HNN.D.IT-1997-0006.ACC.MP.ASC,confirmatory,3,lhs-3,false,0.98012715606141543,1.0955005541028737,0.043992240427104604,1.0147451705015114,24681357,canonical-shear-friction-v0.8.1
d1bac28eae2e5f2ac8e87cdf6eef352791afb7b39ba6ee2ea334404000785e3e,ESM,IT-1997-0006,IT.CLF..HNN.D.IT-1997-0006.ACC.MP.ASC,confirmatory,6,nominal,true,1,1,0.050000000000000003,1,24681357,canonical-shear-friction-v0.8.1
d2f6a7e3cecf5627c056ce6490114306df98f7f0762a2ed3fe05b779d5fba563,ESM,IT-1997-0006,IT.CLF..HNN.D.IT-1997-0006.ACC.MP.ASC,confirmatory,6,lhs-1,false,1.055345003920092,0.91186441049273859,0.058766975947465362,1.0991779467262428,24681357,canonical-shear-friction-v0.8.1
a370fdf9498ed2482774a0751ea282f3c00f0ef2ae45393307750d00adfdbffb,ESM,IT-1997-0006,IT.CLF..HNN.D.IT-1997-0006.ACC.MP.ASC,confirmatory,6,lhs-2,false,0.93530801801650687,0.953478937041492,0.050077687460435838,0.94748395915337158,24681357,canonical-shear-friction-v0.8.1
2ad3c57a501baaa479105b9457c761fb612601013b706849001dfb53a08a8538,ESM,IT-1997-0006,IT.CLF..HNN.D.IT-1997-0006.ACC.MP.ASC,confirmatory,6,lhs-3,false,0.98012715606141543,1.0955005541028737,0.043992240427104604,1.0147451705015114,24681357,canonical-shear-friction-v0.8.1
24c98c48f25fe874b4ebb824f366ea65844f949bcc13ad6da22f7d16351802f0,ESM,IT-1997-0006,IT.CLF..HNN.D.IT-1997-0006.ACC.MP.ASC,confirmatory,10,nominal,true,1,1,0.050000000000000003,1,24681357,canonical-shear-friction-v0.8.1
04ceadd7a99f7ef99a904fe1101c5c298acc3d08a35bfc44e3a4d4b46d93668b,ESM,IT-1997-0006,IT.CLF..HNN.D.IT-1997-0006.ACC.MP.ASC,confirmatory,10,lhs-1,false,1.055345003920092,0.91186441049273859,0.058766975947465362,1.0991779467262428,24681357,canonical-shear-friction-v0.8.1
3a13f1f01b5cd651352a4a8afc87b1a83da0e43bb2add50aaefb7d16adeeb4fa,ESM,IT-1997-0006,IT.CLF..HNN.D.IT-1997-0006.ACC.MP.ASC,confirmatory,10,lhs-2,false,0.93530801801650687,0.953478937041492,0.050077687460435838,0.94748395915337158,24681357,canonical-shear-friction-v0.8.1
8dd9bb6eb859ddd7131996b3448b793ed221f7ae93e29e031fa8c26756262e4a,ESM,IT-1997-0006,IT.CLF..HNN.D.IT-1997-0006.ACC.MP.ASC,confirmatory,10,lhs-3,false,0.98012715606141543,1.0955005541028737,0.043992240427104604,1.0147451705015114,24681357,canonical-shear-friction-v0.8.1
1cf785e76ada3f0eeab8d179ba19d9bfeec215c61baee7a6dac3e68df7005698,ESM,IT-1997-0006,IT.CLF..HNN.D.IT-1997-0006.ACC.MP.ASC,confirmatory,20,nominal,true,1,1,0.050000000000000003,1,24681357,canonical-shear-friction-v0.8.1
bbc5536e977dfeb775b434515fdf6a3ea8a450c7cf43e99efaef3729cd1f08d8,ESM,IT-1997-0006,IT.CLF..HNN.D.IT-1997-0006.ACC.MP.ASC,confirmatory,20,lhs-1,false,1.055345003920092,0.91186441049273859,0.058766975947465362,1.0991779467262428,24681357,canonical-shear-friction-v0.8.1
49594249366c709475331b260672fb5837b386893a0113cddc2f87e9a3136e96,ESM,IT-1997-0006,IT.CLF..HNN.D.IT-1997-0006.ACC.MP.ASC,confirmatory,20,lhs-2,false,0.93530801801650687,0.953478937041492,0.050077687460435838,0.94748395915337158,24681357,canonical-shear-friction-v0.8.1
e860d54a089c0d976fd7909d64c062a27b119f7c4b4791e5cbe46384d91fd1f1,ESM,IT-1997-0006,IT.CLF..HNN.D.IT-1997-0006.ACC.MP.ASC,confirmatory,20,lhs-3,false,0.98012715606141543,1.0955005541028737,0.043992240427104604,1.0147451705015114,24681357,canonical-shear-friction-v0.8.1
642c8f7b9ad4dc004d0261f011f7bc2104f9a84ff9e7e00a7195cbaf7b67b7f5,ESM,IT-1997-0006,IT.ASS..HNE.D.IT-1997-0006.ACC.MP.ASC,confirmatory,3,nominal,true,1,1,0.050000000000000003,1,24681357,canonical-shear-friction-v0.8.1
ebc3ea2203e588d07ca7e13b4a58156f5ba6f342744e982e4e3e9b66bc1a4acb,ESM,IT-1997-0006,IT.ASS..HNE.D.IT-1997-0006.ACC.MP.ASC,confirmatory,3,lhs-1,false,1.055345003920092,0.91186441049273859,0.058766975947465362,1.0991779467262428,24681357,canonical-shear-friction-v0.8.1
6d6be931600e61b54ba8c90880fc0246ebe2a29b9257ccd574f8e2b349f047a9,ESM,IT-1997-0006,IT.ASS..HNE.D.IT-1997-0006.ACC.MP.ASC,confirmatory,3,lhs-2,false,0.93530801801650687,0.953478937041492,0.050077687460435838,0.94748395915337158,24681357,canonical-shear-friction-v0.8.1
8b8cc1409b04e86f9c8f0bda47d74d9ae322c183083ba33355702a787b05a991,ESM,IT-1997-0006,IT.ASS..HNE.D.IT-1997-0006.ACC.MP.ASC,confirmatory,3,lhs-3,false,0.98012715606141543,1.0955005541028737,0.043992240427104604,1.0147451705015114,24681357,canonical-shear-friction-v0.8.1
77e80a81e9e7ff6ef0e7cff9eba41c06facc51815debbb434218a5063dd95ec7,ESM,IT-1997-0006,IT.ASS..HNE.D.IT-1997-0006.ACC.MP.ASC,confirmatory,6,nominal,true,1,1,0.050000000000000003,1,24681357,canonical-shear-friction-v0.8.1
773b9a5c3ba31d88fc8fc587f3a3c14f23a36777ad79ce85caa1c872f0e911d3,ESM,IT-1997-0006,IT.ASS..HNE.D.IT-1997-0006.ACC.MP.ASC,confirmatory,6,lhs-1,false,1.055345003920092,0.91186441049273859,0.058766975947465362,1.0991779467262428,24681357,canonical-shear-friction-v0.8.1
40fc8ac4484f2d0e6f4e2a71361975839f39a84faab9649be0b39cdfa4764484,ESM,IT-1997-0006,IT.ASS..HNE.D.IT-1997-0006.ACC.MP.ASC,confirmatory,6,lhs-2,false,0.93530801801650687,0.953478937041492,0.050077687460435838,0.94748395915337158,24681357,canonical-shear-friction-v0.8.1
824792f8d9ddf2f4207959346b6a71a0af37ec1b631b3b1f7c3bb8fc0a1c3ca8,ESM,IT-1997-0006,IT.ASS..HNE.D.IT-1997-0006.ACC.MP.ASC,confirmatory,6,lhs-3,false,0.98012715606141543,1.0955005541028737,0.043992240427104604,1.0147451705015114,24681357,canonical-shear-friction-v0.8.1
d88b767bca43f4dc2860afd2096aa1d350669f1005f9d427b5169a3f8bab533c,ESM,IT-1997-0006,IT.ASS..HNE.D.IT-1997-0006.ACC.MP.ASC,confirmatory,10,nominal,true,1,1,0.050000000000000003,1,24681357,canonical-shear-friction-v0.8.1
c5a671fb1eef552dda328716429f2250284007de86db9a2619c0c584d67f05da,ESM,IT-1997-0006,IT.ASS..HNE.D.IT-1997-0006.ACC.MP.ASC,confirmatory,10,lhs-1,false,1.055345003920092,0.91186441049273859,0.058766975947465362,1.0991779467262428,24681357,canonical-shear-friction-v0.8.1
4309443ad99b41be7d4ba346bf019a2dd74ed74b2b45b5f769de2f7a7fd105f5,ESM,IT-1997-0006,IT.ASS..HNE.D.IT-1997-0006.ACC.MP.ASC,confirmatory,10,lhs-2,false,0.93530801801650687,0.953478937041492,0.050077687460435838,0.94748395915337158,24681357,canonical-shear-friction-v0.8.1
b303d0a3d78f4354985e40b8c3aacd8614487fa89266e14cd29d6ee0157968eb,ESM,IT-1997-0006,IT.ASS..HNE.D.IT-1997-0006.ACC.MP.ASC,confirmatory,10,lhs-3,false,0.98012715606141543,1.0955005541028737,0.043992240427104604,1.0147451705015114,24681357,canonical-shear-friction-v0.8.1
0ab6ca4f97066293c96ed7f532be4fddee3dac49a99b059ec097a3dcd4015087,ESM,IT-1997-0006,IT.ASS..HNE.D.IT-1997-0006.ACC.MP.ASC,confirmatory,20,nominal,true,1,1,0.050000000000000003,1,24681357,canonical-shear-friction-v0.8.1
23b75b253a78c377f489c858e28e4712bd573b91699d5c9fcac9eecfe636953a,ESM,IT-1997-0006,IT.ASS..HNE.D.IT-1997-0006.ACC.MP.ASC,confirmatory,20,lhs-1,false,1.055345003920092,0.91186441049273859,0.058766975947465362,1.0991779467262428,24681357,canonical-shear-friction-v0.8.1
62c0424873b6d3736021bd7b7c8ddaa2060a62aa1f1ef047a0590030eb1d4059,ESM,IT-1997-0006,IT.ASS..HNE.D.IT-1997-0006.ACC.MP.ASC,confirmatory,20,lhs-2,false,0.93530801801650687,0.953478937041492,0.050077687460435838,0.94748395915337158,24681357,canonical-shear-friction-v0.8.1
59100374e817faddb3740e7e12d6cefdaf4613075cd66abb23a42300a2fdd01d,ESM,IT-1997-0006,IT.ASS..HNE.D.IT-1997-0006.ACC.MP.ASC,confirmatory,20,lhs-3,false,0.98012715606141543,1.0955005541028737,0.043992240427104604,1.0147451705015114,24681357,canonical-shear-friction-v0.8.1
706030287c1cc01ccee9e4fc6c5a8425a83b12ae64eb2430fd3499a4ff04f5d4,ESM,IT-1997-0006,IT.CLF..HNE.D.IT-1997-0006.ACC.MP.ASC,confirmatory,3,nominal,true,1,1,0.050000000000000003,1,24681357,canonical-shear-friction-v0.8.1
c13696275fa1632bcbe1b7ac43533de8becb563b98ea87b8c2e0cfea6ff10d40,ESM,IT-1997-0006,IT.CLF..HNE.D.IT-1997-0006.ACC.MP.ASC,confirmatory,3,lhs-1,false,1.055345003920092,0.91186441049273859,0.058766975947465362,1.0991779467262428,24681357,canonical-shear-friction-v0.8.1
b9e8026d7f6984637f0f545257203ffb9bb5fd5db5861b393f130b797f48c6c9,ESM,IT-1997-0006,IT.CLF..HNE.D.IT-1997-0006.ACC.MP.ASC,confirmatory,3,lhs-2,false,0.93530801801650687,0.953478937041492,0.050077687460435838,0.94748395915337158,24681357,canonical-shear-friction-v0.8.1
2e753033962687b41de0379a0bac31926c09b305b613e0ecb34ba0055a3e2331,ESM,IT-1997-0006,IT.CLF..HNE.D.IT-1997-0006.ACC.MP.ASC,confirmatory,3,lhs-3,false,0.98012715606141543,1.0955005541028737,0.043992240427104604,1.0147451705015114,24681357,canonical-shear-friction-v0.8.1
7af809777649581f0a3b9bd7215142b8520ac03d6a639fb44a688dd6d95b765b,ESM,IT-1997-0006,IT.CLF..HNE.D.IT-1997-0006.ACC.MP.ASC,confirmatory,6,nominal,true,1,1,0.050000000000000003,1,24681357,canonical-shear-friction-v0.8.1
68ab9e789bca207da2799f22211802aadc2eee0b0029cfc10de9daeabacdae55,ESM,IT-1997-0006,IT.CLF..HNE.D.IT-1997-0006.ACC.MP.ASC,confirmatory,6,lhs-1,false,1.055345003920092,0.91186441049273859,0.058766975947465362,1.0991779467262428,24681357,canonical-shear-friction-v0.8.1
e2f8b2c2a816b168b1d616f476fd5b1e54798e8e0378250632e39ca8cb8e62f6,ESM,IT-1997-0006,IT.CLF..HNE.D.IT-1997-0006.ACC.MP.ASC,confirmatory,6,lhs-2,false,0.93530801801650687,0.953478937041492,0.050077687460435838,0.94748395915337158,24681357,canonical-shear-friction-v0.8.1
43dcc08c3e0fba1714e74e12b4a6a9215539e3550af132a6f989349629591f35,ESM,IT-1997-0006,IT.CLF..HNE.D.IT-1997-0006.ACC.MP.ASC,confirmatory,6,lhs-3,false,0.98012715606141543,1.0955005541028737,0.043992240427104604,1.0147451705015114,24681357,canonical-shear-friction-v0.8.1
abfe2f23d2d3654faf9c2871976cb91db266aa2c6ff00ce96ba7e96e8105fc59,ESM,IT-1997-0006,IT.CLF..HNE.D.IT-1997-0006.ACC.MP.ASC,confirmatory,10,nominal,true,1,1,0.050000000000000003,1,24681357,canonical-shear-friction-v0.8.1
c553ca789363b393eb60fad1f6321ab94447dba596108903e16d315b57e7c9ff,ESM,IT-1997-0006,IT.CLF..HNE.D.IT-1997-0006.ACC.MP.ASC,confirmatory,10,lhs-1,false,1.055345003920092,0.91186441049273859,0.058766975947465362,1.0991779467262428,24681357,canonical-shear-friction-v0.8.1
858714dccfc9254ac360de8275eed907ca271d828e4fcc4ba225f8d6bed182a3,ESM,IT-1997-0006,IT.CLF..HNE.D.IT-1997-0006.ACC.MP.ASC,confirmatory,10,lhs-2,false,0.93530801801650687,0.953478937041492,0.050077687460435838,0.94748395915337158,24681357,canonical-shear-friction-v0.8.1
87527e0bdf1c209fde23225532ea12084e1b8f4d3d5050ea233436007df6aef9,ESM,IT-1997-0006,IT.CLF..HNE.D.IT-1997-0006.ACC.MP.ASC,confirmatory,10,lhs-3,false,0.98012715606141543,1.0955005541028737,0.043992240427104604,1.0147451705015114,24681357,canonical-shear-friction-v0.8.1
872ed7d53c631fd7c0f1fb94df7a207132c138a1ee71beceefd423b150e5be81,ESM,IT-1997-0006,IT.CLF..HNE.D.IT-1997-0006.ACC.MP.ASC,confirmatory,20,nominal,true,1,1,0.050000000000000003,1,24681357,canonical-shear-friction-v0.8.1
9614ba1cba525f76572d3ce0d693caf9dca2c2ec2b33808ea4d1791cfa80fd44,ESM,IT-1997-0006,IT.CLF..HNE.D.IT-1997-0006.ACC.MP.ASC,confirmatory,20,lhs-1,false,1.055345003920092,0.91186441049273859,0.058766975947465362,1.0991779467262428,24681357,canonical-shear-friction-v0.8.1
a2a02e976d9408928253ee865c7e76734b682f966b924dfbef98dbf3f62aa2f7,ESM,IT-1997-0006,IT.CLF..HNE.D.IT-1997-0006.ACC.MP.ASC,confirmatory,20,lhs-2,false,0.93530801801650687,0.953478937041492,0.050077687460435838,0.94748395915337158,24681357,canonical-shear-friction-v0.8.1
d0bcf062e6791e7d917cdf35ecaa5d0785ac8efca97764bd3933d8b888027d80,ESM,IT-1997-0006,IT.CLF..HNE.D.IT-1997-0006.ACC.MP.ASC,confirmatory,20,lhs-3,false,0.98012715606141543,1.0955005541028737,0.043992240427104604,1.0147451705015114,24681357,canonical-shear-friction-v0.8.1
9956a4e8136a0fb25e0f42b802d16dd05ca13238907fd7a29d015ebf5b5978a2,ESM,IT-1997-0006,IT.NCR..HNN.D.IT-1997-0006.ACC.MP.ASC,confirmatory,3,nominal,true,1,1,0.050000000000000003,1,24681357,canonical-shear-friction-v0.8.1
f148cb0c8bc5d6230a84a8b42a2f2801be0337dd71f406a772ece4f73a561815,ESM,IT-1997-0006,IT.NCR..HNN.D.IT-1997-0006.ACC.MP.ASC,confirmatory,3,lhs-1,false,1.055345003920092,0.91186441049273859,0.058766975947465362,1.0991779467262428,24681357,canonical-shear-friction-v0.8.1
29a978000a499324008d6e2644a23bf54e130a2c59f94dc6498ee32848318062,ESM,IT-1997-0006,IT.NCR..HNN.D.IT-1997-0006.ACC.MP.ASC,confirmatory,3,lhs-2,false,0.93530801801650687,0.953478937041492,0.050077687460435838,0.94748395915337158,24681357,canonical-shear-friction-v0.8.1
b38688d65060d0dffee91b552b196125b147a918d6a6e63c9f2c3c4bf8785b02,ESM,IT-1997-0006,IT.NCR..HNN.D.IT-1997-0006.ACC.MP.ASC,confirmatory,3,lhs-3,false,0.98012715606141543,1.0955005541028737,0.043992240427104604,1.0147451705015114,24681357,canonical-shear-friction-v0.8.1
906475b3afb3302328d81f7b26c45d3f78ba6ab39d8c8f7a9154edac2f972a34,ESM,IT-1997-0006,IT.NCR..HNN.D.IT-1997-0006.ACC.MP.ASC,confirmatory,6,nominal,true,1,1,0.050000000000000003,1,24681357,canonical-shear-friction-v0.8.1
36a4c2619508eb0eab939230599dc354ded3cf8adf800e2fc6aab9e7f9afd2e1,ESM,IT-1997-0006,IT.NCR..HNN.D.IT-1997-0006.ACC.MP.ASC,confirmatory,6,lhs-1,false,1.055345003920092,0.91186441049273859,0.058766975947465362,1.0991779467262428,24681357,canonical-shear-friction-v0.8.1
75fa664ba77d3b81f7240ca58e78719193bef7654e82c1ce980baca7d038410b,ESM,IT-1997-0006,IT.NCR..HNN.D.IT-1997-0006.ACC.MP.ASC,confirmatory,6,lhs-2,false,0.93530801801650687,0.953478937041492,0.050077687460435838,0.94748395915337158,24681357,canonical-shear-friction-v0.8.1
0694d8fa2bb1442e8797b5d0e11598d0015860c880fbae46847bf30aeed4d941,ESM,IT-1997-0006,IT.NCR..HNN.D.IT-1997-0006.ACC.MP.ASC,confirmatory,6,lhs-3,false,0.98012715606141543,1.0955005541028737,0.043992240427104604,1.0147451705015114,24681357,canonical-shear-friction-v0.8.1
75823f88a234ac122d34a8292f6a9482cac599b26b35cc0460e9d46a537fe7d4,ESM,IT-1997-0006,IT.NCR..HNN.D.IT-1997-0006.ACC.MP.ASC,confirmatory,10,nominal,true,1,1,0.050000000000000003,1,24681357,canonical-shear-friction-v0.8.1
78b3d6a41138532a14ab4c64c034f039b952bff1e9bd62b18b0f2767cf6d6337,ESM,IT-1997-0006,IT.NCR..HNN.D.IT-1997-0006.ACC.MP.ASC,confirmatory,10,lhs-1,false,1.055345003920092,0.91186441049273859,0.058766975947465362,1.0991779467262428,24681357,canonical-shear-friction-v0.8.1
53badf355ea9ef41af601a39bee6b14d965e460d1ef16aae5cb2057277f3f526,ESM,IT-1997-0006,IT.NCR..HNN.D.IT-1997-0006.ACC.MP.ASC,confirmatory,10,lhs-2,false,0.93530801801650687,0.953478937041492,0.050077687460435838,0.94748395915337158,24681357,canonical-shear-friction-v0.8.1
957742b78269755b2542180141d8389bf4825279bd4328100a2e13cf98d4decd,ESM,IT-1997-0006,IT.NCR..HNN.D.IT-1997-0006.ACC.MP.ASC,confirmatory,10,lhs-3,false,0.98012715606141543,1.0955005541028737,0.043992240427104604,1.0147451705015114,24681357,canonical-shear-friction-v0.8.1
593b33545f89e858fc8d74ba9b9bcce7558dbfa6b511630b8bd9243d0da70c27,ESM,IT-1997-0006,IT.NCR..HNN.D.IT-1997-0006.ACC.MP.ASC,confirmatory,20,nominal,true,1,1,0.050000000000000003,1,24681357,canonical-shear-friction-v0.8.1
9c580247642399ec03c7ffee8fc2ff17c69b2a9a92e46d49305de56b9d410283,ESM,IT-1997-0006,IT.NCR..HNN.D.IT-1997-0006.ACC.MP.ASC,confirmatory,20,lhs-1,false,1.055345003920092,0.91186441049273859,0.058766975947465362,1.0991779467262428,24681357,canonical-shear-friction-v0.8.1
d5ed6421dbe9038f7c75188887fd83eea114c9026f5937e51b326ba3a39ebb4a,ESM,IT-1997-0006,IT.NCR..HNN.D.IT-1997-0006.ACC.MP.ASC,confirmatory,20,lhs-2,false,0.93530801801650687,0.953478937041492,0.050077687460435838,0.94748395915337158,24681357,canonical-shear-friction-v0.8.1
75092f30012b057f54f219b645ba385a830745b71d872c074571a74e064a77bd,ESM,IT-1997-0006,IT.NCR..HNN.D.IT-1997-0006.ACC.MP.ASC,confirmatory,20,lhs-3,false,0.98012715606141543,1.0955005541028737,0.043992240427104604,1.0147451705015114,24681357,canonical-shear-friction-v0.8.1
764c6bd3d8fffa0142922b03c46fa8593e77fd674feece4d4214edbb5ba00661,ESM,IT-2012-0011,TV.MIR08..HNE.D.IT-2012-0011.ACC.MP.ASC,confirmatory,3,nominal,true,1,1,0.050000000000000003,1,24681357,canonical-shear-friction-v0.8.1
a528a89bc9e6a677013e89bf2293bb2f7cca5349187e330d4f76884b7c5808bf,ESM,IT-2012-0011,TV.MIR08..HNE.D.IT-2012-0011.ACC.MP.ASC,confirmatory,3,lhs-1,false,1.055345003920092,0.91186441049273859,0.058766975947465362,1.0991779467262428,24681357,canonical-shear-friction-v0.8.1
5e3f26c4f8847ce7e0ac570a5c83f24e007dd2428379c481c05e91ab30d16915,ESM,IT-2012-0011,TV.MIR08..HNE.D.IT-2012-0011.ACC.MP.ASC,confirmatory,3,lhs-2,false,0.93530801801650687,0.953478937041492,0.050077687460435838,0.94748395915337158,24681357,canonical-shear-friction-v0.8.1
dae0ea4450d113178ab037f18d40ab21132a6faf6ff5298d02ab949fa947a1c8,ESM,IT-2012-0011,TV.MIR08..HNE.D.IT-2012-0011.ACC.MP.ASC,confirmatory,3,lhs-3,false,0.98012715606141543,1.0955005541028737,0.043992240427104604,1.0147451705015114,24681357,canonical-shear-friction-v0.8.1
6f5d17f2904df23009eda18fdbbf7d38cde089d90e517206541a5f7a65a80bb4,ESM,IT-2012-0011,TV.MIR08..HNE.D.IT-2012-0011.ACC.MP.ASC,confirmatory,6,nominal,true,1,1,0.050000000000000003,1,24681357,canonical-shear-friction-v0.8.1
159265669857da4a090843d212931254bc42102e4a2f326132996a155f180c7f,ESM,IT-2012-0011,TV.MIR08..HNE.D.IT-2012-0011.ACC.MP.ASC,confirmatory,6,lhs-1,false,1.055345003920092,0.91186441049273859,0.058766975947465362,1.0991779467262428,24681357,canonical-shear-friction-v0.8.1
17372fee37e499b7223aa5a4a294039399544585617b70b8e851af145c35d6fb,ESM,IT-2012-0011,TV.MIR08..HNE.D.IT-2012-0011.ACC.MP.ASC,confirmatory,6,lhs-2,false,0.93530801801650687,0.953478937041492,0.050077687460435838,0.94748395915337158,24681357,canonical-shear-friction-v0.8.1
24aa73e2531b14ded0a843aeddc9d91343e188bb1356c954b378355cf37cac5b,ESM,IT-2012-0011,TV.MIR08..HNE.D.IT-2012-0011.ACC.MP.ASC,confirmatory,6,lhs-3,false,0.98012715606141543,1.0955005541028737,0.043992240427104604,1.0147451705015114,24681357,canonical-shear-friction-v0.8.1
8c8ab3cdd9345cd4b1328a4c7e8cb99dfadab09ea0829ebc8f929a6f59765068,ESM,IT-2012-0011,TV.MIR08..HNE.D.IT-2012-0011.ACC.MP.ASC,confirmatory,10,nominal,true,1,1,0.050000000000000003,1,24681357,canonical-shear-friction-v0.8.1
3796ed87d89da449e836cbb31c9f2cb7f53ad77c4f3567164c811060857fd118,ESM,IT-2012-0011,TV.MIR08..HNE.D.IT-2012-0011.ACC.MP.ASC,confirmatory,10,lhs-1,false,1.055345003920092,0.91186441049273859,0.058766975947465362,1.0991779467262428,24681357,canonical-shear-friction-v0.8.1
e1352915105db6ac629ba3ae697a69d545b5c4b29e9b181c0508d0e4e920096b,ESM,IT-2012-0011,TV.MIR08..HNE.D.IT-2012-0011.ACC.MP.ASC,confirmatory,10,lhs-2,false,0.93530801801650687,0.953478937041492,0.050077687460435838,0.94748395915337158,24681357,canonical-shear-friction-v0.8.1
1cc5d3eaff9dec7e0be82c193e3cdb443d21981aaa94772f27f96f2e3387394f,ESM,IT-2012-0011,TV.MIR08..HNE.D.IT-2012-0011.ACC.MP.ASC,confirmatory,10,lhs-3,false,0.98012715606141543,1.0955005541028737,0.043992240427104604,1.0147451705015114,24681357,canonical-shear-friction-v0.8.1
42fb825f4734c9508e2c09b61600f5b8db29474d304b6d8b277bc3e43345ca41,ESM,IT-2012-0011,TV.MIR08..HNE.D.IT-2012-0011.ACC.MP.ASC,confirmatory,20,nominal,true,1,1,0.050000000000000003,1,24681357,canonical-shear-friction-v0.8.1
056b116003ee56bda412aaf30cfa278bd645fb29d37a8203b9a364a5520c393d,ESM,IT-2012-0011,TV.MIR08..HNE.D.IT-2012-0011.ACC.MP.ASC,confirmatory,20,lhs-1,false,1.055345003920092,0.91186441049273859,0.058766975947465362,1.0991779467262428,24681357,canonical-shear-friction-v0.8.1
2e3f1eb35fca2e469786cef415250e9a28b95abedef2e656b8d84a0a9f7c25c8,ESM,IT-2012-0011,TV.MIR08..HNE.D.IT-2012-0011.ACC.MP.ASC,confirmatory,20,lhs-2,false,0.93530801801650687,0.953478937041492,0.050077687460435838,0.94748395915337158,24681357,canonical-shear-friction-v0.8.1
c9ff02a93dba601d2d85801dfac8a6183c72a884d54a6cf4dc5196fab19dd558,ESM,IT-2012-0011,TV.MIR08..HNE.D.IT-2012-0011.ACC.MP.ASC,confirmatory,20,lhs-3,false,0.98012715606141543,1.0955005541028737,0.043992240427104604,1.0147451705015114,24681357,canonical-shear-friction-v0.8.1
5a74722c647c685ca023bb11ffe39b4282cb61ce0aa976aff29dcf5f6a8063e0,ESM,IT-2012-0011,TV.MIR05..HNN.D.IT-2012-0011.ACC.MP.ASC,confirmatory,3,nominal,true,1,1,0.050000000000000003,1,24681357,canonical-shear-friction-v0.8.1
a2ea820fd3f81b345c670506b427497512228b404bc11c701b4854633f5ccdd6,ESM,IT-2012-0011,TV.MIR05..HNN.D.IT-2012-0011.ACC.MP.ASC,confirmatory,3,lhs-1,false,1.055345003920092,0.91186441049273859,0.058766975947465362,1.0991779467262428,24681357,canonical-shear-friction-v0.8.1
beddf70fb22453f6582b2ea7ffcdc6f7f20d12252fb0f1486865de3525ae85be,ESM,IT-2012-0011,TV.MIR05..HNN.D.IT-2012-0011.ACC.MP.ASC,confirmatory,3,lhs-2,false,0.93530801801650687,0.953478937041492,0.050077687460435838,0.94748395915337158,24681357,canonical-shear-friction-v0.8.1
1dce35fa8081db00c5c32c7815ac4b0e5068d51d0ac74aa2638fab4be8496d34,ESM,IT-2012-0011,TV.MIR05..HNN.D.IT-2012-0011.ACC.MP.ASC,confirmatory,3,lhs-3,false,0.98012715606141543,1.0955005541028737,0.043992240427104604,1.0147451705015114,24681357,canonical-shear-friction-v0.8.1
2b56bac593332c2e311a28ce3ff019eb286e7bb4c9f3dfe6a27fde731d3c3102,ESM,IT-2012-0011,TV.MIR05..HNN.D.IT-2012-0011.ACC.MP.ASC,confirmatory,6,nominal,true,1,1,0.050000000000000003,1,24681357,canonical-shear-friction-v0.8.1
abb532658cc9fb3c66879b558da48e6f01b3cd410fa70951a0a9258e39d51515,ESM,IT-2012-0011,TV.MIR05..HNN.D.IT-2012-0011.ACC.MP.ASC,confirmatory,6,lhs-1,false,1.055345003920092,0.91186441049273859,0.058766975947465362,1.0991779467262428,24681357,canonical-shear-friction-v0.8.1
a2da721309c6ab68ee2d19b66dcc028d774614725b5074878ed44eddb218303c,ESM,IT-2012-0011,TV.MIR05..HNN.D.IT-2012-0011.ACC.MP.ASC,confirmatory,6,lhs-2,false,0.93530801801650687,0.953478937041492,0.050077687460435838,0.94748395915337158,24681357,canonical-shear-friction-v0.8.1
9046859b3fe929be85889339a7fb33712b61552495f46193c1e531c30bf5a1f2,ESM,IT-2012-0011,TV.MIR05..HNN.D.IT-2012-0011.ACC.MP.ASC,confirmatory,6,lhs-3,false,0.98012715606141543,1.0955005541028737,0.043992240427104604,1.0147451705015114,24681357,canonical-shear-friction-v0.8.1
d6a815d840ee89cfff4d84c56b25804d750e0f14d4851feae0608293b0c76965,ESM,IT-2012-0011,TV.MIR05..HNN.D.IT-2012-0011.ACC.MP.ASC,confirmatory,10,nominal,true,1,1,0.050000000000000003,1,24681357,canonical-shear-friction-v0.8.1
0862e9ce2ec65fa5fcbb1711c4812dedf6273d6ac91a361e0838fc2926e57262,ESM,IT-2012-0011,TV.MIR05..HNN.D.IT-2012-0011.ACC.MP.ASC,confirmatory,10,lhs-1,false,1.055345003920092,0.91186441049273859,0.058766975947465362,1.0991779467262428,24681357,canonical-shear-friction-v0.8.1
f364e1aca204769f60dda8b87c796f9484b125c4665377857cbe66b40a2e7ae8,ESM,IT-2012-0011,TV.MIR05..HNN.D.IT-2012-0011.ACC.MP.ASC,confirmatory,10,lhs-2,false,0.93530801801650687,0.953478937041492,0.050077687460435838,0.94748395915337158,24681357,canonical-shear-friction-v0.8.1
60cd1bac6c02962759d630f584475d369d545fbef3cf81b989ad2809385b00fa,ESM,IT-2012-0011,TV.MIR05..HNN.D.IT-2012-0011.ACC.MP.ASC,confirmatory,10,lhs-3,false,0.98012715606141543,1.0955005541028737,0.043992240427104604,1.0147451705015114,24681357,canonical-shear-friction-v0.8.1
76cf856d235b76d1fb2b270ecd1f58b7e2a35778abcca0f0e4a14f485d0e4a2d,ESM,IT-2012-0011,TV.MIR05..HNN.D.IT-2012-0011.ACC.MP.ASC,confirmatory,20,nominal,true,1,1,0.050000000000000003,1,24681357,canonical-shear-friction-v0.8.1
f4d882d33ca8bf4fa44414d53e59d479412179cb112e30d829ebbed0c0c521ee,ESM,IT-2012-0011,TV.MIR05..HNN.D.IT-2012-0011.ACC.MP.ASC,confirmatory,20,lhs-1,false,1.055345003920092,0.91186441049273859,0.058766975947465362,1.0991779467262428,24681357,canonical-shear-friction-v0.8.1
09d52b76af04f3fbc4b0a85ed25fdf556887277b92b6e57466ea91353415a4d8,ESM,IT-2012-0011,TV.MIR05..HNN.D.IT-2012-0011.ACC.MP.ASC,confirmatory,20,lhs-2,false,0.93530801801650687,0.953478937041492,0.050077687460435838,0.94748395915337158,24681357,canonical-shear-friction-v0.8.1
98017a5cd010da054c2a8f32b7f78ad156096c89b56d58756dac42c76a9aac36,ESM,IT-2012-0011,TV.MIR05..HNN.D.IT-2012-0011.ACC.MP.ASC,confirmatory,20,lhs-3,false,0.98012715606141543,1.0955005541028737,0.043992240427104604,1.0147451705015114,24681357,canonical-shear-friction-v0.8.1
8d2ac652e7971b7a3d364b0264aa8b586d9bf5d3fb40b14dbe7d0008b3af8b85,ESM,IT-2012-0011,5G.T0814..HNN.D.IT-2012-0011.ACC.MP.ASC,confirmatory,3,nominal,true,1,1,0.050000000000000003,1,24681357,canonical-shear-friction-v0.8.1
4cf0acfa13203da887cd53b9c7ce5f3692efdbf768b562df5adb2e2746f44454,ESM,IT-2012-0011,5G.T0814..HNN.D.IT-2012-0011.ACC.MP.ASC,confirmatory,3,lhs-1,false,1.055345003920092,0.91186441049273859,0.058766975947465362,1.0991779467262428,24681357,canonical-shear-friction-v0.8.1
e1a137b82b7127978c9e28aa177850379c1aba736a05aad3b52f4052575e1fc2,ESM,IT-2012-0011,5G.T0814..HNN.D.IT-2012-0011.ACC.MP.ASC,confirmatory,3,lhs-2,false,0.93530801801650687,0.953478937041492,0.050077687460435838,0.94748395915337158,24681357,canonical-shear-friction-v0.8.1
d890936cdddae498411ee0818f9f33c40c8c3175793dd19bcc06a381275f01e7,ESM,IT-2012-0011,5G.T0814..HNN.D.IT-2012-0011.ACC.MP.ASC,confirmatory,3,lhs-3,false,0.98012715606141543,1.0955005541028737,0.043992240427104604,1.0147451705015114,24681357,canonical-shear-friction-v0.8.1
a017f5fb9855dac9f6994ae39d61a49da6178348c890e52ed1d2bc97585d7124,ESM,IT-2012-0011,5G.T0814..HNN.D.IT-2012-0011.ACC.MP.ASC,confirmatory,6,nominal,true,1,1,0.050000000000000003,1,24681357,canonical-shear-friction-v0.8.1
3c148c0d4dea58b8714a695ea1f5a0eefc2af7f3341becda225edbd2ea206e9d,ESM,IT-2012-0011,5G.T0814..HNN.D.IT-2012-0011.ACC.MP.ASC,confirmatory,6,lhs-1,false,1.055345003920092,0.91186441049273859,0.058766975947465362,1.0991779467262428,24681357,canonical-shear-friction-v0.8.1
a83472f27f17ee8eb1599f73aa4cf08b89f1cd3c81c8024898f8db7dd5c4a66f,ESM,IT-2012-0011,5G.T0814..HNN.D.IT-2012-0011.ACC.MP.ASC,confirmatory,6,lhs-2,false,0.93530801801650687,0.953478937041492,0.050077687460435838,0.94748395915337158,24681357,canonical-shear-friction-v0.8.1
2e07436229ff1d2248f8ecd148b30c6ac8d104efc4f0cadbb5573ce53031f710,ESM,IT-2012-0011,5G.T0814..HNN.D.IT-2012-0011.ACC.MP.ASC,confirmatory,6,lhs-3,false,0.98012715606141543,1.0955005541028737,0.043992240427104604,1.0147451705015114,24681357,canonical-shear-friction-v0.8.1
020f60fe7f16d93b0a6dd49b64668b27ddb69426145000937d54e41f693e5740,ESM,IT-2012-0011,5G.T0814..HNN.D.IT-2012-0011.ACC.MP.ASC,confirmatory,10,nominal,true,1,1,0.050000000000000003,1,24681357,canonical-shear-friction-v0.8.1
b46a7261efe21d22bebf56bf93d00a811b2577003064ebcf7db09df6da06dabe,ESM,IT-2012-0011,5G.T0814..HNN.D.IT-2012-0011.ACC.MP.ASC,confirmatory,10,lhs-1,false,1.055345003920092,0.91186441049273859,0.058766975947465362,1.0991779467262428,24681357,canonical-shear-friction-v0.8.1
06da0d0439f0917d73f3f51eb160e943a52854d6ae47341b3b6cf83d26a27afb,ESM,IT-2012-0011,5G.T0814..HNN.D.IT-2012-0011.ACC.MP.ASC,confirmatory,10,lhs-2,false,0.93530801801650687,0.953478937041492,0.050077687460435838,0.94748395915337158,24681357,canonical-shear-friction-v0.8.1
6fe840135cccb045cf74999b9517890a0704eb1bf8e030bdf45eb65f7980b684,ESM,IT-2012-0011,5G.T0814..HNN.D.IT-2012-0011.ACC.MP.ASC,confirmatory,10,lhs-3,false,0.98012715606141543,1.0955005541028737,0.043992240427104604,1.0147451705015114,24681357,canonical-shear-friction-v0.8.1
236d7b3d2c0ddf58d68588d9e8ce75d5faf515865353337af890bf03e274a90c,ESM,IT-2012-0011,5G.T0814..HNN.D.IT-2012-0011.ACC.MP.ASC,confirmatory,20,nominal,true,1,1,0.050000000000000003,1,24681357,canonical-shear-friction-v0.8.1
657130644da35dc2116ef65bf19001fdcae7d5e67c6f175dbba3012c7e98143e,ESM,IT-2012-0011,5G.T0814..HNN.D.IT-2012-0011.ACC.MP.ASC,confirmatory,20,lhs-1,false,1.055345003920092,0.91186441049273859,0.058766975947465362,1.0991779467262428,24681357,canonical-shear-friction-v0.8.1
5ff2aed079d35f35e6fa16fbb51789690e4e9e4fce5b15f58f7b5e22716181c1,ESM,IT-2012-0011,5G.T0814..HNN.D.IT-2012-0011.ACC.MP.ASC,confirmatory,20,lhs-2,false,0.93530801801650687,0.953478937041492,0.050077687460435838,0.94748395915337158,24681357,canonical-shear-friction-v0.8.1
8d5272a21cb5d4eb414f8600e2720a74be0809e29582e89ae774efd7405d4015,ESM,IT-2012-0011,5G.T0814..HNN.D.IT-2012-0011.ACC.MP.ASC,confirmatory,20,lhs-3,false,0.98012715606141543,1.0955005541028737,0.043992240427104604,1.0147451705015114,24681357,canonical-shear-friction-v0.8.1
6db2b7023b0180484a161f262d67ba9173f2ecf82e4a84f03a6a41d25844665a,ESM,IT-2012-0011,TV.MIR02..HNN.D.IT-2012-0011.ACC.MP.ASC,confirmatory,3,nominal,true,1,1,0.050000000000000003,1,24681357,canonical-shear-friction-v0.8.1
9e809610d336306c5195306b284d496d3cc8c9b25cc84d6fe684d5ce1124168a,ESM,IT-2012-0011,TV.MIR02..HNN.D.IT-2012-0011.ACC.MP.ASC,confirmatory,3,lhs-1,false,1.055345003920092,0.91186441049273859,0.058766975947465362,1.0991779467262428,24681357,canonical-shear-friction-v0.8.1
e852d01f02c793271377ad92ec09cb28cc318fad8c5188dfa13f592a35db3bc2,ESM,IT-2012-0011,TV.MIR02..HNN.D.IT-2012-0011.ACC.MP.ASC,confirmatory,3,lhs-2,false,0.93530801801650687,0.953478937041492,0.050077687460435838,0.94748395915337158,24681357,canonical-shear-friction-v0.8.1
60359483668f2b497caf4fe9e3eb144ed579e08ce999a546471ecd12c8d0358a,ESM,IT-2012-0011,TV.MIR02..HNN.D.IT-2012-0011.ACC.MP.ASC,confirmatory,3,lhs-3,false,0.98012715606141543,1.0955005541028737,0.043992240427104604,1.0147451705015114,24681357,canonical-shear-friction-v0.8.1
723e3ed0551b1b577d028a56a7a2fda1c12a3c3e0d158973cf70da0aef6ebf27,ESM,IT-2012-0011,TV.MIR02..HNN.D.IT-2012-0011.ACC.MP.ASC,confirmatory,6,nominal,true,1,1,0.050000000000000003,1,24681357,canonical-shear-friction-v0.8.1
dd187245f912b853aa4278e5c80e8f2b548d43915256b523a98668914364fb60,ESM,IT-2012-0011,TV.MIR02..HNN.D.IT-2012-0011.ACC.MP.ASC,confirmatory,6,lhs-1,false,1.055345003920092,0.91186441049273859,0.058766975947465362,1.0991779467262428,24681357,canonical-shear-friction-v0.8.1
629c57e47b9bc923d81b05c1ecf6ee7d3996ad58ca5d4cd79ca4a5dd8684a816,ESM,IT-2012-0011,TV.MIR02..HNN.D.IT-2012-0011.ACC.MP.ASC,confirmatory,6,lhs-2,false,0.93530801801650687,0.953478937041492,0.050077687460435838,0.94748395915337158,24681357,canonical-shear-friction-v0.8.1
2c5fc6f65ec85ae244482e82a180b0d279aea14b38c78842ede28d4155f289ab,ESM,IT-2012-0011,TV.MIR02..HNN.D.IT-2012-0011.ACC.MP.ASC,confirmatory,6,lhs-3,false,0.98012715606141543,1.0955005541028737,0.043992240427104604,1.0147451705015114,24681357,canonical-shear-friction-v0.8.1
780c9e580ce82d21dc9723b21adfeafc7b6a4bf86d76137c659533157daebd6b,ESM,IT-2012-0011,TV.MIR02..HNN.D.IT-2012-0011.ACC.MP.ASC,confirmatory,10,nominal,true,1,1,0.050000000000000003,1,24681357,canonical-shear-friction-v0.8.1
82e9fd9d9ca68495838804c1f414c8b5fa983163062b2fabf106cc2a38b9b964,ESM,IT-2012-0011,TV.MIR02..HNN.D.IT-2012-0011.ACC.MP.ASC,confirmatory,10,lhs-1,false,1.055345003920092,0.91186441049273859,0.058766975947465362,1.0991779467262428,24681357,canonical-shear-friction-v0.8.1
aad53f87a4d68f0cc140bd55470670e0035b01ac998e8c89246bdce5a26a9135,ESM,IT-2012-0011,TV.MIR02..HNN.D.IT-2012-0011.ACC.MP.ASC,confirmatory,10,lhs-2,false,0.93530801801650687,0.953478937041492,0.050077687460435838,0.94748395915337158,24681357,canonical-shear-friction-v0.8.1
9e53d9dd0666a8a05403a05195f5c507db499c5b64c900d786646bb66f4894c5,ESM,IT-2012-0011,TV.MIR02..HNN.D.IT-2012-0011.ACC.MP.ASC,confirmatory,10,lhs-3,false,0.98012715606141543,1.0955005541028737,0.043992240427104604,1.0147451705015114,24681357,canonical-shear-friction-v0.8.1
db01a8ce0496305fa5d69de2cc77281df138514a64af595567e0db579f1ccfe4,ESM,IT-2012-0011,TV.MIR02..HNN.D.IT-2012-0011.ACC.MP.ASC,confirmatory,20,nominal,true,1,1,0.050000000000000003,1,24681357,canonical-shear-friction-v0.8.1
3e45731a7a38451364dd139772b98f4034596c9da1aa36c524cce5b706c9044b,ESM,IT-2012-0011,TV.MIR02..HNN.D.IT-2012-0011.ACC.MP.ASC,confirmatory,20,lhs-1,false,1.055345003920092,0.91186441049273859,0.058766975947465362,1.0991779467262428,24681357,canonical-shear-friction-v0.8.1
091e99e18b910200658764fb7ca6bb750c0916ed9dd1c11fcd91b51a23e0e9ea,ESM,IT-2012-0011,TV.MIR02..HNN.D.IT-2012-0011.ACC.MP.ASC,confirmatory,20,lhs-2,false,0.93530801801650687,0.953478937041492,0.050077687460435838,0.94748395915337158,24681357,canonical-shear-friction-v0.8.1
703b83a5fe92073d21d514c492a73259c734d51bf9b843d6b4d030c8a5c0a403,ESM,IT-2012-0011,TV.MIR02..HNN.D.IT-2012-0011.ACC.MP.ASC,confirmatory,20,lhs-3,false,0.98012715606141543,1.0955005541028737,0.043992240427104604,1.0147451705015114,24681357,canonical-shear-friction-v0.8.1
785f83c52605eb1307b3e275ea9629671a62fcb653f42e052cdf0efe3a4b3ef2,ESM,IT-2012-0061,IT.0MOR..HGN.D.IT-2012-0061.ACC.MP.ASC,confirmatory,3,nominal,true,1,1,0.050000000000000003,1,24681357,canonical-shear-friction-v0.8.1
591f4ff7d51837949896de7271edcf45cc0894d1c1ad1885c5ddba494c5b2c87,ESM,IT-2012-0061,IT.0MOR..HGN.D.IT-2012-0061.ACC.MP.ASC,confirmatory,3,lhs-1,false,1.055345003920092,0.91186441049273859,0.058766975947465362,1.0991779467262428,24681357,canonical-shear-friction-v0.8.1
cd08e09e0135d87bd9182065bb0ec852f84d591d962df8465818352d8d281c69,ESM,IT-2012-0061,IT.0MOR..HGN.D.IT-2012-0061.ACC.MP.ASC,confirmatory,3,lhs-2,false,0.93530801801650687,0.953478937041492,0.050077687460435838,0.94748395915337158,24681357,canonical-shear-friction-v0.8.1
117fc8b9a687fa984b2f45053cfd0b7b2629ab979ce028f4a713ba26cb48694f,ESM,IT-2012-0061,IT.0MOR..HGN.D.IT-2012-0061.ACC.MP.ASC,confirmatory,3,lhs-3,false,0.98012715606141543,1.0955005541028737,0.043992240427104604,1.0147451705015114,24681357,canonical-shear-friction-v0.8.1
76da45ff0d8f445dda4c6cf1c5aaf06be68727d1eef83f53f5fe586dcda5abd9,ESM,IT-2012-0061,IT.0MOR..HGN.D.IT-2012-0061.ACC.MP.ASC,confirmatory,6,nominal,true,1,1,0.050000000000000003,1,24681357,canonical-shear-friction-v0.8.1
3e690bab588472918c9268046a3271e418179e84db549aea4ef2d68ac38d4144,ESM,IT-2012-0061,IT.0MOR..HGN.D.IT-2012-0061.ACC.MP.ASC,confirmatory,6,lhs-1,false,1.055345003920092,0.91186441049273859,0.058766975947465362,1.0991779467262428,24681357,canonical-shear-friction-v0.8.1
e55d05675c7e142434924332a7363604b98b21389bc97f2703b875f332467ae6,ESM,IT-2012-0061,IT.0MOR..HGN.D.IT-2012-0061.ACC.MP.ASC,confirmatory,6,lhs-2,false,0.93530801801650687,0.953478937041492,0.050077687460435838,0.94748395915337158,24681357,canonical-shear-friction-v0.8.1
bd59ca2e8baef01cf8c8aa79a0a0610da53ba4f27cf262c0453c03dc8b1f009b,ESM,IT-2012-0061,IT.0MOR..HGN.D.IT-2012-0061.ACC.MP.ASC,confirmatory,6,lhs-3,false,0.98012715606141543,1.0955005541028737,0.043992240427104604,1.0147451705015114,24681357,canonical-shear-friction-v0.8.1
94c142c712ab7a89a9928d12e85b19cc578c9f3dc342a8f378f0ac16b058e6c5,ESM,IT-2012-0061,IT.0MOR..HGN.D.IT-2012-0061.ACC.MP.ASC,confirmatory,10,nominal,true,1,1,0.050000000000000003,1,24681357,canonical-shear-friction-v0.8.1
6a4376c224a3bc8a3b3fc5e302fc07968363a05e9c508e7ab24276e4e4c10272,ESM,IT-2012-0061,IT.0MOR..HGN.D.IT-2012-0061.ACC.MP.ASC,confirmatory,10,lhs-1,false,1.055345003920092,0.91186441049273859,0.058766975947465362,1.0991779467262428,24681357,canonical-shear-friction-v0.8.1
be01a43fbfb75d9c3ee9f38eb1fd2be4947b857cf509d58c7d8c87439bf22234,ESM,IT-2012-0061,IT.0MOR..HGN.D.IT-2012-0061.ACC.MP.ASC,confirmatory,10,lhs-2,false,0.93530801801650687,0.953478937041492,0.050077687460435838,0.94748395915337158,24681357,canonical-shear-friction-v0.8.1
9797dae6385eb429d947b38fd7b8d3d6fbe7cf7a8acc368a099c81dc30610fed,ESM,IT-2012-0061,IT.0MOR..HGN.D.IT-2012-0061.ACC.MP.ASC,confirmatory,10,lhs-3,false,0.98012715606141543,1.0955005541028737,0.043992240427104604,1.0147451705015114,24681357,canonical-shear-friction-v0.8.1
2ab779f0e2bcdcc3d98c7545c52d2a454468c27a50dee5dc84ae0a594fc818d3,ESM,IT-2012-0061,IT.0MOR..HGN.D.IT-2012-0061.ACC.MP.ASC,confirmatory,20,nominal,true,1,1,0.050000000000000003,1,24681357,canonical-shear-friction-v0.8.1
72008a797087fd393332d8efe7d34b8e1e15afbe3b83fa5b5093ced42c26ba27,ESM,IT-2012-0061,IT.0MOR..HGN.D.IT-2012-0061.ACC.MP.ASC,confirmatory,20,lhs-1,false,1.055345003920092,0.91186441049273859,0.058766975947465362,1.0991779467262428,24681357,canonical-shear-friction-v0.8.1
044a09ebed7acd675b68e00b3f7ca43e18d27b788019135238da80486c84942d,ESM,IT-2012-0061,IT.0MOR..HGN.D.IT-2012-0061.ACC.MP.ASC,confirmatory,20,lhs-2,false,0.93530801801650687,0.953478937041492,0.050077687460435838,0.94748395915337158,24681357,canonical-shear-friction-v0.8.1
d21b63a83a5c01d4b8190cfecab56b126885e6c1593db5d1fa2102f1496bf8e5,ESM,IT-2012-0061,IT.0MOR..HGN.D.IT-2012-0061.ACC.MP.ASC,confirmatory,20,lhs-3,false,0.98012715606141543,1.0955005541028737,0.043992240427104604,1.0147451705015114,24681357,canonical-shear-friction-v0.8.1
8cee4a6624122d6204030a8eb9db797334368f8052ae1d78cd532506e5a62207,ESM,IT-2012-0061,IT.MRM..HGE.D.IT-2012-0061.ACC.MP.ASC,confirmatory,3,nominal,true,1,1,0.050000000000000003,1,24681357,canonical-shear-friction-v0.8.1
70da0587444d396d455e62eb17b973707d8eff584e37d3d1f268ce8a333f1944,ESM,IT-2012-0061,IT.MRM..HGE.D.IT-2012-0061.ACC.MP.ASC,confirmatory,3,lhs-1,false,1.055345003920092,0.91186441049273859,0.058766975947465362,1.0991779467262428,24681357,canonical-shear-friction-v0.8.1
cd8e9a515898a87afa8ae4ca24062e3923a5e583f46519e82488fe1e8d85fac6,ESM,IT-2012-0061,IT.MRM..HGE.D.IT-2012-0061.ACC.MP.ASC,confirmatory,3,lhs-2,false,0.93530801801650687,0.953478937041492,0.050077687460435838,0.94748395915337158,24681357,canonical-shear-friction-v0.8.1
86e12c7b0c087c54a58105ee03339f00878412e66515b28c14722538632f2b04,ESM,IT-2012-0061,IT.MRM..HGE.D.IT-2012-0061.ACC.MP.ASC,confirmatory,3,lhs-3,false,0.98012715606141543,1.0955005541028737,0.043992240427104604,1.0147451705015114,24681357,canonical-shear-friction-v0.8.1
c735ce9bf3691a2375365bca415b52fcc26a3f146782b9478f2c98ae840e934e,ESM,IT-2012-0061,IT.MRM..HGE.D.IT-2012-0061.ACC.MP.ASC,confirmatory,6,nominal,true,1,1,0.050000000000000003,1,24681357,canonical-shear-friction-v0.8.1
e2c171c960af55740aaeea5cb59dde2db25ac094a194297640adb4d1fabe99e3,ESM,IT-2012-0061,IT.MRM..HGE.D.IT-2012-0061.ACC.MP.ASC,confirmatory,6,lhs-1,false,1.055345003920092,0.91186441049273859,0.058766975947465362,1.0991779467262428,24681357,canonical-shear-friction-v0.8.1
9d4f70c0f7cf488cf58ea1871d6ae610c7745998fcba7b21c90717663e66d503,ESM,IT-2012-0061,IT.MRM..HGE.D.IT-2012-0061.ACC.MP.ASC,confirmatory,6,lhs-2,false,0.93530801801650687,0.953478937041492,0.050077687460435838,0.94748395915337158,24681357,canonical-shear-friction-v0.8.1
ad14872c4f4953d03be9943f8af38bb516138819b92632e8d156a277040b3e4b,ESM,IT-2012-0061,IT.MRM..HGE.D.IT-2012-0061.ACC.MP.ASC,confirmatory,6,lhs-3,false,0.98012715606141543,1.0955005541028737,0.043992240427104604,1.0147451705015114,24681357,canonical-shear-friction-v0.8.1
05c17abc7ea086368f326289b3ef2255103a75134b4f72e427fc235b8eac4509,ESM,IT-2012-0061,IT.MRM..HGE.D.IT-2012-0061.ACC.MP.ASC,confirmatory,10,nominal,true,1,1,0.050000000000000003,1,24681357,canonical-shear-friction-v0.8.1
ca726e8f5b25906b5061dbeb4a9c04fe9bb59f45c32f9e6b0efc300392036519,ESM,IT-2012-0061,IT.MRM..HGE.D.IT-2012-0061.ACC.MP.ASC,confirmatory,10,lhs-1,false,1.055345003920092,0.91186441049273859,0.058766975947465362,1.0991779467262428,24681357,canonical-shear-friction-v0.8.1
30f7a69f5bc998ca891c9a9ff82f5d86da2847cdfca5be0876ef01b43fa568a2,ESM,IT-2012-0061,IT.MRM..HGE.D.IT-2012-0061.ACC.MP.ASC,confirmatory,10,lhs-2,false,0.93530801801650687,0.953478937041492,0.050077687460435838,0.94748395915337158,24681357,canonical-shear-friction-v0.8.1
151a879d0864a8b8143e6d4f899f66b1b5e69e7cd0ccf893b79ad9146b65c6fa,ESM,IT-2012-0061,IT.MRM..HGE.D.IT-2012-0061.ACC.MP.ASC,confirmatory,10,lhs-3,false,0.98012715606141543,1.0955005541028737,0.043992240427104604,1.0147451705015114,24681357,canonical-shear-friction-v0.8.1
b28e88f728389d7a85bc652aa73c9a7a4ac4e2e219c959bad5e238892fed4056,ESM,IT-2012-0061,IT.MRM..HGE.D.IT-2012-0061.ACC.MP.ASC,confirmatory,20,nominal,true,1,1,0.050000000000000003,1,24681357,canonical-shear-friction-v0.8.1
59dd3e6347cd5e6733167cc222ccc5072ddf563da9fab1cdddc033dde10318ab,ESM,IT-2012-0061,IT.MRM..HGE.D.IT-2012-0061.ACC.MP.ASC,confirmatory,20,lhs-1,false,1.055345003920092,0.91186441049273859,0.058766975947465362,1.0991779467262428,24681357,canonical-shear-friction-v0.8.1
3bec942d041b78fcc690010b8622ddb7bd638263baa25f0a102745e11901afb4,ESM,IT-2012-0061,IT.MRM..HGE.D.IT-2012-0061.ACC.MP.ASC,confirmatory,20,lhs-2,false,0.93530801801650687,0.953478937041492,0.050077687460435838,0.94748395915337158,24681357,canonical-shear-friction-v0.8.1
15857c2495fe754356d8cb6add47de27bec1b129516e19a00d816697db8bcda4,ESM,IT-2012-0061,IT.MRM..HGE.D.IT-2012-0061.ACC.MP.ASC,confirmatory,20,lhs-3,false,0.98012715606141543,1.0955005541028737,0.043992240427104604,1.0147451705015114,24681357,canonical-shear-friction-v0.8.1
7b386dd079e24b7453d344163906ef58e538f8a9caec223296ecd378cb60e0e5,ESM,IT-2012-0061,IT.0PAP..HGN.D.IT-2012-0061.ACC.MP.ASC,confirmatory,3,nominal,true,1,1,0.050000000000000003,1,24681357,canonical-shear-friction-v0.8.1
1ff18c647b105f4d659ba10784be7c25c778cf98f10bb8ddd647dfc079e9668c,ESM,IT-2012-0061,IT.0PAP..HGN.D.IT-2012-0061.ACC.MP.ASC,confirmatory,3,lhs-1,false,1.055345003920092,0.91186441049273859,0.058766975947465362,1.0991779467262428,24681357,canonical-shear-friction-v0.8.1
4275652cd585fdc945059df052af34d84c3def68006a6ac93e03db02a6e490a1,ESM,IT-2012-0061,IT.0PAP..HGN.D.IT-2012-0061.ACC.MP.ASC,confirmatory,3,lhs-2,false,0.93530801801650687,0.953478937041492,0.050077687460435838,0.94748395915337158,24681357,canonical-shear-friction-v0.8.1
b84bce9b86f708c60e70bbbc6ad358c1f23fd9cf753bd8d21eb40d5d86df606b,ESM,IT-2012-0061,IT.0PAP..HGN.D.IT-2012-0061.ACC.MP.ASC,confirmatory,3,lhs-3,false,0.98012715606141543,1.0955005541028737,0.043992240427104604,1.0147451705015114,24681357,canonical-shear-friction-v0.8.1
a4d5acb9caf306f39c10ba8e77ff8def56d3c134784a1da7882a3b7ca791317a,ESM,IT-2012-0061,IT.0PAP..HGN.D.IT-2012-0061.ACC.MP.ASC,confirmatory,6,nominal,true,1,1,0.050000000000000003,1,24681357,canonical-shear-friction-v0.8.1
ced81050079b3d196361fdfe369df432c332598c59bd905bacd658bf94fdbb09,ESM,IT-2012-0061,IT.0PAP..HGN.D.IT-2012-0061.ACC.MP.ASC,confirmatory,6,lhs-1,false,1.055345003920092,0.91186441049273859,0.058766975947465362,1.0991779467262428,24681357,canonical-shear-friction-v0.8.1
2fa657e2db86e599abc05a7d8f2292a42d712090ed2ffee61f21d5fa3218f711,ESM,IT-2012-0061,IT.0PAP..HGN.D.IT-2012-0061.ACC.MP.ASC,confirmatory,6,lhs-2,false,0.93530801801650687,0.953478937041492,0.050077687460435838,0.94748395915337158,24681357,canonical-shear-friction-v0.8.1
8d7e7fd89dd5e87ece9f66ea2722f70651b5969d3abe7a1e9b54fa24887b92b3,ESM,IT-2012-0061,IT.0PAP..HGN.D.IT-2012-0061.ACC.MP.ASC,confirmatory,6,lhs-3,false,0.98012715606141543,1.0955005541028737,0.043992240427104604,1.0147451705015114,24681357,canonical-shear-friction-v0.8.1
b4ff272d2672dbdd925686f4275765239bc8e5eec9cee7282d9b614ef6d0c896,ESM,IT-2012-0061,IT.0PAP..HGN.D.IT-2012-0061.ACC.MP.ASC,confirmatory,10,nominal,true,1,1,0.050000000000000003,1,24681357,canonical-shear-friction-v0.8.1
aeb5d8fb85f7cfaf2fa306aa5bef1302018bd2a0adcd281210d3d5282a6029e2,ESM,IT-2012-0061,IT.0PAP..HGN.D.IT-2012-0061.ACC.MP.ASC,confirmatory,10,lhs-1,false,1.055345003920092,0.91186441049273859,0.058766975947465362,1.0991779467262428,24681357,canonical-shear-friction-v0.8.1
8e225662e39a19a1281774929a5c703fbece1f41204229d729c4f1b4a23ee35e,ESM,IT-2012-0061,IT.0PAP..HGN.D.IT-2012-0061.ACC.MP.ASC,confirmatory,10,lhs-2,false,0.93530801801650687,0.953478937041492,0.050077687460435838,0.94748395915337158,24681357,canonical-shear-friction-v0.8.1
72b88d5cfde65957f0eab05c8001c55a2d4f1447320c819b9f0645cc4404dcc9,ESM,IT-2012-0061,IT.0PAP..HGN.D.IT-2012-0061.ACC.MP.ASC,confirmatory,10,lhs-3,false,0.98012715606141543,1.0955005541028737,0.043992240427104604,1.0147451705015114,24681357,canonical-shear-friction-v0.8.1
04a4ccfb351b3179f0316f31def4a92a4f195e27aab97449b309a597bc2d2a72,ESM,IT-2012-0061,IT.0PAP..HGN.D.IT-2012-0061.ACC.MP.ASC,confirmatory,20,nominal,true,1,1,0.050000000000000003,1,24681357,canonical-shear-friction-v0.8.1
4e468ff10b745b8c9961cc6cbc0924ca31062c3e549b18d1d8b57d74f5537c6a,ESM,IT-2012-0061,IT.0PAP..HGN.D.IT-2012-0061.ACC.MP.ASC,confirmatory,20,lhs-1,false,1.055345003920092,0.91186441049273859,0.058766975947465362,1.0991779467262428,24681357,canonical-shear-friction-v0.8.1
3b879f6b57bc4ded8700d93f75b00b34482d149d19810ca8984786365241b5e0,ESM,IT-2012-0061,IT.0PAP..HGN.D.IT-2012-0061.ACC.MP.ASC,confirmatory,20,lhs-2,false,0.93530801801650687,0.953478937041492,0.050077687460435838,0.94748395915337158,24681357,canonical-shear-friction-v0.8.1
675d47cbe7e35d5eece017e7bedaf9c9f6fc90a23e6712d5427bb0a8fb5af1ce,ESM,IT-2012-0061,IT.0PAP..HGN.D.IT-2012-0061.ACC.MP.ASC,confirmatory,20,lhs-3,false,0.98012715606141543,1.0955005541028737,0.043992240427104604,1.0147451705015114,24681357,canonical-shear-friction-v0.8.1
a45913bcc16c6a65723efb2e2b46938b1cbfaa40170ea7fb9f3383841cf2f8c8,ESM,IT-2012-0061,IT.0MOR..HGE.D.IT-2012-0061.ACC.MP.ASC,confirmatory,3,nominal,true,1,1,0.050000000000000003,1,24681357,canonical-shear-friction-v0.8.1
7f5ec3f56e98ba0a8daeb4667cfcf807117fa79a11724332a8eeb17e36ab245a,ESM,IT-2012-0061,IT.0MOR..HGE.D.IT-2012-0061.ACC.MP.ASC,confirmatory,3,lhs-1,false,1.055345003920092,0.91186441049273859,0.058766975947465362,1.0991779467262428,24681357,canonical-shear-friction-v0.8.1
d3d9315338457245e0295aaa1e8878725daa20a742958b8f22b62c6f717f2b8c,ESM,IT-2012-0061,IT.0MOR..HGE.D.IT-2012-0061.ACC.MP.ASC,confirmatory,3,lhs-2,false,0.93530801801650687,0.953478937041492,0.050077687460435838,0.94748395915337158,24681357,canonical-shear-friction-v0.8.1
936456a950559be6856765aead62e293f2102b8c974b2202372463d2eac751b4,ESM,IT-2012-0061,IT.0MOR..HGE.D.IT-2012-0061.ACC.MP.ASC,confirmatory,3,lhs-3,false,0.98012715606141543,1.0955005541028737,0.043992240427104604,1.0147451705015114,24681357,canonical-shear-friction-v0.8.1
5d2ac9f27a8667fa2017b357cc073e0b87d653abd8b66bd828139115fdb6fc9d,ESM,IT-2012-0061,IT.0MOR..HGE.D.IT-2012-0061.ACC.MP.ASC,confirmatory,6,nominal,true,1,1,0.050000000000000003,1,24681357,canonical-shear-friction-v0.8.1
c2c4418aa9d8d1095e5b44cc858388d51b3f8fca801c9a5880b29d169d592743,ESM,IT-2012-0061,IT.0MOR..HGE.D.IT-2012-0061.ACC.MP.ASC,confirmatory,6,lhs-1,false,1.055345003920092,0.91186441049273859,0.058766975947465362,1.0991779467262428,24681357,canonical-shear-friction-v0.8.1
367d5ca777acd5d3f0cbf04bc9ece5d83431ee12e0fac55bfcf815703a22d89e,ESM,IT-2012-0061,IT.0MOR..HGE.D.IT-2012-0061.ACC.MP.ASC,confirmatory,6,lhs-2,false,0.93530801801650687,0.953478937041492,0.050077687460435838,0.94748395915337158,24681357,canonical-shear-friction-v0.8.1
6ddb0bfe61be13da93008973c9cf15322666725177007cc73655a592a392c062,ESM,IT-2012-0061,IT.0MOR..HGE.D.IT-2012-0061.ACC.MP.ASC,confirmatory,6,lhs-3,false,0.98012715606141543,1.0955005541028737,0.043992240427104604,1.0147451705015114,24681357,canonical-shear-friction-v0.8.1
ca602f639ab92d0d52fc36d27834bf22dc8e10e4274cbadc965b441720e1d8b4,ESM,IT-2012-0061,IT.0MOR..HGE.D.IT-2012-0061.ACC.MP.ASC,confirmatory,10,nominal,true,1,1,0.050000000000000003,1,24681357,canonical-shear-friction-v0.8.1
2fd33ce5ca61ef60ba434b7977781dea6b42e9301639c6f9a8f771b7103bba9a,ESM,IT-2012-0061,IT.0MOR..HGE.D.IT-2012-0061.ACC.MP.ASC,confirmatory,10,lhs-1,false,1.055345003920092,0.91186441049273859,0.058766975947465362,1.0991779467262428,24681357,canonical-shear-friction-v0.8.1
014f5ea999e7296ba683b9efd5100de7e287309343e47bde3c9ec028a0463ec1,ESM,IT-2012-0061,IT.0MOR..HGE.D.IT-2012-0061.ACC.MP.ASC,confirmatory,10,lhs-2,false,0.93530801801650687,0.953478937041492,0.050077687460435838,0.94748395915337158,24681357,canonical-shear-friction-v0.8.1
b8a090e1a7a521ac7b41dd7224d23579e932215e2d7a97360eddc7b92cfc2ed2,ESM,IT-2012-0061,IT.0MOR..HGE.D.IT-2012-0061.ACC.MP.ASC,confirmatory,10,lhs-3,false,0.98012715606141543,1.0955005541028737,0.043992240427104604,1.0147451705015114,24681357,canonical-shear-friction-v0.8.1
24f7790c75fef7d37432d4c47ae098be186b49dbd7ba335a1172be242203825d,ESM,IT-2012-0061,IT.0MOR..HGE.D.IT-2012-0061.ACC.MP.ASC,confirmatory,20,nominal,true,1,1,0.050000000000000003,1,24681357,canonical-shear-friction-v0.8.1
9f27f5e215ea8fcf0dd8032f368c0fe635ad0331c1d35a4b395cfb5790723d03,ESM,IT-2012-0061,IT.0MOR..HGE.D.IT-2012-0061.ACC.MP.ASC,confirmatory,20,lhs-1,false,1.055345003920092,0.91186441049273859,0.058766975947465362,1.0991779467262428,24681357,canonical-shear-friction-v0.8.1
43fd4a14be6450786a0aa6ed33d3cc7245452b2a348cace1e2c8e1a14196aae9,ESM,IT-2012-0061,IT.0MOR..HGE.D.IT-2012-0061.ACC.MP.ASC,confirmatory,20,lhs-2,false,0.93530801801650687,0.953478937041492,0.050077687460435838,0.94748395915337158,24681357,canonical-shear-friction-v0.8.1
f15a39a5d5d715ed9e5ba68bfdbe24985960f1218341e3e6157153873476b9b7,ESM,IT-2012-0061,IT.0MOR..HGE.D.IT-2012-0061.ACC.MP.ASC,confirmatory,20,lhs-3,false,0.98012715606141543,1.0955005541028737,0.043992240427104604,1.0147451705015114,24681357,canonical-shear-friction-v0.8.1
b141fb89a7e22a6c20d4db9496c65af26e1a0d233922054fe8d00074afb1d209,ESM,IT-1998-0103,IT.LRG..HNE.D.IT-1998-0103.ACC.MP.ASC,confirmatory,3,nominal,true,1,1,0.050000000000000003,1,24681357,canonical-shear-friction-v0.8.1
3dcaecb886bdd486db788b492a9f7b85639644ae3cad39a9b15791d08331048c,ESM,IT-1998-0103,IT.LRG..HNE.D.IT-1998-0103.ACC.MP.ASC,confirmatory,3,lhs-1,false,1.055345003920092,0.91186441049273859,0.058766975947465362,1.0991779467262428,24681357,canonical-shear-friction-v0.8.1
def7a6ffdcaa6d3c2aa04ed11ebd175d3e4d392479a5621359987197b567eba4,ESM,IT-1998-0103,IT.LRG..HNE.D.IT-1998-0103.ACC.MP.ASC,confirmatory,3,lhs-2,false,0.93530801801650687,0.953478937041492,0.050077687460435838,0.94748395915337158,24681357,canonical-shear-friction-v0.8.1
a9c7e79cefe9e7ad61bc05e65a77dfaa2b2d68fdc34f7cd6c6ce3dbdf7a8fff1,ESM,IT-1998-0103,IT.LRG..HNE.D.IT-1998-0103.ACC.MP.ASC,confirmatory,3,lhs-3,false,0.98012715606141543,1.0955005541028737,0.043992240427104604,1.0147451705015114,24681357,canonical-shear-friction-v0.8.1
9f13c019ade9e55ca592f5ed5734737719f8367cd6deee4585b96426e45d512a,ESM,IT-1998-0103,IT.LRG..HNE.D.IT-1998-0103.ACC.MP.ASC,confirmatory,6,nominal,true,1,1,0.050000000000000003,1,24681357,canonical-shear-friction-v0.8.1
f85bc2865ef32302ce6aea5b7f856e4d5afaedb42e90b4a649bda6e6b8de932f,ESM,IT-1998-0103,IT.LRG..HNE.D.IT-1998-0103.ACC.MP.ASC,confirmatory,6,lhs-1,false,1.055345003920092,0.91186441049273859,0.058766975947465362,1.0991779467262428,24681357,canonical-shear-friction-v0.8.1
9ccb53f9c56dbf24ae7e2631105a45fb17cc570c7b5687792ce4c2dc747b31fb,ESM,IT-1998-0103,IT.LRG..HNE.D.IT-1998-0103.ACC.MP.ASC,confirmatory,6,lhs-2,false,0.93530801801650687,0.953478937041492,0.050077687460435838,0.94748395915337158,24681357,canonical-shear-friction-v0.8.1
be66200cdf2f570f0baf92565a9a786f36d501532f0c3237a5fe5232da1e13a4,ESM,IT-1998-0103,IT.LRG..HNE.D.IT-1998-0103.ACC.MP.ASC,confirmatory,6,lhs-3,false,0.98012715606141543,1.0955005541028737,0.043992240427104604,1.0147451705015114,24681357,canonical-shear-friction-v0.8.1
251b4e505bf1365a505f5a1a6e7286c47ef5b9f91eb9d7b99ffd51b8d821921c,ESM,IT-1998-0103,IT.LRG..HNE.D.IT-1998-0103.ACC.MP.ASC,confirmatory,10,nominal,true,1,1,0.050000000000000003,1,24681357,canonical-shear-friction-v0.8.1
284d9307f4c8baaf878c51de31853dbd0913ace2cba15117e41ceb04cf91fdb7,ESM,IT-1998-0103,IT.LRG..HNE.D.IT-1998-0103.ACC.MP.ASC,confirmatory,10,lhs-1,false,1.055345003920092,0.91186441049273859,0.058766975947465362,1.0991779467262428,24681357,canonical-shear-friction-v0.8.1
437df7c7471e730434aa6c596b289fddade7a6e7c74e169aabc38efc3bd79bcd,ESM,IT-1998-0103,IT.LRG..HNE.D.IT-1998-0103.ACC.MP.ASC,confirmatory,10,lhs-2,false,0.93530801801650687,0.953478937041492,0.050077687460435838,0.94748395915337158,24681357,canonical-shear-friction-v0.8.1
8e10debb445b3cd03e7666a2f66b77d5016b0f790ef9036b82cb5e391c96267e,ESM,IT-1998-0103,IT.LRG..HNE.D.IT-1998-0103.ACC.MP.ASC,confirmatory,10,lhs-3,false,0.98012715606141543,1.0955005541028737,0.043992240427104604,1.0147451705015114,24681357,canonical-shear-friction-v0.8.1
b1a39c1cba812e3c5f1bc77c8bf3a4d2c21b1edde8f5d42251c9e991af934e34,ESM,IT-1998-0103,IT.LRG..HNE.D.IT-1998-0103.ACC.MP.ASC,confirmatory,20,nominal,true,1,1,0.050000000000000003,1,24681357,canonical-shear-friction-v0.8.1
929f83c3f3c74f5c6f67fc419cf8d34886e99ea7f204fcb1b56980f8e931bf25,ESM,IT-1998-0103,IT.LRG..HNE.D.IT-1998-0103.ACC.MP.ASC,confirmatory,20,lhs-1,false,1.055345003920092,0.91186441049273859,0.058766975947465362,1.0991779467262428,24681357,canonical-shear-friction-v0.8.1
91428d4c7e24d3819ae71aa560093a6fafe8905540d6c88a28f7382922d8cc9b,ESM,IT-1998-0103,IT.LRG..HNE.D.IT-1998-0103.ACC.MP.ASC,confirmatory,20,lhs-2,false,0.93530801801650687,0.953478937041492,0.050077687460435838,0.94748395915337158,24681357,canonical-shear-friction-v0.8.1
8deca7fa0022c364b572beb1c6fbb5c6a9919b97d49974687f705a136a32e55a,ESM,IT-1998-0103,IT.LRG..HNE.D.IT-1998-0103.ACC.MP.ASC,confirmatory,20,lhs-3,false,0.98012715606141543,1.0955005541028737,0.043992240427104604,1.0147451705015114,24681357,canonical-shear-friction-v0.8.1
f52e905deb6480788d9d3f8b1993be2ffd7898bb7845ae933951527bc11cd04b,ESM,IT-1998-0103,IT.LRS..HNN.D.IT-1998-0103.ACC.MP.ASC,confirmatory,3,nominal,true,1,1,0.050000000000000003,1,24681357,canonical-shear-friction-v0.8.1
647af66d87d634793f66b193589cb0773e0d0f8490bac2bd5fd9c5665ef6323a,ESM,IT-1998-0103,IT.LRS..HNN.D.IT-1998-0103.ACC.MP.ASC,confirmatory,3,lhs-1,false,1.055345003920092,0.91186441049273859,0.058766975947465362,1.0991779467262428,24681357,canonical-shear-friction-v0.8.1
01294a1a9f95389d933b5a8b1987782696907004082b98000a7587fed9b47286,ESM,IT-1998-0103,IT.LRS..HNN.D.IT-1998-0103.ACC.MP.ASC,confirmatory,3,lhs-2,false,0.93530801801650687,0.953478937041492,0.050077687460435838,0.94748395915337158,24681357,canonical-shear-friction-v0.8.1
85516826ed1bfa354fc820df0d129827b74e8e0fb5983a3664d7b58501e7846a,ESM,IT-1998-0103,IT.LRS..HNN.D.IT-1998-0103.ACC.MP.ASC,confirmatory,3,lhs-3,false,0.98012715606141543,1.0955005541028737,0.043992240427104604,1.0147451705015114,24681357,canonical-shear-friction-v0.8.1
1b1d9afdf8d9aef4e7fb43f8ae88e6629084e0b6ecf55a37dee52cf4a780ec70,ESM,IT-1998-0103,IT.LRS..HNN.D.IT-1998-0103.ACC.MP.ASC,confirmatory,6,nominal,true,1,1,0.050000000000000003,1,24681357,canonical-shear-friction-v0.8.1
8424c5fcd174dfad326eb6f9a5f405b8f2ac635ac66ae4ee7a9c558c5852af1b,ESM,IT-1998-0103,IT.LRS..HNN.D.IT-1998-0103.ACC.MP.ASC,confirmatory,6,lhs-1,false,1.055345003920092,0.91186441049273859,0.058766975947465362,1.0991779467262428,24681357,canonical-shear-friction-v0.8.1
a9681d28a1efa5d6d83d365251d68b3483ecfd0c61c3f394420d41089bd4ca66,ESM,IT-1998-0103,IT.LRS..HNN.D.IT-1998-0103.ACC.MP.ASC,confirmatory,6,lhs-2,false,0.93530801801650687,0.953478937041492,0.050077687460435838,0.94748395915337158,24681357,canonical-shear-friction-v0.8.1
83df2925b49ab9ca777981b78137d4cd667eef9ef8cbe897227e33ae1482e0bf,ESM,IT-1998-0103,IT.LRS..HNN.D.IT-1998-0103.ACC.MP.ASC,confirmatory,6,lhs-3,false,0.98012715606141543,1.0955005541028737,0.043992240427104604,1.0147451705015114,24681357,canonical-shear-friction-v0.8.1
696445f3a1479fe9e8c2d61008b3c7e86b25bf94a34a10252fb2f3f53b2e7d29,ESM,IT-1998-0103,IT.LRS..HNN.D.IT-1998-0103.ACC.MP.ASC,confirmatory,10,nominal,true,1,1,0.050000000000000003,1,24681357,canonical-shear-friction-v0.8.1
e6cbde459526312d9ac54bc1fe4dea5c2d91e3a8e740c316fd0f9bf789f2487f,ESM,IT-1998-0103,IT.LRS..HNN.D.IT-1998-0103.ACC.MP.ASC,confirmatory,10,lhs-1,false,1.055345003920092,0.91186441049273859,0.058766975947465362,1.0991779467262428,24681357,canonical-shear-friction-v0.8.1
164c060906762f3c879dcf554dde03ee6a79b9fd43b3e58ba13eb68fc4c8039c,ESM,IT-1998-0103,IT.LRS..HNN.D.IT-1998-0103.ACC.MP.ASC,confirmatory,10,lhs-2,false,0.93530801801650687,0.953478937041492,0.050077687460435838,0.94748395915337158,24681357,canonical-shear-friction-v0.8.1
ed5af7fdcba4e2821a0ae52cab322aa1c167647a7f1014d0cce6d94eab1dd43a,ESM,IT-1998-0103,IT.LRS..HNN.D.IT-1998-0103.ACC.MP.ASC,confirmatory,10,lhs-3,false,0.98012715606141543,1.0955005541028737,0.043992240427104604,1.0147451705015114,24681357,canonical-shear-friction-v0.8.1
954b0685459656f955533c199d8daf81c04de9f1e94840cac574be49fb2e1d0d,ESM,IT-1998-0103,IT.LRS..HNN.D.IT-1998-0103.ACC.MP.ASC,confirmatory,20,nominal,true,1,1,0.050000000000000003,1,24681357,canonical-shear-friction-v0.8.1
1b20df0cd7dca333bcf5e8afaeed3524ed359fbcc7f9dde05df1b35728fc4fcc,ESM,IT-1998-0103,IT.LRS..HNN.D.IT-1998-0103.ACC.MP.ASC,confirmatory,20,lhs-1,false,1.055345003920092,0.91186441049273859,0.058766975947465362,1.0991779467262428,24681357,canonical-shear-friction-v0.8.1
b6e95688c54e41e92edd2ec2fa10ad5944bffb66f9ff6d0c4f5a04e1726f3df2,ESM,IT-1998-0103,IT.LRS..HNN.D.IT-1998-0103.ACC.MP.ASC,confirmatory,20,lhs-2,false,0.93530801801650687,0.953478937041492,0.050077687460435838,0.94748395915337158,24681357,canonical-shear-friction-v0.8.1
c25d82ddf258e19f7f136e222f4fc204e68740705c8da67cb9491fa6c6eaabb8,ESM,IT-1998-0103,IT.LRS..HNN.D.IT-1998-0103.ACC.MP.ASC,confirmatory,20,lhs-3,false,0.98012715606141543,1.0955005541028737,0.043992240427104604,1.0147451705015114,24681357,canonical-shear-friction-v0.8.1
d6f50aea248c2621faa65f7df18e4e34f0c7e984b00c02d108a08374b76c7ce4,ESM,IT-1998-0103,IT.LRS..HNE.D.IT-1998-0103.ACC.MP.ASC,confirmatory,3,nominal,true,1,1,0.050000000000000003,1,24681357,canonical-shear-friction-v0.8.1
50729150956cab1eb10d0774ac33b153b4b6590984773b49209015053806df16,ESM,IT-1998-0103,IT.LRS..HNE.D.IT-1998-0103.ACC.MP.ASC,confirmatory,3,lhs-1,false,1.055345003920092,0.91186441049273859,0.058766975947465362,1.0991779467262428,24681357,canonical-shear-friction-v0.8.1
5839980f15098f337e5070fde7adf96bb1cd8f4b79de424ea522abee4afc1784,ESM,IT-1998-0103,IT.LRS..HNE.D.IT-1998-0103.ACC.MP.ASC,confirmatory,3,lhs-2,false,0.93530801801650687,0.953478937041492,0.050077687460435838,0.94748395915337158,24681357,canonical-shear-friction-v0.8.1
9d1f4f994fa89c1a1c82d74d726575194dadd6b70cc5d0dfc9ec890f3fe358db,ESM,IT-1998-0103,IT.LRS..HNE.D.IT-1998-0103.ACC.MP.ASC,confirmatory,3,lhs-3,false,0.98012715606141543,1.0955005541028737,0.043992240427104604,1.0147451705015114,24681357,canonical-shear-friction-v0.8.1
d47dcb938165756cc518e49a146da203b7cc19e8a863e108a25a2aef8412fc57,ESM,IT-1998-0103,IT.LRS..HNE.D.IT-1998-0103.ACC.MP.ASC,confirmatory,6,nominal,true,1,1,0.050000000000000003,1,24681357,canonical-shear-friction-v0.8.1
c4fa6c515f43f543cccaa13bc3b16559bc2430d5824af67efbf98865c4bd6233,ESM,IT-1998-0103,IT.LRS..HNE.D.IT-1998-0103.ACC.MP.ASC,confirmatory,6,lhs-1,false,1.055345003920092,0.91186441049273859,0.058766975947465362,1.0991779467262428,24681357,canonical-shear-friction-v0.8.1
b472f6bebcc5eb3808b918acad86bce34ef692f4edf4f73ab4600d2a0c521bb9,ESM,IT-1998-0103,IT.LRS..HNE.D.IT-1998-0103.ACC.MP.ASC,confirmatory,6,lhs-2,false,0.93530801801650687,0.953478937041492,0.050077687460435838,0.94748395915337158,24681357,canonical-shear-friction-v0.8.1
fcbc27bef9c4ecc53d58ee1b60d5b8552728d317fa3fe96781d77e7afa366459,ESM,IT-1998-0103,IT.LRS..HNE.D.IT-1998-0103.ACC.MP.ASC,confirmatory,6,lhs-3,false,0.98012715606141543,1.0955005541028737,0.043992240427104604,1.0147451705015114,24681357,canonical-shear-friction-v0.8.1
2821731c54e6e7b0ad39391a4debcf40a5b109ae07dfa56ae310052b10b2476b,ESM,IT-1998-0103,IT.LRS..HNE.D.IT-1998-0103.ACC.MP.ASC,confirmatory,10,nominal,true,1,1,0.050000000000000003,1,24681357,canonical-shear-friction-v0.8.1
ede937ffed23c8930bc2ffbb12fa309e43776ff5e1f41e2235fe88bb48a54c87,ESM,IT-1998-0103,IT.LRS..HNE.D.IT-1998-0103.ACC.MP.ASC,confirmatory,10,lhs-1,false,1.055345003920092,0.91186441049273859,0.058766975947465362,1.0991779467262428,24681357,canonical-shear-friction-v0.8.1
2f86e19d31c9df1f5f4bd37ddc500bd4187ef19de4d384e59c60fda36edc24f2,ESM,IT-1998-0103,IT.LRS..HNE.D.IT-1998-0103.ACC.MP.ASC,confirmatory,10,lhs-2,false,0.93530801801650687,0.953478937041492,0.050077687460435838,0.94748395915337158,24681357,canonical-shear-friction-v0.8.1
3dd09fb918b112b675ca9807cc3dcbd496c7de030005a9cff6508ce68d3fb6ce,ESM,IT-1998-0103,IT.LRS..HNE.D.IT-1998-0103.ACC.MP.ASC,confirmatory,10,lhs-3,false,0.98012715606141543,1.0955005541028737,0.043992240427104604,1.0147451705015114,24681357,canonical-shear-friction-v0.8.1
e1569620afd6ea53a6e8a8bc59409af62021d6a553269d12bf908e3c579a17d7,ESM,IT-1998-0103,IT.LRS..HNE.D.IT-1998-0103.ACC.MP.ASC,confirmatory,20,nominal,true,1,1,0.050000000000000003,1,24681357,canonical-shear-friction-v0.8.1
1d541d2d4fbad3ec25472c2b46df52597b5701aeddbb4d1cc1473ad3195b949e,ESM,IT-1998-0103,IT.LRS..HNE.D.IT-1998-0103.ACC.MP.ASC,confirmatory,20,lhs-1,false,1.055345003920092,0.91186441049273859,0.058766975947465362,1.0991779467262428,24681357,canonical-shear-friction-v0.8.1
125bdf525b64c906de332607363a443e9ebebe1e731f54b769f54ecb1b4aa25b,ESM,IT-1998-0103,IT.LRS..HNE.D.IT-1998-0103.ACC.MP.ASC,confirmatory,20,lhs-2,false,0.93530801801650687,0.953478937041492,0.050077687460435838,0.94748395915337158,24681357,canonical-shear-friction-v0.8.1
570bf8428f1b4cbc4a678218c70358c2389791dd84639e87413ce19346f033c6,ESM,IT-1998-0103,IT.LRS..HNE.D.IT-1998-0103.ACC.MP.ASC,confirmatory,20,lhs-3,false,0.98012715606141543,1.0955005541028737,0.043992240427104604,1.0147451705015114,24681357,canonical-shear-friction-v0.8.1
b6de67919bd2700768bbdb806c2d03a28b403ff5beedebdc8414f51ba7d07551,ESM,IT-1998-0103,IT.LRG..HNN.D.IT-1998-0103.ACC.MP.ASC,confirmatory,3,nominal,true,1,1,0.050000000000000003,1,24681357,canonical-shear-friction-v0.8.1
800108dd9613428e0d3bf83ff0af65f6b19169511d523f7fa8802ebd3246f992,ESM,IT-1998-0103,IT.LRG..HNN.D.IT-1998-0103.ACC.MP.ASC,confirmatory,3,lhs-1,false,1.055345003920092,0.91186441049273859,0.058766975947465362,1.0991779467262428,24681357,canonical-shear-friction-v0.8.1
e3b801dfb95ddb8f1b3283d5c19258b874c659541499a53514184188fa46229a,ESM,IT-1998-0103,IT.LRG..HNN.D.IT-1998-0103.ACC.MP.ASC,confirmatory,3,lhs-2,false,0.93530801801650687,0.953478937041492,0.050077687460435838,0.94748395915337158,24681357,canonical-shear-friction-v0.8.1
03882cdede7d3993ef42f0daae010965ee83141391e4513dd461f95294b69e74,ESM,IT-1998-0103,IT.LRG..HNN.D.IT-1998-0103.ACC.MP.ASC,confirmatory,3,lhs-3,false,0.98012715606141543,1.0955005541028737,0.043992240427104604,1.0147451705015114,24681357,canonical-shear-friction-v0.8.1
1884a991277a939b05f8f832960afbc6454e18d8d155e3b20a0811e42eea7cc2,ESM,IT-1998-0103,IT.LRG..HNN.D.IT-1998-0103.ACC.MP.ASC,confirmatory,6,nominal,true,1,1,0.050000000000000003,1,24681357,canonical-shear-friction-v0.8.1
955ba37d4585fa67f9b5fab3bf867989a914bc4d7ae6191503e623f62445e506,ESM,IT-1998-0103,IT.LRG..HNN.D.IT-1998-0103.ACC.MP.ASC,confirmatory,6,lhs-1,false,1.055345003920092,0.91186441049273859,0.058766975947465362,1.0991779467262428,24681357,canonical-shear-friction-v0.8.1
725f8629146b28c60693acd508dcbd5b3510a08c6c26138da4af7fb8d50c6d82,ESM,IT-1998-0103,IT.LRG..HNN.D.IT-1998-0103.ACC.MP.ASC,confirmatory,6,lhs-2,false,0.93530801801650687,0.953478937041492,0.050077687460435838,0.94748395915337158,24681357,canonical-shear-friction-v0.8.1
f5c65e4fd848cf34d5cffabefb2483052b2071b4958ca0b01562e9044dda6ade,ESM,IT-1998-0103,IT.LRG..HNN.D.IT-1998-0103.ACC.MP.ASC,confirmatory,6,lhs-3,false,0.98012715606141543,1.0955005541028737,0.043992240427104604,1.0147451705015114,24681357,canonical-shear-friction-v0.8.1
f44a7fdeea45f3947673e29a4cd1c270a572d4e231a8f3f6accb932f63340ee1,ESM,IT-1998-0103,IT.LRG..HNN.D.IT-1998-0103.ACC.MP.ASC,confirmatory,10,nominal,true,1,1,0.050000000000000003,1,24681357,canonical-shear-friction-v0.8.1
0727f8526962ab7812fb66a9b75feda7ea6907b990adf3c53d623878756fe5b7,ESM,IT-1998-0103,IT.LRG..HNN.D.IT-1998-0103.ACC.MP.ASC,confirmatory,10,lhs-1,false,1.055345003920092,0.91186441049273859,0.058766975947465362,1.0991779467262428,24681357,canonical-shear-friction-v0.8.1
c5b7e43caa919f7805687a549d1a1aa13fcb2429327f26ea4dfcf41e56020a10,ESM,IT-1998-0103,IT.LRG..HNN.D.IT-1998-0103.ACC.MP.ASC,confirmatory,10,lhs-2,false,0.93530801801650687,0.953478937041492,0.050077687460435838,0.94748395915337158,24681357,canonical-shear-friction-v0.8.1
94c7b80d93dce19c35feb4a2614ee72529f54aefd3bb94990d6797ec3b17cc78,ESM,IT-1998-0103,IT.LRG..HNN.D.IT-1998-0103.ACC.MP.ASC,confirmatory,10,lhs-3,false,0.98012715606141543,1.0955005541028737,0.043992240427104604,1.0147451705015114,24681357,canonical-shear-friction-v0.8.1
166af599aefa8bce22e0eb174dac6cf661c475de4314c609a917195b1e26ebb4,ESM,IT-1998-0103,IT.LRG..HNN.D.IT-1998-0103.ACC.MP.ASC,confirmatory,20,nominal,true,1,1,0.050000000000000003,1,24681357,canonical-shear-friction-v0.8.1
0d67e9235e3a642119fa172bfd6a87af22c17cf0f648e1650729c3c39cf1dc54,ESM,IT-1998-0103,IT.LRG..HNN.D.IT-1998-0103.ACC.MP.ASC,confirmatory,20,lhs-1,false,1.055345003920092,0.91186441049273859,0.058766975947465362,1.0991779467262428,24681357,canonical-shear-friction-v0.8.1
dc6bab7e15ee298c737df8947ef9848e12e01561a318bb81208d036256516990,ESM,IT-1998-0103,IT.LRG..HNN.D.IT-1998-0103.ACC.MP.ASC,confirmatory,20,lhs-2,false,0.93530801801650687,0.953478937041492,0.050077687460435838,0.94748395915337158,24681357,canonical-shear-friction-v0.8.1
eae12a3aa657890ab782c98469d9ecd080e144d2111ef60b0a5d802217c0650f,ESM,IT-1998-0103,IT.LRG..HNN.D.IT-1998-0103.ACC.MP.ASC,confirmatory,20,lhs-3,false,0.98012715606141543,1.0955005541028737,0.043992240427104604,1.0147451705015114,24681357,canonical-shear-friction-v0.8.1
d032292707ae42d16a3fa4024168c842c01e4f030d71641475a0c70449b54b73,ESM,IT-1998-0063,IT.NOCE..HNE.D.IT-1998-0063.ACC.MP.ASC,confirmatory,3,nominal,true,1,1,0.050000000000000003,1,24681357,canonical-shear-friction-v0.8.1
f94a90c61255c9c05e0a4657a7d816a0afa9a5271737d399a129a42790686474,ESM,IT-1998-0063,IT.NOCE..HNE.D.IT-1998-0063.ACC.MP.ASC,confirmatory,3,lhs-1,false,1.055345003920092,0.91186441049273859,0.058766975947465362,1.0991779467262428,24681357,canonical-shear-friction-v0.8.1
7f9ad51706e2d3e3c5ed96e1d9e7deb5801383cce677c81c8a4798f8d38f8864,ESM,IT-1998-0063,IT.NOCE..HNE.D.IT-1998-0063.ACC.MP.ASC,confirmatory,3,lhs-2,false,0.93530801801650687,0.953478937041492,0.050077687460435838,0.94748395915337158,24681357,canonical-shear-friction-v0.8.1
fd8a348b7cffe57cf8f85308b63c3e06d0d9654a3f3b8cad5981fca5dacedba9,ESM,IT-1998-0063,IT.NOCE..HNE.D.IT-1998-0063.ACC.MP.ASC,confirmatory,3,lhs-3,false,0.98012715606141543,1.0955005541028737,0.043992240427104604,1.0147451705015114,24681357,canonical-shear-friction-v0.8.1
f0532ede514b6186327969f5663260bca39795d9f1aad147feb1cb3758f7dbdd,ESM,IT-1998-0063,IT.NOCE..HNE.D.IT-1998-0063.ACC.MP.ASC,confirmatory,6,nominal,true,1,1,0.050000000000000003,1,24681357,canonical-shear-friction-v0.8.1
0d62c3f3e3a49705e040b11ebd31ba48576c77156e7b0e8f0ea3f608804491c5,ESM,IT-1998-0063,IT.NOCE..HNE.D.IT-1998-0063.ACC.MP.ASC,confirmatory,6,lhs-1,false,1.055345003920092,0.91186441049273859,0.058766975947465362,1.0991779467262428,24681357,canonical-shear-friction-v0.8.1
ccf3927cd60525c3411be6faf5e44d16e13a20b1acbca221cc1927c906aad5bd,ESM,IT-1998-0063,IT.NOCE..HNE.D.IT-1998-0063.ACC.MP.ASC,confirmatory,6,lhs-2,false,0.93530801801650687,0.953478937041492,0.050077687460435838,0.94748395915337158,24681357,canonical-shear-friction-v0.8.1
9e83f99e018fa5c5194b17994eb6ae549ca4c7637d769a7d83cbe99221a7387c,ESM,IT-1998-0063,IT.NOCE..HNE.D.IT-1998-0063.ACC.MP.ASC,confirmatory,6,lhs-3,false,0.98012715606141543,1.0955005541028737,0.043992240427104604,1.0147451705015114,24681357,canonical-shear-friction-v0.8.1
276d812bc28eadd06a5aa74a6d512e04ccd76751c64d3ddc3b2dd82b1ca8cbf3,ESM,IT-1998-0063,IT.NOCE..HNE.D.IT-1998-0063.ACC.MP.ASC,confirmatory,10,nominal,true,1,1,0.050000000000000003,1,24681357,canonical-shear-friction-v0.8.1
5712d007bdb8ef49aa9e384fff68c9d024f57199fc75b95410b559fc624507db,ESM,IT-1998-0063,IT.NOCE..HNE.D.IT-1998-0063.ACC.MP.ASC,confirmatory,10,lhs-1,false,1.055345003920092,0.91186441049273859,0.058766975947465362,1.0991779467262428,24681357,canonical-shear-friction-v0.8.1
f0b85b333556909ed38c09ef90500736aea6f41d5c44266456159584363c2430,ESM,IT-1998-0063,IT.NOCE..HNE.D.IT-1998-0063.ACC.MP.ASC,confirmatory,10,lhs-2,false,0.93530801801650687,0.953478937041492,0.050077687460435838,0.94748395915337158,24681357,canonical-shear-friction-v0.8.1
592164b83c94ecd31390a7fa30728c6230b8c9fd957a4d88b6399a94fa4455c5,ESM,IT-1998-0063,IT.NOCE..HNE.D.IT-1998-0063.ACC.MP.ASC,confirmatory,10,lhs-3,false,0.98012715606141543,1.0955005541028737,0.043992240427104604,1.0147451705015114,24681357,canonical-shear-friction-v0.8.1
7eb840b5ecffb58417eb144768ced4d04438654bd36bb7e6e8ef85093e4cccfd,ESM,IT-1998-0063,IT.NOCE..HNE.D.IT-1998-0063.ACC.MP.ASC,confirmatory,20,nominal,true,1,1,0.050000000000000003,1,24681357,canonical-shear-friction-v0.8.1
d97ad673d28e4dc66b4304da7128783c7a666ceb6e6cf961b836f8d5378ecc26,ESM,IT-1998-0063,IT.NOCE..HNE.D.IT-1998-0063.ACC.MP.ASC,confirmatory,20,lhs-1,false,1.055345003920092,0.91186441049273859,0.058766975947465362,1.0991779467262428,24681357,canonical-shear-friction-v0.8.1
fe991ec698ba2a49396933c510b7b11347790e4d850046d3ae5bcb418c7990ec,ESM,IT-1998-0063,IT.NOCE..HNE.D.IT-1998-0063.ACC.MP.ASC,confirmatory,20,lhs-2,false,0.93530801801650687,0.953478937041492,0.050077687460435838,0.94748395915337158,24681357,canonical-shear-friction-v0.8.1
89bb798835d4ddfa15ac68d40005f154840ccf84ba6f88ba841d97f27be07a0d,ESM,IT-1998-0063,IT.NOCE..HNE.D.IT-1998-0063.ACC.MP.ASC,confirmatory,20,lhs-3,false,0.98012715606141543,1.0955005541028737,0.043992240427104604,1.0147451705015114,24681357,canonical-shear-friction-v0.8.1
e0bd9b5e944266611d1768ea46571063e3f852c203495e7e23929e978d95b8fd,ESM,IT-1998-0063,IT.NOCE..HNN.D.IT-1998-0063.ACC.MP.ASC,confirmatory,3,nominal,true,1,1,0.050000000000000003,1,24681357,canonical-shear-friction-v0.8.1
12ec1df2765ecbc673e78aa477596448bac06517613d6f9d36b2741761a3dd20,ESM,IT-1998-0063,IT.NOCE..HNN.D.IT-1998-0063.ACC.MP.ASC,confirmatory,3,lhs-1,false,1.055345003920092,0.91186441049273859,0.058766975947465362,1.0991779467262428,24681357,canonical-shear-friction-v0.8.1
8e1e2498439e2ae2741cc75cd32b4da086b871523cbeff833305008301360101,ESM,IT-1998-0063,IT.NOCE..HNN.D.IT-1998-0063.ACC.MP.ASC,confirmatory,3,lhs-2,false,0.93530801801650687,0.953478937041492,0.050077687460435838,0.94748395915337158,24681357,canonical-shear-friction-v0.8.1
4f3ae18a9378487a2023f57b57654cd921f165d8562e61fbb52aac8ee94f342a,ESM,IT-1998-0063,IT.NOCE..HNN.D.IT-1998-0063.ACC.MP.ASC,confirmatory,3,lhs-3,false,0.98012715606141543,1.0955005541028737,0.043992240427104604,1.0147451705015114,24681357,canonical-shear-friction-v0.8.1
d786e40462cd0e530fdf0cbf47ddb7cd3afd28914bf7bf79823fb9d246c90d5d,ESM,IT-1998-0063,IT.NOCE..HNN.D.IT-1998-0063.ACC.MP.ASC,confirmatory,6,nominal,true,1,1,0.050000000000000003,1,24681357,canonical-shear-friction-v0.8.1
7eacc49a08703e43941190d5a669b07f5b153b8dd351c80aaaf3f6a58cea34e7,ESM,IT-1998-0063,IT.NOCE..HNN.D.IT-1998-0063.ACC.MP.ASC,confirmatory,6,lhs-1,false,1.055345003920092,0.91186441049273859,0.058766975947465362,1.0991779467262428,24681357,canonical-shear-friction-v0.8.1
1c71ebe2d63892766613eef348c39431de79868bf3e66284d7ac1c4fbf22b7a9,ESM,IT-1998-0063,IT.NOCE..HNN.D.IT-1998-0063.ACC.MP.ASC,confirmatory,6,lhs-2,false,0.93530801801650687,0.953478937041492,0.050077687460435838,0.94748395915337158,24681357,canonical-shear-friction-v0.8.1
e5c2cef7cbbfeea7681f1f787699693587d647ac5281b8006221fc73d81c0699,ESM,IT-1998-0063,IT.NOCE..HNN.D.IT-1998-0063.ACC.MP.ASC,confirmatory,6,lhs-3,false,0.98012715606141543,1.0955005541028737,0.043992240427104604,1.0147451705015114,24681357,canonical-shear-friction-v0.8.1
262856c8fdb26e25905b8aec8ef0142fa2ce0279e2a263283818b290e3cb8e59,ESM,IT-1998-0063,IT.NOCE..HNN.D.IT-1998-0063.ACC.MP.ASC,confirmatory,10,nominal,true,1,1,0.050000000000000003,1,24681357,canonical-shear-friction-v0.8.1
b52ebf5b662b41f20b6c374f09b8b8882f7ddb4b1c413f049d81f51efc0f53b0,ESM,IT-1998-0063,IT.NOCE..HNN.D.IT-1998-0063.ACC.MP.ASC,confirmatory,10,lhs-1,false,1.055345003920092,0.91186441049273859,0.058766975947465362,1.0991779467262428,24681357,canonical-shear-friction-v0.8.1
826abc6faf92ed8500d239ccfe9641fbc3600ab60d62623baac232355f43bc35,ESM,IT-1998-0063,IT.NOCE..HNN.D.IT-1998-0063.ACC.MP.ASC,confirmatory,10,lhs-2,false,0.93530801801650687,0.953478937041492,0.050077687460435838,0.94748395915337158,24681357,canonical-shear-friction-v0.8.1
7e5d727a86d836bed7d03025b41fca57e984740a586ce923133efa59d99e359b,ESM,IT-1998-0063,IT.NOCE..HNN.D.IT-1998-0063.ACC.MP.ASC,confirmatory,10,lhs-3,false,0.98012715606141543,1.0955005541028737,0.043992240427104604,1.0147451705015114,24681357,canonical-shear-friction-v0.8.1
70d2da15235ce42cb86193554041c2a99eb9d992a03d5ea881caa832820fbd7a,ESM,IT-1998-0063,IT.NOCE..HNN.D.IT-1998-0063.ACC.MP.ASC,confirmatory,20,nominal,true,1,1,0.050000000000000003,1,24681357,canonical-shear-friction-v0.8.1
0ebea3e2bcbdde951c007751445f36ea6dd69f861ddd64f156f8ffc3497ffbf9,ESM,IT-1998-0063,IT.NOCE..HNN.D.IT-1998-0063.ACC.MP.ASC,confirmatory,20,lhs-1,false,1.055345003920092,0.91186441049273859,0.058766975947465362,1.0991779467262428,24681357,canonical-shear-friction-v0.8.1
818a94e2249c2e8dc5174d170ffef906b347de95b147ee68d4a54072a69f3be9,ESM,IT-1998-0063,IT.NOCE..HNN.D.IT-1998-0063.ACC.MP.ASC,confirmatory,20,lhs-2,false,0.93530801801650687,0.953478937041492,0.050077687460435838,0.94748395915337158,24681357,canonical-shear-friction-v0.8.1
2944c9bd02f74588bdb32c02c470fda5e6557b5e41fe96ba2991a0b64da6244a,ESM,IT-1998-0063,IT.NOCE..HNN.D.IT-1998-0063.ACC.MP.ASC,confirmatory,20,lhs-3,false,0.98012715606141543,1.0955005541028737,0.043992240427104604,1.0147451705015114,24681357,canonical-shear-friction-v0.8.1
33a5a0668d31faac217df5ff3634a5b4d5eca2f07abd5fcb01df7e332611d1a6,ESM,IT-1998-0063,IT.NCB..HNE.D.IT-1998-0063.ACC.MP.ASC,confirmatory,3,nominal,true,1,1,0.050000000000000003,1,24681357,canonical-shear-friction-v0.8.1
ea11ecc7e7fb89e368b2a9ce348de1dc56e299907d3df5ac52878231c2bd4edc,ESM,IT-1998-0063,IT.NCB..HNE.D.IT-1998-0063.ACC.MP.ASC,confirmatory,3,lhs-1,false,1.055345003920092,0.91186441049273859,0.058766975947465362,1.0991779467262428,24681357,canonical-shear-friction-v0.8.1
08892bb4eb8d07de8a30d717f36026b3a5061c27b35a1de5fdf43604a191e264,ESM,IT-1998-0063,IT.NCB..HNE.D.IT-1998-0063.ACC.MP.ASC,confirmatory,3,lhs-2,false,0.93530801801650687,0.953478937041492,0.050077687460435838,0.94748395915337158,24681357,canonical-shear-friction-v0.8.1
aa135275a5bd83e6709f9b055b0bf1e88fa5aa4e2a8943b758896bb0b0b2e998,ESM,IT-1998-0063,IT.NCB..HNE.D.IT-1998-0063.ACC.MP.ASC,confirmatory,3,lhs-3,false,0.98012715606141543,1.0955005541028737,0.043992240427104604,1.0147451705015114,24681357,canonical-shear-friction-v0.8.1
26b23846cafc99cc6a5edd3eab4bc6a0c78e5b1c9060f4970d209ce5fa2d73e8,ESM,IT-1998-0063,IT.NCB..HNE.D.IT-1998-0063.ACC.MP.ASC,confirmatory,6,nominal,true,1,1,0.050000000000000003,1,24681357,canonical-shear-friction-v0.8.1
ab665450f170a9acf82bfa360860947c0e60c7fc8963b7261bdc86108a1ac04e,ESM,IT-1998-0063,IT.NCB..HNE.D.IT-1998-0063.ACC.MP.ASC,confirmatory,6,lhs-1,false,1.055345003920092,0.91186441049273859,0.058766975947465362,1.0991779467262428,24681357,canonical-shear-friction-v0.8.1
d3bd0159f5229f89e9cd35b19f87ad00fc62904ecbc890f4da8ba5d397c9aedc,ESM,IT-1998-0063,IT.NCB..HNE.D.IT-1998-0063.ACC.MP.ASC,confirmatory,6,lhs-2,false,0.93530801801650687,0.953478937041492,0.050077687460435838,0.94748395915337158,24681357,canonical-shear-friction-v0.8.1
3bb3af582a42fe20de7677c6f6f2af862bffca305aad70ce71ca1032aa5d841e,ESM,IT-1998-0063,IT.NCB..HNE.D.IT-1998-0063.ACC.MP.ASC,confirmatory,6,lhs-3,false,0.98012715606141543,1.0955005541028737,0.043992240427104604,1.0147451705015114,24681357,canonical-shear-friction-v0.8.1
78e1fa9da23c8ee3449982fd94343a68763052536b8f27a5bd3108712ff2fe64,ESM,IT-1998-0063,IT.NCB..HNE.D.IT-1998-0063.ACC.MP.ASC,confirmatory,10,nominal,true,1,1,0.050000000000000003,1,24681357,canonical-shear-friction-v0.8.1
05128aba4872a0ed94e4252895feab29b855ddab5ac5388c8222727a1fd53d47,ESM,IT-1998-0063,IT.NCB..HNE.D.IT-1998-0063.ACC.MP.ASC,confirmatory,10,lhs-1,false,1.055345003920092,0.91186441049273859,0.058766975947465362,1.0991779467262428,24681357,canonical-shear-friction-v0.8.1
d2d82e521e5637342a2df4f87f31394a27a45ec6d04583adb0236dcc7cb76eb1,ESM,IT-1998-0063,IT.NCB..HNE.D.IT-1998-0063.ACC.MP.ASC,confirmatory,10,lhs-2,false,0.93530801801650687,0.953478937041492,0.050077687460435838,0.94748395915337158,24681357,canonical-shear-friction-v0.8.1
ee8088c9bf626fcfaaf40f1127d81c0d46a4d9a0a1dd83d4f83e4c50d8985d21,ESM,IT-1998-0063,IT.NCB..HNE.D.IT-1998-0063.ACC.MP.ASC,confirmatory,10,lhs-3,false,0.98012715606141543,1.0955005541028737,0.043992240427104604,1.0147451705015114,24681357,canonical-shear-friction-v0.8.1
206d65a356f2f72efeb0b944526ec52d5905e908d91662c5a482eb625903951d,ESM,IT-1998-0063,IT.NCB..HNE.D.IT-1998-0063.ACC.MP.ASC,confirmatory,20,nominal,true,1,1,0.050000000000000003,1,24681357,canonical-shear-friction-v0.8.1
68ec3e8e273619bb5677a9351fcdecb8138bbb84cb5c16744001ce63a18d40c4,ESM,IT-1998-0063,IT.NCB..HNE.D.IT-1998-0063.ACC.MP.ASC,confirmatory,20,lhs-1,false,1.055345003920092,0.91186441049273859,0.058766975947465362,1.0991779467262428,24681357,canonical-shear-friction-v0.8.1
c722f2ca378ac6e62a0454eb9fc35cf45193364d90f6b61ee33a26cb89cfc7a8,ESM,IT-1998-0063,IT.NCB..HNE.D.IT-1998-0063.ACC.MP.ASC,confirmatory,20,lhs-2,false,0.93530801801650687,0.953478937041492,0.050077687460435838,0.94748395915337158,24681357,canonical-shear-friction-v0.8.1
0bf799cdd4c72bbb8635af66b3cb8ae073b9ea2255c489987eff82650363013b,ESM,IT-1998-0063,IT.NCB..HNE.D.IT-1998-0063.ACC.MP.ASC,confirmatory,20,lhs-3,false,0.98012715606141543,1.0955005541028737,0.043992240427104604,1.0147451705015114,24681357,canonical-shear-friction-v0.8.1
8ba6e165a80fd0470ebd98dbfabe08c968fe68c1fd07c74fe3e1c03d277c54d0,ESM,IT-1998-0063,IT.NCR2..HNN.D.IT-1998-0063.ACC.MP.ASC,confirmatory,3,nominal,true,1,1,0.050000000000000003,1,24681357,canonical-shear-friction-v0.8.1
0775985bce85074c1b6ce52c6e7c7016781fca04e9dc745f93617272cc705f60,ESM,IT-1998-0063,IT.NCR2..HNN.D.IT-1998-0063.ACC.MP.ASC,confirmatory,3,lhs-1,false,1.055345003920092,0.91186441049273859,0.058766975947465362,1.0991779467262428,24681357,canonical-shear-friction-v0.8.1
f73328a4e8a73849cddd3341f42db155da1bc5d37133822001cbaed1246d095d,ESM,IT-1998-0063,IT.NCR2..HNN.D.IT-1998-0063.ACC.MP.ASC,confirmatory,3,lhs-2,false,0.93530801801650687,0.953478937041492,0.050077687460435838,0.94748395915337158,24681357,canonical-shear-friction-v0.8.1
3991946ec2ba78d783fc04e458d5d095490fdb225325d6562188c65e5d8eb3af,ESM,IT-1998-0063,IT.NCR2..HNN.D.IT-1998-0063.ACC.MP.ASC,confirmatory,3,lhs-3,false,0.98012715606141543,1.0955005541028737,0.043992240427104604,1.0147451705015114,24681357,canonical-shear-friction-v0.8.1
c7d47f39f6cf2627f0d3d48be37be02c512f913ae9613459065ddff0342fe03d,ESM,IT-1998-0063,IT.NCR2..HNN.D.IT-1998-0063.ACC.MP.ASC,confirmatory,6,nominal,true,1,1,0.050000000000000003,1,24681357,canonical-shear-friction-v0.8.1
635479abd10f8da181b9246be4402faf0fabbb54d8568531f37ec6a2d3734ec2,ESM,IT-1998-0063,IT.NCR2..HNN.D.IT-1998-0063.ACC.MP.ASC,confirmatory,6,lhs-1,false,1.055345003920092,0.91186441049273859,0.058766975947465362,1.0991779467262428,24681357,canonical-shear-friction-v0.8.1
dc07b9d20e6b357d7161fee9de8841e79570763b8e77b40ed375bdec07189840,ESM,IT-1998-0063,IT.NCR2..HNN.D.IT-1998-0063.ACC.MP.ASC,confirmatory,6,lhs-2,false,0.93530801801650687,0.953478937041492,0.050077687460435838,0.94748395915337158,24681357,canonical-shear-friction-v0.8.1
73b4ba7156c2a08f313fea167eff656f12fe1ea1fa2aa0ffae4b442e45fde4d0,ESM,IT-1998-0063,IT.NCR2..HNN.D.IT-1998-0063.ACC.MP.ASC,confirmatory,6,lhs-3,false,0.98012715606141543,1.0955005541028737,0.043992240427104604,1.0147451705015114,24681357,canonical-shear-friction-v0.8.1
1e7f7603335ad1050f97765ef4c1dfe9b34c7eea27c6b56e757fba85110a05ed,ESM,IT-1998-0063,IT.NCR2..HNN.D.IT-1998-0063.ACC.MP.ASC,confirmatory,10,nominal,true,1,1,0.050000000000000003,1,24681357,canonical-shear-friction-v0.8.1
539a746d1c6a18be94e4f17de1a3babcd41c76490098a2b014647f7dac1d243e,ESM,IT-1998-0063,IT.NCR2..HNN.D.IT-1998-0063.ACC.MP.ASC,confirmatory,10,lhs-1,false,1.055345003920092,0.91186441049273859,0.058766975947465362,1.0991779467262428,24681357,canonical-shear-friction-v0.8.1
ca6b98b76532a5d8b403788cc53c3b0e66fb62119a94043b43e6fcea0c0879e7,ESM,IT-1998-0063,IT.NCR2..HNN.D.IT-1998-0063.ACC.MP.ASC,confirmatory,10,lhs-2,false,0.93530801801650687,0.953478937041492,0.050077687460435838,0.94748395915337158,24681357,canonical-shear-friction-v0.8.1
097bc155abed7784ee580bce51881e0a9f6e7f4d4a9683fc5c8049142525b18b,ESM,IT-1998-0063,IT.NCR2..HNN.D.IT-1998-0063.ACC.MP.ASC,confirmatory,10,lhs-3,false,0.98012715606141543,1.0955005541028737,0.043992240427104604,1.0147451705015114,24681357,canonical-shear-friction-v0.8.1
9cc97ee9df7f5899af52be1aad9f75509f446ecc52097c4ea27f76929e096e0d,ESM,IT-1998-0063,IT.NCR2..HNN.D.IT-1998-0063.ACC.MP.ASC,confirmatory,20,nominal,true,1,1,0.050000000000000003,1,24681357,canonical-shear-friction-v0.8.1
98cf044cefaf70431cd5e35c1dd871b06f5d945fc9d97dea7eff40f5d6198604,ESM,IT-1998-0063,IT.NCR2..HNN.D.IT-1998-0063.ACC.MP.ASC,confirmatory,20,lhs-1,false,1.055345003920092,0.91186441049273859,0.058766975947465362,1.0991779467262428,24681357,canonical-shear-friction-v0.8.1
b0e15a95535425884a687b5b46a05d18289641163bb63949d3edd43b43496f0a,ESM,IT-1998-0063,IT.NCR2..HNN.D.IT-1998-0063.ACC.MP.ASC,confirmatory,20,lhs-2,false,0.93530801801650687,0.953478937041492,0.050077687460435838,0.94748395915337158,24681357,canonical-shear-friction-v0.8.1
dd24733b7399c94f56f300febb6fb427efadfabe9bfe835f8095f1d0d14beb93,ESM,IT-1998-0063,IT.NCR2..HNN.D.IT-1998-0063.ACC.MP.ASC,confirmatory,20,lhs-3,false,0.98012715606141543,1.0955005541028737,0.043992240427104604,1.0147451705015114,24681357,canonical-shear-friction-v0.8.1
49db9ad6b8033aea51cdce9e15aba88c98d505706729b633f93fced489c7f2e6,ESM,IT-1997-0062,IT.NCR..HNE.D.IT-1997-0062.ACC.MP.ASC,confirmatory,3,nominal,true,1,1,0.050000000000000003,1,24681357,canonical-shear-friction-v0.8.1
f1a3f2ac9a731b1e81d91c1368b725a2ffa43b1804d0b9acca405a2c716fef7c,ESM,IT-1997-0062,IT.NCR..HNE.D.IT-1997-0062.ACC.MP.ASC,confirmatory,3,lhs-1,false,1.055345003920092,0.91186441049273859,0.058766975947465362,1.0991779467262428,24681357,canonical-shear-friction-v0.8.1
028bf5bb48323e051c428666314b8a9b53bf5ef7763cee06431a252e97f57c79,ESM,IT-1997-0062,IT.NCR..HNE.D.IT-1997-0062.ACC.MP.ASC,confirmatory,3,lhs-2,false,0.93530801801650687,0.953478937041492,0.050077687460435838,0.94748395915337158,24681357,canonical-shear-friction-v0.8.1
9c30b78978dc2014e472e296c5de692e91fdfa9180a1d23568d0280e4917b99c,ESM,IT-1997-0062,IT.NCR..HNE.D.IT-1997-0062.ACC.MP.ASC,confirmatory,3,lhs-3,false,0.98012715606141543,1.0955005541028737,0.043992240427104604,1.0147451705015114,24681357,canonical-shear-friction-v0.8.1
b3cba56819acdef8ad3df84a4d5ae5fd0bb62ecd3d2be2395d533e7800a61dff,ESM,IT-1997-0062,IT.NCR..HNE.D.IT-1997-0062.ACC.MP.ASC,confirmatory,6,nominal,true,1,1,0.050000000000000003,1,24681357,canonical-shear-friction-v0.8.1
3273a6e16c5a4b03379975faa42355c556a405fa1b0d51ad741d0b484889560c,ESM,IT-1997-0062,IT.NCR..HNE.D.IT-1997-0062.ACC.MP.ASC,confirmatory,6,lhs-1,false,1.055345003920092,0.91186441049273859,0.058766975947465362,1.0991779467262428,24681357,canonical-shear-friction-v0.8.1
c0d35b0b9f9da01f3883ac7411d600efc168912ea488a59e19d024517aadcf83,ESM,IT-1997-0062,IT.NCR..HNE.D.IT-1997-0062.ACC.MP.ASC,confirmatory,6,lhs-2,false,0.93530801801650687,0.953478937041492,0.050077687460435838,0.94748395915337158,24681357,canonical-shear-friction-v0.8.1
291b6031a113518cc8c4e8ae550f66c76a6da02fd5f18f0505e4641cfae3b03e,ESM,IT-1997-0062,IT.NCR..HNE.D.IT-1997-0062.ACC.MP.ASC,confirmatory,6,lhs-3,false,0.98012715606141543,1.0955005541028737,0.043992240427104604,1.0147451705015114,24681357,canonical-shear-friction-v0.8.1
aded59693c5f8ee31f870170260ccaede3478bf281083b48313442b9e8dab979,ESM,IT-1997-0062,IT.NCR..HNE.D.IT-1997-0062.ACC.MP.ASC,confirmatory,10,nominal,true,1,1,0.050000000000000003,1,24681357,canonical-shear-friction-v0.8.1
b49398469fbcdb4495fe505cee791677192b7764b6d73ac457fd65fe09cda5c8,ESM,IT-1997-0062,IT.NCR..HNE.D.IT-1997-0062.ACC.MP.ASC,confirmatory,10,lhs-1,false,1.055345003920092,0.91186441049273859,0.058766975947465362,1.0991779467262428,24681357,canonical-shear-friction-v0.8.1
a4a486077083efe08d3d7c9ad984486a45df04b5458a4e3d042a765de1c37376,ESM,IT-1997-0062,IT.NCR..HNE.D.IT-1997-0062.ACC.MP.ASC,confirmatory,10,lhs-2,false,0.93530801801650687,0.953478937041492,0.050077687460435838,0.94748395915337158,24681357,canonical-shear-friction-v0.8.1
b259843d8d643ee835c13b28b2410b8306da5a48c5829845f125a3fdd2d4af2b,ESM,IT-1997-0062,IT.NCR..HNE.D.IT-1997-0062.ACC.MP.ASC,confirmatory,10,lhs-3,false,0.98012715606141543,1.0955005541028737,0.043992240427104604,1.0147451705015114,24681357,canonical-shear-friction-v0.8.1
8ccd213d028e7e872145e663d94715c566a3ebaa84303fad05886771fd7dcc36,ESM,IT-1997-0062,IT.NCR..HNE.D.IT-1997-0062.ACC.MP.ASC,confirmatory,20,nominal,true,1,1,0.050000000000000003,1,24681357,canonical-shear-friction-v0.8.1
d60079770d37d5c798d5fd2e9e9d35b5d07b42288b5dac66e2131187080174ab,ESM,IT-1997-0062,IT.NCR..HNE.D.IT-1997-0062.ACC.MP.ASC,confirmatory,20,lhs-1,false,1.055345003920092,0.91186441049273859,0.058766975947465362,1.0991779467262428,24681357,canonical-shear-friction-v0.8.1
4a34dc66d33f4e2e5609a6c9af4c0a78f5c2b73e93125fc0c394aefd12a09bed,ESM,IT-1997-0062,IT.NCR..HNE.D.IT-1997-0062.ACC.MP.ASC,confirmatory,20,lhs-2,false,0.93530801801650687,0.953478937041492,0.050077687460435838,0.94748395915337158,24681357,canonical-shear-friction-v0.8.1
cc094c339d514cd413faec7a72f8739d75d5b5046d6102aba7293e1bb2b5f193,ESM,IT-1997-0062,IT.NCR..HNE.D.IT-1997-0062.ACC.MP.ASC,confirmatory,20,lhs-3,false,0.98012715606141543,1.0955005541028737,0.043992240427104604,1.0147451705015114,24681357,canonical-shear-friction-v0.8.1
10ab8c88dd989698826ec95b42423dfde0600ed8ed9b5e8df7a2afb07f1c92d9,ESM,IT-1997-0062,IT.NCR2..HNE.D.IT-1997-0062.ACC.MP.ASC,confirmatory,3,nominal,true,1,1,0.050000000000000003,1,24681357,canonical-shear-friction-v0.8.1
69d1b8c4bbb0671ae9646681d1dac45ccc4b7dbad25d43a21a40be98088861b7,ESM,IT-1997-0062,IT.NCR2..HNE.D.IT-1997-0062.ACC.MP.ASC,confirmatory,3,lhs-1,false,1.055345003920092,0.91186441049273859,0.058766975947465362,1.0991779467262428,24681357,canonical-shear-friction-v0.8.1
70d86c91085c16d19f609f40cfe0f46c6c541985ee7ab05ff84a452e94b4fc98,ESM,IT-1997-0062,IT.NCR2..HNE.D.IT-1997-0062.ACC.MP.ASC,confirmatory,3,lhs-2,false,0.93530801801650687,0.953478937041492,0.050077687460435838,0.94748395915337158,24681357,canonical-shear-friction-v0.8.1
20a644eacf602a8d9709a1f0b19415a1b35b64bb825307822fed1f7506de60e0,ESM,IT-1997-0062,IT.NCR2..HNE.D.IT-1997-0062.ACC.MP.ASC,confirmatory,3,lhs-3,false,0.98012715606141543,1.0955005541028737,0.043992240427104604,1.0147451705015114,24681357,canonical-shear-friction-v0.8.1
300c98e70e616551296e03d31796524011723a84d4fc206bf4f093aefdc289dc,ESM,IT-1997-0062,IT.NCR2..HNE.D.IT-1997-0062.ACC.MP.ASC,confirmatory,6,nominal,true,1,1,0.050000000000000003,1,24681357,canonical-shear-friction-v0.8.1
d86ea858dc6729424fb1033e5103dde5e62a72bc7e577b54dd91a89b0adda902,ESM,IT-1997-0062,IT.NCR2..HNE.D.IT-1997-0062.ACC.MP.ASC,confirmatory,6,lhs-1,false,1.055345003920092,0.91186441049273859,0.058766975947465362,1.0991779467262428,24681357,canonical-shear-friction-v0.8.1
78886b55fc61b404926930cc3fdd314c28216900bba97176b712ba4ac9062464,ESM,IT-1997-0062,IT.NCR2..HNE.D.IT-1997-0062.ACC.MP.ASC,confirmatory,6,lhs-2,false,0.93530801801650687,0.953478937041492,0.050077687460435838,0.94748395915337158,24681357,canonical-shear-friction-v0.8.1
bb9c72058cb1dff8de6be15013bfd12292c3773648a93adcf55e0fbb2f357418,ESM,IT-1997-0062,IT.NCR2..HNE.D.IT-1997-0062.ACC.MP.ASC,confirmatory,6,lhs-3,false,0.98012715606141543,1.0955005541028737,0.043992240427104604,1.0147451705015114,24681357,canonical-shear-friction-v0.8.1
851fde043fb783dc51c624bc4ea223eab660495aaad45b5b4d1fc3afcc72962c,ESM,IT-1997-0062,IT.NCR2..HNE.D.IT-1997-0062.ACC.MP.ASC,confirmatory,10,nominal,true,1,1,0.050000000000000003,1,24681357,canonical-shear-friction-v0.8.1
8274de7390164c12b2572240bc0754706577d9623e830098c2bdebdf065c1efb,ESM,IT-1997-0062,IT.NCR2..HNE.D.IT-1997-0062.ACC.MP.ASC,confirmatory,10,lhs-1,false,1.055345003920092,0.91186441049273859,0.058766975947465362,1.0991779467262428,24681357,canonical-shear-friction-v0.8.1
bca77ac71660823773bd329ccddcd5e466b9c6994f357b26fb34ca61f0840c00,ESM,IT-1997-0062,IT.NCR2..HNE.D.IT-1997-0062.ACC.MP.ASC,confirmatory,10,lhs-2,false,0.93530801801650687,0.953478937041492,0.050077687460435838,0.94748395915337158,24681357,canonical-shear-friction-v0.8.1
06ec2c6ea982cf38aba3348cb16e68277433bc527c77391815208813a7650b69,ESM,IT-1997-0062,IT.NCR2..HNE.D.IT-1997-0062.ACC.MP.ASC,confirmatory,10,lhs-3,false,0.98012715606141543,1.0955005541028737,0.043992240427104604,1.0147451705015114,24681357,canonical-shear-friction-v0.8.1
07c610754597ed6d0b054c7629f640e82b2af516678be549ade2bbca5daa0ea2,ESM,IT-1997-0062,IT.NCR2..HNE.D.IT-1997-0062.ACC.MP.ASC,confirmatory,20,nominal,true,1,1,0.050000000000000003,1,24681357,canonical-shear-friction-v0.8.1
ed438f72271454bd2700fbff7bcf8f7e3162b15f3772e6efb5bc949a98885522,ESM,IT-1997-0062,IT.NCR2..HNE.D.IT-1997-0062.ACC.MP.ASC,confirmatory,20,lhs-1,false,1.055345003920092,0.91186441049273859,0.058766975947465362,1.0991779467262428,24681357,canonical-shear-friction-v0.8.1
75b4eef4c0000c3883f243f5d7ae077bf275c4d73f1708dc54f906f7f30b4c80,ESM,IT-1997-0062,IT.NCR2..HNE.D.IT-1997-0062.ACC.MP.ASC,confirmatory,20,lhs-2,false,0.93530801801650687,0.953478937041492,0.050077687460435838,0.94748395915337158,24681357,canonical-shear-friction-v0.8.1
dae798ad04608e4133d5e78babc4238a66937b501c51d7bf189a9d2ddb811e43,ESM,IT-1997-0062,IT.NCR2..HNE.D.IT-1997-0062.ACC.MP.ASC,confirmatory,20,lhs-3,false,0.98012715606141543,1.0955005541028737,0.043992240427104604,1.0147451705015114,24681357,canonical-shear-friction-v0.8.1
983a75ff4d90a7385900ed6017922d09042a0c6233bf4805461869e171742308,ESM,IT-1997-0062,IT.CLC..HNN.D.IT-1997-0062.ACC.MP.ASC,confirmatory,3,nominal,true,1,1,0.050000000000000003,1,24681357,canonical-shear-friction-v0.8.1
d571cb3f05784ca699fcd7d571f4478e3b890a3804aeee52041565d7e775ab62,ESM,IT-1997-0062,IT.CLC..HNN.D.IT-1997-0062.ACC.MP.ASC,confirmatory,3,lhs-1,false,1.055345003920092,0.91186441049273859,0.058766975947465362,1.0991779467262428,24681357,canonical-shear-friction-v0.8.1
93e4375d1c3c9c580c8bf786cab49b70180b38a1f42e0ee40f12a8e48b49f676,ESM,IT-1997-0062,IT.CLC..HNN.D.IT-1997-0062.ACC.MP.ASC,confirmatory,3,lhs-2,false,0.93530801801650687,0.953478937041492,0.050077687460435838,0.94748395915337158,24681357,canonical-shear-friction-v0.8.1
cdf7d90f5933370b2b62b2b8ae0598ed494645fffda369f4eba9bcecf510b010,ESM,IT-1997-0062,IT.CLC..HNN.D.IT-1997-0062.ACC.MP.ASC,confirmatory,3,lhs-3,false,0.98012715606141543,1.0955005541028737,0.043992240427104604,1.0147451705015114,24681357,canonical-shear-friction-v0.8.1
49dea0f7e8aa51b8762e43268661d22c882bfc876fc0373483bec4a1370b8ada,ESM,IT-1997-0062,IT.CLC..HNN.D.IT-1997-0062.ACC.MP.ASC,confirmatory,6,nominal,true,1,1,0.050000000000000003,1,24681357,canonical-shear-friction-v0.8.1
d51276f2e7d8c6fc219dec2b2d21a0fb0f560b5ed2aaa6662b493346c2938a25,ESM,IT-1997-0062,IT.CLC..HNN.D.IT-1997-0062.ACC.MP.ASC,confirmatory,6,lhs-1,false,1.055345003920092,0.91186441049273859,0.058766975947465362,1.0991779467262428,24681357,canonical-shear-friction-v0.8.1
a50726f09ddf52e8d1e1267d3de49e1f022a9066854592d308f51e960ea4e084,ESM,IT-1997-0062,IT.CLC..HNN.D.IT-1997-0062.ACC.MP.ASC,confirmatory,6,lhs-2,false,0.93530801801650687,0.953478937041492,0.050077687460435838,0.94748395915337158,24681357,canonical-shear-friction-v0.8.1
d75d25bfbd00ed3acbb7b228e546976a3ff7262a00988e6ff6b37d0d46e2e7ce,ESM,IT-1997-0062,IT.CLC..HNN.D.IT-1997-0062.ACC.MP.ASC,confirmatory,6,lhs-3,false,0.98012715606141543,1.0955005541028737,0.043992240427104604,1.0147451705015114,24681357,canonical-shear-friction-v0.8.1
fc249325e962b49b96ff1cca31bada26598263929e9d52fcd4172b6a5c9ecb23,ESM,IT-1997-0062,IT.CLC..HNN.D.IT-1997-0062.ACC.MP.ASC,confirmatory,10,nominal,true,1,1,0.050000000000000003,1,24681357,canonical-shear-friction-v0.8.1
449c3fb8da626b1564f3bd16592c285d426d301de99a909a6fbdfa4df5520a6d,ESM,IT-1997-0062,IT.CLC..HNN.D.IT-1997-0062.ACC.MP.ASC,confirmatory,10,lhs-1,false,1.055345003920092,0.91186441049273859,0.058766975947465362,1.0991779467262428,24681357,canonical-shear-friction-v0.8.1
97e8ff6bb7c557be4ba517c968cf009e29d84d7ef92416f7e83236135672b66f,ESM,IT-1997-0062,IT.CLC..HNN.D.IT-1997-0062.ACC.MP.ASC,confirmatory,10,lhs-2,false,0.93530801801650687,0.953478937041492,0.050077687460435838,0.94748395915337158,24681357,canonical-shear-friction-v0.8.1
8bfd925d2893201d9fd41f05e5ccc8dcc0c8535f9474a04f7b0d0a776ea36faa,ESM,IT-1997-0062,IT.CLC..HNN.D.IT-1997-0062.ACC.MP.ASC,confirmatory,10,lhs-3,false,0.98012715606141543,1.0955005541028737,0.043992240427104604,1.0147451705015114,24681357,canonical-shear-friction-v0.8.1
b8d2c84c6a42a4036fe56c696f981bf5e5fbe40c8b16c5c1a41643b3d8fcaeca,ESM,IT-1997-0062,IT.CLC..HNN.D.IT-1997-0062.ACC.MP.ASC,confirmatory,20,nominal,true,1,1,0.050000000000000003,1,24681357,canonical-shear-friction-v0.8.1
01fdac4e609d8cb60b88c772b60b2389ede5ed78029c9dd60502dff507653fdf,ESM,IT-1997-0062,IT.CLC..HNN.D.IT-1997-0062.ACC.MP.ASC,confirmatory,20,lhs-1,false,1.055345003920092,0.91186441049273859,0.058766975947465362,1.0991779467262428,24681357,canonical-shear-friction-v0.8.1
ef4c342399273ab6caa4f3ec0f3876d7d2dc91dfb54978336903733f3fc500f9,ESM,IT-1997-0062,IT.CLC..HNN.D.IT-1997-0062.ACC.MP.ASC,confirmatory,20,lhs-2,false,0.93530801801650687,0.953478937041492,0.050077687460435838,0.94748395915337158,24681357,canonical-shear-friction-v0.8.1
e7cd38ada0b93f32819ed2b75999879e96a1cf8a0a738db4927adcf8d72d5988,ESM,IT-1997-0062,IT.CLC..HNN.D.IT-1997-0062.ACC.MP.ASC,confirmatory,20,lhs-3,false,0.98012715606141543,1.0955005541028737,0.043992240427104604,1.0147451705015114,24681357,canonical-shear-friction-v0.8.1
e6803262e25011471ce2073999ca94dac2ce9e24ce084e00523c6a00154f7b1b,ESM,IT-1997-0062,IT.NCB..HNE.D.IT-1997-0062.ACC.MP.ASC,confirmatory,3,nominal,true,1,1,0.050000000000000003,1,24681357,canonical-shear-friction-v0.8.1
6b10d48cfbb0519f17ea3c812e954c511e18342a432d555eb459a38aa30183df,ESM,IT-1997-0062,IT.NCB..HNE.D.IT-1997-0062.ACC.MP.ASC,confirmatory,3,lhs-1,false,1.055345003920092,0.91186441049273859,0.058766975947465362,1.0991779467262428,24681357,canonical-shear-friction-v0.8.1
c09ebad7abedae0cd06ae00466e5d71b5ffff4c76c1682da174b6fbf689a476a,ESM,IT-1997-0062,IT.NCB..HNE.D.IT-1997-0062.ACC.MP.ASC,confirmatory,3,lhs-2,false,0.93530801801650687,0.953478937041492,0.050077687460435838,0.94748395915337158,24681357,canonical-shear-friction-v0.8.1
b553f8c3398f641fda9b296929d04e14be73ba177a46810e134ac5a4983cdf84,ESM,IT-1997-0062,IT.NCB..HNE.D.IT-1997-0062.ACC.MP.ASC,confirmatory,3,lhs-3,false,0.98012715606141543,1.0955005541028737,0.043992240427104604,1.0147451705015114,24681357,canonical-shear-friction-v0.8.1
aad9d229fc8b44aed65f2d7cd6390c399a6c35bf675b1da8ac9fbc4dd117907c,ESM,IT-1997-0062,IT.NCB..HNE.D.IT-1997-0062.ACC.MP.ASC,confirmatory,6,nominal,true,1,1,0.050000000000000003,1,24681357,canonical-shear-friction-v0.8.1
4eebd045aaa98b3fa9b65aa35c8044b8907e4263ebaeb484604bc65373206573,ESM,IT-1997-0062,IT.NCB..HNE.D.IT-1997-0062.ACC.MP.ASC,confirmatory,6,lhs-1,false,1.055345003920092,0.91186441049273859,0.058766975947465362,1.0991779467262428,24681357,canonical-shear-friction-v0.8.1
a796906eb411e595e0bcf5a4e947f0bec1a011380a8623bdb2165cc7242a997c,ESM,IT-1997-0062,IT.NCB..HNE.D.IT-1997-0062.ACC.MP.ASC,confirmatory,6,lhs-2,false,0.93530801801650687,0.953478937041492,0.050077687460435838,0.94748395915337158,24681357,canonical-shear-friction-v0.8.1
fa878415101d1f6b5c3228ac06449852c1af32b3edb207f325a6be09532f321b,ESM,IT-1997-0062,IT.NCB..HNE.D.IT-1997-0062.ACC.MP.ASC,confirmatory,6,lhs-3,false,0.98012715606141543,1.0955005541028737,0.043992240427104604,1.0147451705015114,24681357,canonical-shear-friction-v0.8.1
cdfc2de6def0d5f3f6cfc4167bf4ade368cd9fde521c1eb73dd5c2cb13b93dee,ESM,IT-1997-0062,IT.NCB..HNE.D.IT-1997-0062.ACC.MP.ASC,confirmatory,10,nominal,true,1,1,0.050000000000000003,1,24681357,canonical-shear-friction-v0.8.1
be65ac82863e52b4a136e4ef8ab26c5270acc3eac484bc217f975b215411d43b,ESM,IT-1997-0062,IT.NCB..HNE.D.IT-1997-0062.ACC.MP.ASC,confirmatory,10,lhs-1,false,1.055345003920092,0.91186441049273859,0.058766975947465362,1.0991779467262428,24681357,canonical-shear-friction-v0.8.1
79dd096ea799a921834f382a586d969a521d445457e7a488e789773fe679c10c,ESM,IT-1997-0062,IT.NCB..HNE.D.IT-1997-0062.ACC.MP.ASC,confirmatory,10,lhs-2,false,0.93530801801650687,0.953478937041492,0.050077687460435838,0.94748395915337158,24681357,canonical-shear-friction-v0.8.1
65bbc36a9d95b6c754473e41793adcb37fc5f536ece69a9797c46c03036ec862,ESM,IT-1997-0062,IT.NCB..HNE.D.IT-1997-0062.ACC.MP.ASC,confirmatory,10,lhs-3,false,0.98012715606141543,1.0955005541028737,0.043992240427104604,1.0147451705015114,24681357,canonical-shear-friction-v0.8.1
8e7e517260547487938e35c2cceb8df6cb594f271a7f33752017d9fa81b3bcee,ESM,IT-1997-0062,IT.NCB..HNE.D.IT-1997-0062.ACC.MP.ASC,confirmatory,20,nominal,true,1,1,0.050000000000000003,1,24681357,canonical-shear-friction-v0.8.1
002e7e11b4683e84cfb47b0e6f46c055b3d295511f2bc812361a60cb27c06a2a,ESM,IT-1997-0062,IT.NCB..HNE.D.IT-1997-0062.ACC.MP.ASC,confirmatory,20,lhs-1,false,1.055345003920092,0.91186441049273859,0.058766975947465362,1.0991779467262428,24681357,canonical-shear-friction-v0.8.1
0703ef34150fec6f6556be52b128c14021477aaddf405368f15fd719b8e2b01f,ESM,IT-1997-0062,IT.NCB..HNE.D.IT-1997-0062.ACC.MP.ASC,confirmatory,20,lhs-2,false,0.93530801801650687,0.953478937041492,0.050077687460435838,0.94748395915337158,24681357,canonical-shear-friction-v0.8.1
4b2445e6c04d5a8126037a8ab399f8a4bd839140a4fb36dc4a8102fd27f3978e,ESM,IT-1997-0062,IT.NCB..HNE.D.IT-1997-0062.ACC.MP.ASC,confirmatory,20,lhs-3,false,0.98012715606141543,1.0955005541028737,0.043992240427104604,1.0147451705015114,24681357,canonical-shear-friction-v0.8.1
961c8bc9d65a3706462153dc5c633378218475625bd45e0937db78511aaea249,ESM,IT-2009-0009,MN.AQU..HLN.D.IT-2009-0009.ACC.MP.ASC,confirmatory,3,nominal,true,1,1,0.050000000000000003,1,24681357,canonical-shear-friction-v0.8.1
f17051608a076cfb7e6e25fc42f53bf3f613b26e5f0fb49b05280423a1f244f0,ESM,IT-2009-0009,MN.AQU..HLN.D.IT-2009-0009.ACC.MP.ASC,confirmatory,3,lhs-1,false,1.055345003920092,0.91186441049273859,0.058766975947465362,1.0991779467262428,24681357,canonical-shear-friction-v0.8.1
2375ecbe17e416ff7b0321cad2fecdbd2e510874573015eeaf9fe8e35f99c733,ESM,IT-2009-0009,MN.AQU..HLN.D.IT-2009-0009.ACC.MP.ASC,confirmatory,3,lhs-2,false,0.93530801801650687,0.953478937041492,0.050077687460435838,0.94748395915337158,24681357,canonical-shear-friction-v0.8.1
d4c5b68133d160101710f701638e454ebe39733bf5194a90da450611e00e3b01,ESM,IT-2009-0009,MN.AQU..HLN.D.IT-2009-0009.ACC.MP.ASC,confirmatory,3,lhs-3,false,0.98012715606141543,1.0955005541028737,0.043992240427104604,1.0147451705015114,24681357,canonical-shear-friction-v0.8.1
b1197f54ed7dea4303ca3d3d08716b438cc95b503ae8aa120266cc32bfb84a5e,ESM,IT-2009-0009,MN.AQU..HLN.D.IT-2009-0009.ACC.MP.ASC,confirmatory,6,nominal,true,1,1,0.050000000000000003,1,24681357,canonical-shear-friction-v0.8.1
e7990bc8235fdaffa4e24209af092ebab2bbd3588018a3bf9498d5c8e93b1216,ESM,IT-2009-0009,MN.AQU..HLN.D.IT-2009-0009.ACC.MP.ASC,confirmatory,6,lhs-1,false,1.055345003920092,0.91186441049273859,0.058766975947465362,1.0991779467262428,24681357,canonical-shear-friction-v0.8.1
1b29245d6557fff1c53738385ace24e432f1d8e19460f5883431d4d6356326d7,ESM,IT-2009-0009,MN.AQU..HLN.D.IT-2009-0009.ACC.MP.ASC,confirmatory,6,lhs-2,false,0.93530801801650687,0.953478937041492,0.050077687460435838,0.94748395915337158,24681357,canonical-shear-friction-v0.8.1
b2694d5c1b8bc53bdb34bbbd95924430549118aa20b738d3889b6cc5e3445e3f,ESM,IT-2009-0009,MN.AQU..HLN.D.IT-2009-0009.ACC.MP.ASC,confirmatory,6,lhs-3,false,0.98012715606141543,1.0955005541028737,0.043992240427104604,1.0147451705015114,24681357,canonical-shear-friction-v0.8.1
a395dfe21fb96b28c0bfff66596a74651d49379c81ada95c9387de88172f23b8,ESM,IT-2009-0009,MN.AQU..HLN.D.IT-2009-0009.ACC.MP.ASC,confirmatory,10,nominal,true,1,1,0.050000000000000003,1,24681357,canonical-shear-friction-v0.8.1
a35a12ff88952d2f7db88f05d09075b2ba8a1689d6cb7266e35be3e7e7b05ae8,ESM,IT-2009-0009,MN.AQU..HLN.D.IT-2009-0009.ACC.MP.ASC,confirmatory,10,lhs-1,false,1.055345003920092,0.91186441049273859,0.058766975947465362,1.0991779467262428,24681357,canonical-shear-friction-v0.8.1
15c1f354b2fca5473eb9bc23b03ac383fd6f633fb26c60269264c42f2d3da682,ESM,IT-2009-0009,MN.AQU..HLN.D.IT-2009-0009.ACC.MP.ASC,confirmatory,10,lhs-2,false,0.93530801801650687,0.953478937041492,0.050077687460435838,0.94748395915337158,24681357,canonical-shear-friction-v0.8.1
a00b154c93dde65dc56a66f03a9af17a6612d376cc3ca9a854158e0f92be501d,ESM,IT-2009-0009,MN.AQU..HLN.D.IT-2009-0009.ACC.MP.ASC,confirmatory,10,lhs-3,false,0.98012715606141543,1.0955005541028737,0.043992240427104604,1.0147451705015114,24681357,canonical-shear-friction-v0.8.1
798a03dc603217c2127a869c2334aac8d82b16f7ee367e08c47164c1663ce1ae,ESM,IT-2009-0009,MN.AQU..HLN.D.IT-2009-0009.ACC.MP.ASC,confirmatory,20,nominal,true,1,1,0.050000000000000003,1,24681357,canonical-shear-friction-v0.8.1
b303f2133a565925dccaaa32fde57f519c72908db4f8a7bb346771d685f05479,ESM,IT-2009-0009,MN.AQU..HLN.D.IT-2009-0009.ACC.MP.ASC,confirmatory,20,lhs-1,false,1.055345003920092,0.91186441049273859,0.058766975947465362,1.0991779467262428,24681357,canonical-shear-friction-v0.8.1
4f1acc5f5bb9010619c85a0b9efe9a9af9b9c7d68a590d353d88e745b8254aa1,ESM,IT-2009-0009,MN.AQU..HLN.D.IT-2009-0009.ACC.MP.ASC,confirmatory,20,lhs-2,false,0.93530801801650687,0.953478937041492,0.050077687460435838,0.94748395915337158,24681357,canonical-shear-friction-v0.8.1
e259d5a14e968e54151f1d8ef62a547d4c485db358a6dfca942753f32ca49b52,ESM,IT-2009-0009,MN.AQU..HLN.D.IT-2009-0009.ACC.MP.ASC,confirmatory,20,lhs-3,false,0.98012715606141543,1.0955005541028737,0.043992240427104604,1.0147451705015114,24681357,canonical-shear-friction-v0.8.1
93315ba1e87feb54f0cc4c0461249b4fb2f3f0c81479468a243f58aea010850d,ESM,IT-2009-0009,IT.AQG..HNE.D.IT-2009-0009.ACC.MP.ASC,confirmatory,3,nominal,true,1,1,0.050000000000000003,1,24681357,canonical-shear-friction-v0.8.1
e5dd32111fd9c8e724245597df6b25a9e2f6c34f9f9e7731faa8be038ca5de9c,ESM,IT-2009-0009,IT.AQG..HNE.D.IT-2009-0009.ACC.MP.ASC,confirmatory,3,lhs-1,false,1.055345003920092,0.91186441049273859,0.058766975947465362,1.0991779467262428,24681357,canonical-shear-friction-v0.8.1
a05e735fced2435bf555984f9b94276b272b9859589f8cc5d8a3aff0c0b7960f,ESM,IT-2009-0009,IT.AQG..HNE.D.IT-2009-0009.ACC.MP.ASC,confirmatory,3,lhs-2,false,0.93530801801650687,0.953478937041492,0.050077687460435838,0.94748395915337158,24681357,canonical-shear-friction-v0.8.1
7a39a3c3239b5989922fcc512063ef2635392238a54836b2c2a58ae92d422982,ESM,IT-2009-0009,IT.AQG..HNE.D.IT-2009-0009.ACC.MP.ASC,confirmatory,3,lhs-3,false,0.98012715606141543,1.0955005541028737,0.043992240427104604,1.0147451705015114,24681357,canonical-shear-friction-v0.8.1
77c085de734e80a50c0e2b5c5fb7fd3318c4f48a5d57c99f4335509e52025659,ESM,IT-2009-0009,IT.AQG..HNE.D.IT-2009-0009.ACC.MP.ASC,confirmatory,6,nominal,true,1,1,0.050000000000000003,1,24681357,canonical-shear-friction-v0.8.1
55990ae7083d0dae8daaca09f480dda8be253d2d1e391663baaa638cdd708f16,ESM,IT-2009-0009,IT.AQG..HNE.D.IT-2009-0009.ACC.MP.ASC,confirmatory,6,lhs-1,false,1.055345003920092,0.91186441049273859,0.058766975947465362,1.0991779467262428,24681357,canonical-shear-friction-v0.8.1
109fc54f21a619c1b14150c44a003de1115d5536dcc46aa6169be46c55cf0bff,ESM,IT-2009-0009,IT.AQG..HNE.D.IT-2009-0009.ACC.MP.ASC,confirmatory,6,lhs-2,false,0.93530801801650687,0.953478937041492,0.050077687460435838,0.94748395915337158,24681357,canonical-shear-friction-v0.8.1
51d577178b98080f29de1ece7775f96cc9af41f1e0f698985d87febc1f612c77,ESM,IT-2009-0009,IT.AQG..HNE.D.IT-2009-0009.ACC.MP.ASC,confirmatory,6,lhs-3,false,0.98012715606141543,1.0955005541028737,0.043992240427104604,1.0147451705015114,24681357,canonical-shear-friction-v0.8.1
1b7b28927166af40e8b8d219ac8306687499e7fd0e17c6e81c90a381eb43ccf5,ESM,IT-2009-0009,IT.AQG..HNE.D.IT-2009-0009.ACC.MP.ASC,confirmatory,10,nominal,true,1,1,0.050000000000000003,1,24681357,canonical-shear-friction-v0.8.1
369d320fdca7ae884c9eed756b55861d4ce0ffd797e0c4f4905dc8181b1035c5,ESM,IT-2009-0009,IT.AQG..HNE.D.IT-2009-0009.ACC.MP.ASC,confirmatory,10,lhs-1,false,1.055345003920092,0.91186441049273859,0.058766975947465362,1.0991779467262428,24681357,canonical-shear-friction-v0.8.1
b3e97adef39f17174e7dba20e53f477e437f32dd2caaafdb047f0bd2740b3838,ESM,IT-2009-0009,IT.AQG..HNE.D.IT-2009-0009.ACC.MP.ASC,confirmatory,10,lhs-2,false,0.93530801801650687,0.953478937041492,0.050077687460435838,0.94748395915337158,24681357,canonical-shear-friction-v0.8.1
87d77ed77aa199dcedefb63236f9c37f674259832451f2e2b68b597edc89eb1f,ESM,IT-2009-0009,IT.AQG..HNE.D.IT-2009-0009.ACC.MP.ASC,confirmatory,10,lhs-3,false,0.98012715606141543,1.0955005541028737,0.043992240427104604,1.0147451705015114,24681357,canonical-shear-friction-v0.8.1
cb7b2aee7979bb2be929c84b4f8f10aeacbd47d4bf8c5a795666812b5d4045f5,ESM,IT-2009-0009,IT.AQG..HNE.D.IT-2009-0009.ACC.MP.ASC,confirmatory,20,nominal,true,1,1,0.050000000000000003,1,24681357,canonical-shear-friction-v0.8.1
f84a1d7a7d32c876cdd624f8e33a57ec6973701804e922c2c77612428173c75d,ESM,IT-2009-0009,IT.AQG..HNE.D.IT-2009-0009.ACC.MP.ASC,confirmatory,20,lhs-1,false,1.055345003920092,0.91186441049273859,0.058766975947465362,1.0991779467262428,24681357,canonical-shear-friction-v0.8.1
67450c2f808642ab5f409676985ff156f1bb2bb3117738997b79f0f538e15ca3,ESM,IT-2009-0009,IT.AQG..HNE.D.IT-2009-0009.ACC.MP.ASC,confirmatory,20,lhs-2,false,0.93530801801650687,0.953478937041492,0.050077687460435838,0.94748395915337158,24681357,canonical-shear-friction-v0.8.1
35b95bf34a15af2bb197c41affd7a16ff1f3cdb28f011fd0c357b45ce2f84502,ESM,IT-2009-0009,IT.AQG..HNE.D.IT-2009-0009.ACC.MP.ASC,confirmatory,20,lhs-3,false,0.98012715606141543,1.0955005541028737,0.043992240427104604,1.0147451705015114,24681357,canonical-shear-friction-v0.8.1
3cb3a9e8721a5e62e1ac0124dd9946ebdcc43c6e5be825a64cfe7513dfa34d15,ESM,IT-2009-0009,IT.AQK..HNN.D.IT-2009-0009.ACC.MP.ASC,confirmatory,3,nominal,true,1,1,0.050000000000000003,1,24681357,canonical-shear-friction-v0.8.1
d4dac4ec1edd4bfb8087f11bdde8119bbe2d36d9a4ac5fb66b828dbe34eda443,ESM,IT-2009-0009,IT.AQK..HNN.D.IT-2009-0009.ACC.MP.ASC,confirmatory,3,lhs-1,false,1.055345003920092,0.91186441049273859,0.058766975947465362,1.0991779467262428,24681357,canonical-shear-friction-v0.8.1
0737b99560e9394db775d9ca361198cf19472c301e68eb7e837c8ab6f0a767f6,ESM,IT-2009-0009,IT.AQK..HNN.D.IT-2009-0009.ACC.MP.ASC,confirmatory,3,lhs-2,false,0.93530801801650687,0.953478937041492,0.050077687460435838,0.94748395915337158,24681357,canonical-shear-friction-v0.8.1
5d6d052517b8cf263c2bafc43d608d5495079ede8999ad4f9803fc5f3bf5d0e4,ESM,IT-2009-0009,IT.AQK..HNN.D.IT-2009-0009.ACC.MP.ASC,confirmatory,3,lhs-3,false,0.98012715606141543,1.0955005541028737,0.043992240427104604,1.0147451705015114,24681357,canonical-shear-friction-v0.8.1
d5fc2621a705859c27e4aa67fcdf422093547544c5d3915012077f328ae9e08f,ESM,IT-2009-0009,IT.AQK..HNN.D.IT-2009-0009.ACC.MP.ASC,confirmatory,6,nominal,true,1,1,0.050000000000000003,1,24681357,canonical-shear-friction-v0.8.1
235f6cca529c6635a60d1cfc463daad3e4eb39dd7db95e581410e34e6186098c,ESM,IT-2009-0009,IT.AQK..HNN.D.IT-2009-0009.ACC.MP.ASC,confirmatory,6,lhs-1,false,1.055345003920092,0.91186441049273859,0.058766975947465362,1.0991779467262428,24681357,canonical-shear-friction-v0.8.1
6dc024033bae6660d58d68287bd5490200393e184b65c55cd632a84331ffe522,ESM,IT-2009-0009,IT.AQK..HNN.D.IT-2009-0009.ACC.MP.ASC,confirmatory,6,lhs-2,false,0.93530801801650687,0.953478937041492,0.050077687460435838,0.94748395915337158,24681357,canonical-shear-friction-v0.8.1
4026574977bcf2739f714f42af9ad493ace8717fd0576e8a59ed7908105edf1d,ESM,IT-2009-0009,IT.AQK..HNN.D.IT-2009-0009.ACC.MP.ASC,confirmatory,6,lhs-3,false,0.98012715606141543,1.0955005541028737,0.043992240427104604,1.0147451705015114,24681357,canonical-shear-friction-v0.8.1
d16e303e68b36b845108134cc18b2f4c67bee03df00587e00effe35d5e14b964,ESM,IT-2009-0009,IT.AQK..HNN.D.IT-2009-0009.ACC.MP.ASC,confirmatory,10,nominal,true,1,1,0.050000000000000003,1,24681357,canonical-shear-friction-v0.8.1
61eaac3987734ed0993153086a988e40aea9a65450e660dffb999e70affe4d30,ESM,IT-2009-0009,IT.AQK..HNN.D.IT-2009-0009.ACC.MP.ASC,confirmatory,10,lhs-1,false,1.055345003920092,0.91186441049273859,0.058766975947465362,1.0991779467262428,24681357,canonical-shear-friction-v0.8.1
0e598a7309205d7f2932b5f97da727ed492d4bc6442d54a9876be681ce01c3e4,ESM,IT-2009-0009,IT.AQK..HNN.D.IT-2009-0009.ACC.MP.ASC,confirmatory,10,lhs-2,false,0.93530801801650687,0.953478937041492,0.050077687460435838,0.94748395915337158,24681357,canonical-shear-friction-v0.8.1
9eda1186c8213d352f6d539e2006c610ad759cf6e3e133d18c8d03dd52d73671,ESM,IT-2009-0009,IT.AQK..HNN.D.IT-2009-0009.ACC.MP.ASC,confirmatory,10,lhs-3,false,0.98012715606141543,1.0955005541028737,0.043992240427104604,1.0147451705015114,24681357,canonical-shear-friction-v0.8.1
1e0bc09f7c6ef5adfd3f3224e834944565f0a5cb4c47b947ba46eb047b96b0c8,ESM,IT-2009-0009,IT.AQK..HNN.D.IT-2009-0009.ACC.MP.ASC,confirmatory,20,nominal,true,1,1,0.050000000000000003,1,24681357,canonical-shear-friction-v0.8.1
25682df9aef6892f693f97cfbdb0a6fa519b6c2847950df3ecc42bb8495c3ba1,ESM,IT-2009-0009,IT.AQK..HNN.D.IT-2009-0009.ACC.MP.ASC,confirmatory,20,lhs-1,false,1.055345003920092,0.91186441049273859,0.058766975947465362,1.0991779467262428,24681357,canonical-shear-friction-v0.8.1
b93cd74bf8e736c3e6e4a99387015bdd01b8b13953c22b432e37ecbdd2d0773b,ESM,IT-2009-0009,IT.AQK..HNN.D.IT-2009-0009.ACC.MP.ASC,confirmatory,20,lhs-2,false,0.93530801801650687,0.953478937041492,0.050077687460435838,0.94748395915337158,24681357,canonical-shear-friction-v0.8.1
d05ebe8cc742dfb87ec9582d11285b440d468dfb4ec9af83176f44b885db99e5,ESM,IT-2009-0009,IT.AQK..HNN.D.IT-2009-0009.ACC.MP.ASC,confirmatory,20,lhs-3,false,0.98012715606141543,1.0955005541028737,0.043992240427104604,1.0147451705015114,24681357,canonical-shear-friction-v0.8.1
1e7304d9ea85124a00c5e9568ab591982e7dbe57c47073e2ebf9cc7c62fd66c5,ESM,IT-2009-0009,IT.AQG..HNN.D.IT-2009-0009.ACC.MP.ASC,confirmatory,3,nominal,true,1,1,0.050000000000000003,1,24681357,canonical-shear-friction-v0.8.1
e51426bbb1a3957efd4f3f5090b85b5a8ffb48be70d09078fd310e4cf0c72717,ESM,IT-2009-0009,IT.AQG..HNN.D.IT-2009-0009.ACC.MP.ASC,confirmatory,3,lhs-1,false,1.055345003920092,0.91186441049273859,0.058766975947465362,1.0991779467262428,24681357,canonical-shear-friction-v0.8.1
172db63d87ac8dce91aa8c35501c93d49f5b0638a92697e17e5b2ba0d848fb6e,ESM,IT-2009-0009,IT.AQG..HNN.D.IT-2009-0009.ACC.MP.ASC,confirmatory,3,lhs-2,false,0.93530801801650687,0.953478937041492,0.050077687460435838,0.94748395915337158,24681357,canonical-shear-friction-v0.8.1
5e3d9eb26cdda8dbda12990949b33bc8072774654e6c7e956e82c6fa755ee94b,ESM,IT-2009-0009,IT.AQG..HNN.D.IT-2009-0009.ACC.MP.ASC,confirmatory,3,lhs-3,false,0.98012715606141543,1.0955005541028737,0.043992240427104604,1.0147451705015114,24681357,canonical-shear-friction-v0.8.1
7ac39d6301826027b70f67ffafb5bf18ec4733228a647b79ec6645f3d3dcd45a,ESM,IT-2009-0009,IT.AQG..HNN.D.IT-2009-0009.ACC.MP.ASC,confirmatory,6,nominal,true,1,1,0.050000000000000003,1,24681357,canonical-shear-friction-v0.8.1
9c7fc40bee5484a92c35b8aa5fdac7676be43b348831ccd845f29b8fe91bec27,ESM,IT-2009-0009,IT.AQG..HNN.D.IT-2009-0009.ACC.MP.ASC,confirmatory,6,lhs-1,false,1.055345003920092,0.91186441049273859,0.058766975947465362,1.0991779467262428,24681357,canonical-shear-friction-v0.8.1
c77e7b8731d95a5960b38cdabc855e441eddb0937186fb165b0f344a80ff8b57,ESM,IT-2009-0009,IT.AQG..HNN.D.IT-2009-0009.ACC.MP.ASC,confirmatory,6,lhs-2,false,0.93530801801650687,0.953478937041492,0.050077687460435838,0.94748395915337158,24681357,canonical-shear-friction-v0.8.1
0a9e7f4b5aa6e0788a2b43b3b3570e42158f9758848792ba4859d783b319181c,ESM,IT-2009-0009,IT.AQG..HNN.D.IT-2009-0009.ACC.MP.ASC,confirmatory,6,lhs-3,false,0.98012715606141543,1.0955005541028737,0.043992240427104604,1.0147451705015114,24681357,canonical-shear-friction-v0.8.1
858f1b5c18b01e68ebebbef3056858385a9f08009f0a6b40fab14fcb3be70ecd,ESM,IT-2009-0009,IT.AQG..HNN.D.IT-2009-0009.ACC.MP.ASC,confirmatory,10,nominal,true,1,1,0.050000000000000003,1,24681357,canonical-shear-friction-v0.8.1
e58fe88c2e0a50c43b6523e3030ba4066fcb5fa42e98095188094ae82dd71052,ESM,IT-2009-0009,IT.AQG..HNN.D.IT-2009-0009.ACC.MP.ASC,confirmatory,10,lhs-1,false,1.055345003920092,0.91186441049273859,0.058766975947465362,1.0991779467262428,24681357,canonical-shear-friction-v0.8.1
2c515c58e3a02ebbca49897a21af605472422aabdd8f51d3c4844ff72d0c4ebe,ESM,IT-2009-0009,IT.AQG..HNN.D.IT-2009-0009.ACC.MP.ASC,confirmatory,10,lhs-2,false,0.93530801801650687,0.953478937041492,0.050077687460435838,0.94748395915337158,24681357,canonical-shear-friction-v0.8.1
1619f8d6d241639af62223c8c16470d0748141363cbc06fc6d313edbdfc357a5,ESM,IT-2009-0009,IT.AQG..HNN.D.IT-2009-0009.ACC.MP.ASC,confirmatory,10,lhs-3,false,0.98012715606141543,1.0955005541028737,0.043992240427104604,1.0147451705015114,24681357,canonical-shear-friction-v0.8.1
5537683c71ac324040f8dc2c77cb11241aa840e40c983861d7c5ab14bcd8388c,ESM,IT-2009-0009,IT.AQG..HNN.D.IT-2009-0009.ACC.MP.ASC,confirmatory,20,nominal,true,1,1,0.050000000000000003,1,24681357,canonical-shear-friction-v0.8.1
5045f81cfe0b15420e16ade47e9b43cf62efb18087f9395cdbfda51ed95fb186,ESM,IT-2009-0009,IT.AQG..HNN.D.IT-2009-0009.ACC.MP.ASC,confirmatory,20,lhs-1,false,1.055345003920092,0.91186441049273859,0.058766975947465362,1.0991779467262428,24681357,canonical-shear-friction-v0.8.1
229142a42cf84fa4b908655240f9e195c089cdf67b2c0b649a100ad3c13cbef8,ESM,IT-2009-0009,IT.AQG..HNN.D.IT-2009-0009.ACC.MP.ASC,confirmatory,20,lhs-2,false,0.93530801801650687,0.953478937041492,0.050077687460435838,0.94748395915337158,24681357,canonical-shear-friction-v0.8.1
e4ab981a29bc9ec52cade0788afc126eec0fd406e2918f799c9f1bb99b4b4653,ESM,IT-2009-0009,IT.AQG..HNN.D.IT-2009-0009.ACC.MP.ASC,confirmatory,20,lhs-3,false,0.98012715606141543,1.0955005541028737,0.043992240427104604,1.0147451705015114,24681357,canonical-shear-friction-v0.8.1
b195f94a375623a30c645f360e405971adfecc0e8beddb6076f4c90fc2115a0a,ESM,EMSC-20160824_0000006,IT.AMT..HGE.D.EMSC-20160824_0000006.ACC.MP.ASC,confirmatory,3,nominal,true,1,1,0.050000000000000003,1,24681357,canonical-shear-friction-v0.8.1
b9067571324c06b3333302d36dd7a3d8b81188faa03dcdb8c9e3b71d25648697,ESM,EMSC-20160824_0000006,IT.AMT..HGE.D.EMSC-20160824_0000006.ACC.MP.ASC,confirmatory,3,lhs-1,false,1.055345003920092,0.91186441049273859,0.058766975947465362,1.0991779467262428,24681357,canonical-shear-friction-v0.8.1
2dc8a3f92884d3c01d1e098d7929780e75da632843b8a4e53461710bdf557044,ESM,EMSC-20160824_0000006,IT.AMT..HGE.D.EMSC-20160824_0000006.ACC.MP.ASC,confirmatory,3,lhs-2,false,0.93530801801650687,0.953478937041492,0.050077687460435838,0.94748395915337158,24681357,canonical-shear-friction-v0.8.1
584fba8c8f021be2c22af8fd8868c531ded1fbea3967ca60f72337181c151d6f,ESM,EMSC-20160824_0000006,IT.AMT..HGE.D.EMSC-20160824_0000006.ACC.MP.ASC,confirmatory,3,lhs-3,false,0.98012715606141543,1.0955005541028737,0.043992240427104604,1.0147451705015114,24681357,canonical-shear-friction-v0.8.1
533821b7bdd8f9e92a492a3d7b493826b2c49146139e93c597e45b1f41a094a6,ESM,EMSC-20160824_0000006,IT.AMT..HGE.D.EMSC-20160824_0000006.ACC.MP.ASC,confirmatory,6,nominal,true,1,1,0.050000000000000003,1,24681357,canonical-shear-friction-v0.8.1
ac97e25c3f18d8e8de55c52f64aa97f71ec7d9899f6088b420b39b8728b5419f,ESM,EMSC-20160824_0000006,IT.AMT..HGE.D.EMSC-20160824_0000006.ACC.MP.ASC,confirmatory,6,lhs-1,false,1.055345003920092,0.91186441049273859,0.058766975947465362,1.0991779467262428,24681357,canonical-shear-friction-v0.8.1
8081657bda93a577d5b080a9b7011d5c44934e196feacf800ee33d2c38d4ddcf,ESM,EMSC-20160824_0000006,IT.AMT..HGE.D.EMSC-20160824_0000006.ACC.MP.ASC,confirmatory,6,lhs-2,false,0.93530801801650687,0.953478937041492,0.050077687460435838,0.94748395915337158,24681357,canonical-shear-friction-v0.8.1
b67006894799d1b7ba289cb690c51c940ac1f2be66f08f20da4d442cddd1b2cd,ESM,EMSC-20160824_0000006,IT.AMT..HGE.D.EMSC-20160824_0000006.ACC.MP.ASC,confirmatory,6,lhs-3,false,0.98012715606141543,1.0955005541028737,0.043992240427104604,1.0147451705015114,24681357,canonical-shear-friction-v0.8.1
661be8d0ee6e06ea21e877fa841e23c7eaad5a6345f1039fe24acbae98eb1403,ESM,EMSC-20160824_0000006,IT.AMT..HGE.D.EMSC-20160824_0000006.ACC.MP.ASC,confirmatory,10,nominal,true,1,1,0.050000000000000003,1,24681357,canonical-shear-friction-v0.8.1
282374e695e93d2df7f97f422cc0e9fa2daa1208f01867431692e81e70e1944c,ESM,EMSC-20160824_0000006,IT.AMT..HGE.D.EMSC-20160824_0000006.ACC.MP.ASC,confirmatory,10,lhs-1,false,1.055345003920092,0.91186441049273859,0.058766975947465362,1.0991779467262428,24681357,canonical-shear-friction-v0.8.1
a230e3613a9208220b3e723e53c50928307f1c69b76fc6cbb625c1f21477bebe,ESM,EMSC-20160824_0000006,IT.AMT..HGE.D.EMSC-20160824_0000006.ACC.MP.ASC,confirmatory,10,lhs-2,false,0.93530801801650687,0.953478937041492,0.050077687460435838,0.94748395915337158,24681357,canonical-shear-friction-v0.8.1
931ca5ae62704adba66632d27b816171b2aae6a153b2d68a7f0656a25086d4be,ESM,EMSC-20160824_0000006,IT.AMT..HGE.D.EMSC-20160824_0000006.ACC.MP.ASC,confirmatory,10,lhs-3,false,0.98012715606141543,1.0955005541028737,0.043992240427104604,1.0147451705015114,24681357,canonical-shear-friction-v0.8.1
8e311a72eea1bd496efc64a2b5250b88f39266132d78a78bb2d3cb676a643911,ESM,EMSC-20160824_0000006,IT.AMT..HGE.D.EMSC-20160824_0000006.ACC.MP.ASC,confirmatory,20,nominal,true,1,1,0.050000000000000003,1,24681357,canonical-shear-friction-v0.8.1
3c59a5304a35986394da598d9078176046c063d0701a59c6fa9030888fb1b605,ESM,EMSC-20160824_0000006,IT.AMT..HGE.D.EMSC-20160824_0000006.ACC.MP.ASC,confirmatory,20,lhs-1,false,1.055345003920092,0.91186441049273859,0.058766975947465362,1.0991779467262428,24681357,canonical-shear-friction-v0.8.1
87938d2b2694125ebd70a41b69cb36cc8d1032bef042a3573ee452160621bd11,ESM,EMSC-20160824_0000006,IT.AMT..HGE.D.EMSC-20160824_0000006.ACC.MP.ASC,confirmatory,20,lhs-2,false,0.93530801801650687,0.953478937041492,0.050077687460435838,0.94748395915337158,24681357,canonical-shear-friction-v0.8.1
d9a862e6bb645a5583bc0e2e703efc221b8d67221c60cf45f16c29e66e956c72,ESM,EMSC-20160824_0000006,IT.AMT..HGE.D.EMSC-20160824_0000006.ACC.MP.ASC,confirmatory,20,lhs-3,false,0.98012715606141543,1.0955005541028737,0.043992240427104604,1.0147451705015114,24681357,canonical-shear-friction-v0.8.1
48704ea052644d31ee71e31b99f6d71acb266de84abf844bf98ad5ec51d3a94d,ESM,EMSC-20160824_0000006,IT.NOR..HGE.D.EMSC-20160824_0000006.ACC.MP.ASC,confirmatory,3,nominal,true,1,1,0.050000000000000003,1,24681357,canonical-shear-friction-v0.8.1
5271559e7c60bac8ddf73458cbdd90d39e684310cd81e6d0f94a818e373ef3ab,ESM,EMSC-20160824_0000006,IT.NOR..HGE.D.EMSC-20160824_0000006.ACC.MP.ASC,confirmatory,3,lhs-1,false,1.055345003920092,0.91186441049273859,0.058766975947465362,1.0991779467262428,24681357,canonical-shear-friction-v0.8.1
e0064de783c3533c9a9c85258d95bea2c8cf79807094ab0d787d06446a45c154,ESM,EMSC-20160824_0000006,IT.NOR..HGE.D.EMSC-20160824_0000006.ACC.MP.ASC,confirmatory,3,lhs-2,false,0.93530801801650687,0.953478937041492,0.050077687460435838,0.94748395915337158,24681357,canonical-shear-friction-v0.8.1
5990308715c9fd24ebee7b4b9c29620d141773d21b11f64ce122ba2bde86768c,ESM,EMSC-20160824_0000006,IT.NOR..HGE.D.EMSC-20160824_0000006.ACC.MP.ASC,confirmatory,3,lhs-3,false,0.98012715606141543,1.0955005541028737,0.043992240427104604,1.0147451705015114,24681357,canonical-shear-friction-v0.8.1
71f63d29df4fd1f870d7737d887b0a8806f7ca45681d0ddbf2e862d2bf90adbc,ESM,EMSC-20160824_0000006,IT.NOR..HGE.D.EMSC-20160824_0000006.ACC.MP.ASC,confirmatory,6,nominal,true,1,1,0.050000000000000003,1,24681357,canonical-shear-friction-v0.8.1
b671a3a6ce74b3852c6de19f0766758c434786df801813d7caf62a40052be116,ESM,EMSC-20160824_0000006,IT.NOR..HGE.D.EMSC-20160824_0000006.ACC.MP.ASC,confirmatory,6,lhs-1,false,1.055345003920092,0.91186441049273859,0.058766975947465362,1.0991779467262428,24681357,canonical-shear-friction-v0.8.1
a1b865dc8c209a50b7b768cec1427416413f5ea356a30d4fe7403ddd2dce2a1e,ESM,EMSC-20160824_0000006,IT.NOR..HGE.D.EMSC-20160824_0000006.ACC.MP.ASC,confirmatory,6,lhs-2,false,0.93530801801650687,0.953478937041492,0.050077687460435838,0.94748395915337158,24681357,canonical-shear-friction-v0.8.1
efad6ac6e3c229601b32b9c4654e3d0313d2b13af490404239a5b16a7d0e7d23,ESM,EMSC-20160824_0000006,IT.NOR..HGE.D.EMSC-20160824_0000006.ACC.MP.ASC,confirmatory,6,lhs-3,false,0.98012715606141543,1.0955005541028737,0.043992240427104604,1.0147451705015114,24681357,canonical-shear-friction-v0.8.1
15277b94f6c2f0fd3ffb9459d443cd603774707c51453e488961c437c858808b,ESM,EMSC-20160824_0000006,IT.NOR..HGE.D.EMSC-20160824_0000006.ACC.MP.ASC,confirmatory,10,nominal,true,1,1,0.050000000000000003,1,24681357,canonical-shear-friction-v0.8.1
77c915beb05276fe3353285c2d271e4c22f2b74c4ae17e7ed544b392f614484c,ESM,EMSC-20160824_0000006,IT.NOR..HGE.D.EMSC-20160824_0000006.ACC.MP.ASC,confirmatory,10,lhs-1,false,1.055345003920092,0.91186441049273859,0.058766975947465362,1.0991779467262428,24681357,canonical-shear-friction-v0.8.1
9b426367546328983e6e46e97afeb229e7eaf5ff0a319f56ed7cdc51ec156134,ESM,EMSC-20160824_0000006,IT.NOR..HGE.D.EMSC-20160824_0000006.ACC.MP.ASC,confirmatory,10,lhs-2,false,0.93530801801650687,0.953478937041492,0.050077687460435838,0.94748395915337158,24681357,canonical-shear-friction-v0.8.1
9155d27fc5b59b263417cbeb1981d3309dd8f815f7b66e0779d36b1822abf2d0,ESM,EMSC-20160824_0000006,IT.NOR..HGE.D.EMSC-20160824_0000006.ACC.MP.ASC,confirmatory,10,lhs-3,false,0.98012715606141543,1.0955005541028737,0.043992240427104604,1.0147451705015114,24681357,canonical-shear-friction-v0.8.1
dbee251d735ea363cbbe057079418bb2ccecb4357025c953834164ee197e72a6,ESM,EMSC-20160824_0000006,IT.NOR..HGE.D.EMSC-20160824_0000006.ACC.MP.ASC,confirmatory,20,nominal,true,1,1,0.050000000000000003,1,24681357,canonical-shear-friction-v0.8.1
567851c75164cbca336d1197a24b41ea2e1b13f2575cdb454364e7c5f4da894e,ESM,EMSC-20160824_0000006,IT.NOR..HGE.D.EMSC-20160824_0000006.ACC.MP.ASC,confirmatory,20,lhs-1,false,1.055345003920092,0.91186441049273859,0.058766975947465362,1.0991779467262428,24681357,canonical-shear-friction-v0.8.1
79d6c5bd149007cdafa8c47cc0b11fe382329598c1db67e87ba217150cf266f0,ESM,EMSC-20160824_0000006,IT.NOR..HGE.D.EMSC-20160824_0000006.ACC.MP.ASC,confirmatory,20,lhs-2,false,0.93530801801650687,0.953478937041492,0.050077687460435838,0.94748395915337158,24681357,canonical-shear-friction-v0.8.1
83ad4749e5bf2d536decf19f7c11f255e13677d9910bfcfc7d1e4ae6b8dfaa65,ESM,EMSC-20160824_0000006,IT.NOR..HGE.D.EMSC-20160824_0000006.ACC.MP.ASC,confirmatory,20,lhs-3,false,0.98012715606141543,1.0955005541028737,0.043992240427104604,1.0147451705015114,24681357,canonical-shear-friction-v0.8.1
fd2f20ef24bc1d9b592026a3fff705caa4d3d93542d88b41f8915788ec180de8,ESM,EMSC-20160824_0000006,IT.NOR..HGN.D.EMSC-20160824_0000006.ACC.MP.ASC,confirmatory,3,nominal,true,1,1,0.050000000000000003,1,24681357,canonical-shear-friction-v0.8.1
c6d7ddd4207cae96e00298d8b0f466814305e709bab6c5a79731db1ff9fe0d61,ESM,EMSC-20160824_0000006,IT.NOR..HGN.D.EMSC-20160824_0000006.ACC.MP.ASC,confirmatory,3,lhs-1,false,1.055345003920092,0.91186441049273859,0.058766975947465362,1.0991779467262428,24681357,canonical-shear-friction-v0.8.1
3403152ac11c81e25d8f60abf5862f224bba4a5b7489ac2d478e3a311fdbec5c,ESM,EMSC-20160824_0000006,IT.NOR..HGN.D.EMSC-20160824_0000006.ACC.MP.ASC,confirmatory,3,lhs-2,false,0.93530801801650687,0.953478937041492,0.050077687460435838,0.94748395915337158,24681357,canonical-shear-friction-v0.8.1
66cd8c6598fdcaa1fb60eed734c31577a224c5b97e4ce15b9b9c84e092926d8f,ESM,EMSC-20160824_0000006,IT.NOR..HGN.D.EMSC-20160824_0000006.ACC.MP.ASC,confirmatory,3,lhs-3,false,0.98012715606141543,1.0955005541028737,0.043992240427104604,1.0147451705015114,24681357,canonical-shear-friction-v0.8.1
0cf1c36834db8c035d01fea194c075ed814ece64a5243e1f493bb74f7e6f214f,ESM,EMSC-20160824_0000006,IT.NOR..HGN.D.EMSC-20160824_0000006.ACC.MP.ASC,confirmatory,6,nominal,true,1,1,0.050000000000000003,1,24681357,canonical-shear-friction-v0.8.1
44dbc5143d362dc6200a0ab8f5a1b931ea65d1d4c593f2503714c875526fc4aa,ESM,EMSC-20160824_0000006,IT.NOR..HGN.D.EMSC-20160824_0000006.ACC.MP.ASC,confirmatory,6,lhs-1,false,1.055345003920092,0.91186441049273859,0.058766975947465362,1.0991779467262428,24681357,canonical-shear-friction-v0.8.1
ad44beb87ca7f97b59deb8780314cd0e4cf40c948c49d64565e6302e297a8508,ESM,EMSC-20160824_0000006,IT.NOR..HGN.D.EMSC-20160824_0000006.ACC.MP.ASC,confirmatory,6,lhs-2,false,0.93530801801650687,0.953478937041492,0.050077687460435838,0.94748395915337158,24681357,canonical-shear-friction-v0.8.1
2bef954f0b52a3c6381b0721062fa4f503a91654d5c9218c55d467b47ae7a48d,ESM,EMSC-20160824_0000006,IT.NOR..HGN.D.EMSC-20160824_0000006.ACC.MP.ASC,confirmatory,6,lhs-3,false,0.98012715606141543,1.0955005541028737,0.043992240427104604,1.0147451705015114,24681357,canonical-shear-friction-v0.8.1
7d694aa79365f5af87cadcd48d8af51e6fdf7dd8feba56682f99099678f6d620,ESM,EMSC-20160824_0000006,IT.NOR..HGN.D.EMSC-20160824_0000006.ACC.MP.ASC,confirmatory,10,nominal,true,1,1,0.050000000000000003,1,24681357,canonical-shear-friction-v0.8.1
a8ef56aaacb5069f01688ef918e861ee650dbe3d8fa4e4f939f1e7210711cbcd,ESM,EMSC-20160824_0000006,IT.NOR..HGN.D.EMSC-20160824_0000006.ACC.MP.ASC,confirmatory,10,lhs-1,false,1.055345003920092,0.91186441049273859,0.058766975947465362,1.0991779467262428,24681357,canonical-shear-friction-v0.8.1
005d1db4702413911ca9c6488a3a7848f196e7026df7069487c6d0186e9b24f3,ESM,EMSC-20160824_0000006,IT.NOR..HGN.D.EMSC-20160824_0000006.ACC.MP.ASC,confirmatory,10,lhs-2,false,0.93530801801650687,0.953478937041492,0.050077687460435838,0.94748395915337158,24681357,canonical-shear-friction-v0.8.1
f324e38d88198b62b77e36c9ebfb447ef7494724159dc4de29a1bcee7978fd99,ESM,EMSC-20160824_0000006,IT.NOR..HGN.D.EMSC-20160824_0000006.ACC.MP.ASC,confirmatory,10,lhs-3,false,0.98012715606141543,1.0955005541028737,0.043992240427104604,1.0147451705015114,24681357,canonical-shear-friction-v0.8.1
489d3b6d46154bfc0e784679edd87898bb52b2957fa564edd61069a9ade2526d,ESM,EMSC-20160824_0000006,IT.NOR..HGN.D.EMSC-20160824_0000006.ACC.MP.ASC,confirmatory,20,nominal,true,1,1,0.050000000000000003,1,24681357,canonical-shear-friction-v0.8.1
2650316c44a6dc72f529d831278c948cdd222d0dba8f7cd489d3074966dde917,ESM,EMSC-20160824_0000006,IT.NOR..HGN.D.EMSC-20160824_0000006.ACC.MP.ASC,confirmatory,20,lhs-1,false,1.055345003920092,0.91186441049273859,0.058766975947465362,1.0991779467262428,24681357,canonical-shear-friction-v0.8.1
1b25cbdcae417fb0801a92d4515d2e5b14337c4b39ba91418d36fd8796795d9d,ESM,EMSC-20160824_0000006,IT.NOR..HGN.D.EMSC-20160824_0000006.ACC.MP.ASC,confirmatory,20,lhs-2,false,0.93530801801650687,0.953478937041492,0.050077687460435838,0.94748395915337158,24681357,canonical-shear-friction-v0.8.1
80efa8f48e204f633dd334932224ec3b31b3a26e54232627540bd3ab80a2bebd,ESM,EMSC-20160824_0000006,IT.NOR..HGN.D.EMSC-20160824_0000006.ACC.MP.ASC,confirmatory,20,lhs-3,false,0.98012715606141543,1.0955005541028737,0.043992240427104604,1.0147451705015114,24681357,canonical-shear-friction-v0.8.1
db4aac56f12ad65d5e707061f9005c3a0d11789c684d2ec223e058e66272c304,ESM,EMSC-20160824_0000006,IT.FOC..HGE.D.EMSC-20160824_0000006.ACC.MP.ASC,confirmatory,3,nominal,true,1,1,0.050000000000000003,1,24681357,canonical-shear-friction-v0.8.1
2ac63bd566baf20a3bff4a15db1ddabf1d4b14c4097d379c9a784f8b76bf7de9,ESM,EMSC-20160824_0000006,IT.FOC..HGE.D.EMSC-20160824_0000006.ACC.MP.ASC,confirmatory,3,lhs-1,false,1.055345003920092,0.91186441049273859,0.058766975947465362,1.0991779467262428,24681357,canonical-shear-friction-v0.8.1
ee051b8ad5c284d6db9d58b27f3627799d95f51914f89b68b0f271240436c845,ESM,EMSC-20160824_0000006,IT.FOC..HGE.D.EMSC-20160824_0000006.ACC.MP.ASC,confirmatory,3,lhs-2,false,0.93530801801650687,0.953478937041492,0.050077687460435838,0.94748395915337158,24681357,canonical-shear-friction-v0.8.1
10994e33374f83035b3634f41df0902ed5bd4d2947a22f968178ed39016eb44d,ESM,EMSC-20160824_0000006,IT.FOC..HGE.D.EMSC-20160824_0000006.ACC.MP.ASC,confirmatory,3,lhs-3,false,0.98012715606141543,1.0955005541028737,0.043992240427104604,1.0147451705015114,24681357,canonical-shear-friction-v0.8.1
dbad07e4f5f5f459b332515a45834731cf92abaa3722467072fda2082bcd41e2,ESM,EMSC-20160824_0000006,IT.FOC..HGE.D.EMSC-20160824_0000006.ACC.MP.ASC,confirmatory,6,nominal,true,1,1,0.050000000000000003,1,24681357,canonical-shear-friction-v0.8.1
7c8873fa8f5072ddb271215f38d86e5e00af8acc2b8df76598fa14b3ac99d61b,ESM,EMSC-20160824_0000006,IT.FOC..HGE.D.EMSC-20160824_0000006.ACC.MP.ASC,confirmatory,6,lhs-1,false,1.055345003920092,0.91186441049273859,0.058766975947465362,1.0991779467262428,24681357,canonical-shear-friction-v0.8.1
6ab57075e3a53e1c9f004930d5cb10a4a97f500642e3c7ec7604465a0c43ae7f,ESM,EMSC-20160824_0000006,IT.FOC..HGE.D.EMSC-20160824_0000006.ACC.MP.ASC,confirmatory,6,lhs-2,false,0.93530801801650687,0.953478937041492,0.050077687460435838,0.94748395915337158,24681357,canonical-shear-friction-v0.8.1
115ccdb41b58c380c5ee7ca646b57cb0a2b1ccce3479795ff54d7de462880258,ESM,EMSC-20160824_0000006,IT.FOC..HGE.D.EMSC-20160824_0000006.ACC.MP.ASC,confirmatory,6,lhs-3,false,0.98012715606141543,1.0955005541028737,0.043992240427104604,1.0147451705015114,24681357,canonical-shear-friction-v0.8.1
c9171799becbb42716e217e647e8e581bbe5d96106f2218262df29acf48e09c6,ESM,EMSC-20160824_0000006,IT.FOC..HGE.D.EMSC-20160824_0000006.ACC.MP.ASC,confirmatory,10,nominal,true,1,1,0.050000000000000003,1,24681357,canonical-shear-friction-v0.8.1
95e81fb4e28740e13692797e63360539c5a00e3338915e025a414cea6269b6da,ESM,EMSC-20160824_0000006,IT.FOC..HGE.D.EMSC-20160824_0000006.ACC.MP.ASC,confirmatory,10,lhs-1,false,1.055345003920092,0.91186441049273859,0.058766975947465362,1.0991779467262428,24681357,canonical-shear-friction-v0.8.1
5489c22728a8ef5544b7f9a1722dd9d2056bc5f324d4ead85e06b4cb5dff019e,ESM,EMSC-20160824_0000006,IT.FOC..HGE.D.EMSC-20160824_0000006.ACC.MP.ASC,confirmatory,10,lhs-2,false,0.93530801801650687,0.953478937041492,0.050077687460435838,0.94748395915337158,24681357,canonical-shear-friction-v0.8.1
bf1b5d23dce2185abec10dbd23e8de1997d49fd3804e2be9ffe6da01e18bd897,ESM,EMSC-20160824_0000006,IT.FOC..HGE.D.EMSC-20160824_0000006.ACC.MP.ASC,confirmatory,10,lhs-3,false,0.98012715606141543,1.0955005541028737,0.043992240427104604,1.0147451705015114,24681357,canonical-shear-friction-v0.8.1
4c1a1f49404c337bd5107e02ce40f6cffc5e397c2c3a4b2e7b57a7f2a8cbe669,ESM,EMSC-20160824_0000006,IT.FOC..HGE.D.EMSC-20160824_0000006.ACC.MP.ASC,confirmatory,20,nominal,true,1,1,0.050000000000000003,1,24681357,canonical-shear-friction-v0.8.1
b7a448bcd7e04f7687ab0b3dcbf74140614569ee02d8e9d4d639f6fb90764137,ESM,EMSC-20160824_0000006,IT.FOC..HGE.D.EMSC-20160824_0000006.ACC.MP.ASC,confirmatory,20,lhs-1,false,1.055345003920092,0.91186441049273859,0.058766975947465362,1.0991779467262428,24681357,canonical-shear-friction-v0.8.1
605448d68760f853b27dc78fcaa118925db28414aa4f5d383c3b9a22e4952a3c,ESM,EMSC-20160824_0000006,IT.FOC..HGE.D.EMSC-20160824_0000006.ACC.MP.ASC,confirmatory,20,lhs-2,false,0.93530801801650687,0.953478937041492,0.050077687460435838,0.94748395915337158,24681357,canonical-shear-friction-v0.8.1
7e235e19fa26368699797f763243aeca480cfbf8c835b7c3976241b709061c48,ESM,EMSC-20160824_0000006,IT.FOC..HGE.D.EMSC-20160824_0000006.ACC.MP.ASC,confirmatory,20,lhs-3,false,0.98012715606141543,1.0955005541028737,0.043992240427104604,1.0147451705015114,24681357,canonical-shear-friction-v0.8.1
